Attempt_ID,Participant,Device_name,Expertise,Success,Tercile,Phase_duration_ms,Fixation_count,Fixation_rate,Mean_fixation_duration_ms
P1_T1_DEVICE2-1_1,P1,ATG,Expert,0,1,60918.0,42,0.6894513936767458,645.0238095238095
P1_T1_DEVICE2-1_1,P1,ATG,Expert,0,2,60918.0,0,0.0,
P1_T1_DEVICE2-1_1,P1,ATG,Expert,0,3,60918.0,20,0.328310187465117,704.25
P1_T2_DEVICE3-1_2,P1,CON,Expert,1,1,47501.0,67,1.410496621123766,331.6119402985075
P1_T2_DEVICE3-1_2,P1,CON,Expert,1,2,47501.0,45,0.9473484768741712,872.6
P1_T2_DEVICE3-1_2,P1,CON,Expert,1,3,47501.0,5,0.1052609418749079,1803.2
P1_T3_DEVICE1-1_3,P1,MST,Expert,1,1,84804.0,39,0.4598839677373709,637.5641025641025
P1_T3_DEVICE1-1_3,P1,MST,Expert,1,2,84804.0,0,0.0,
P1_T3_DEVICE1-1_3,P1,MST,Expert,1,3,84804.0,17,0.2004622423470591,553.9411764705883
P1_T4_DEVICE1-2_4,P1,MST,Expert,1,1,61807.0,24,0.3883055317358875,802.2916666666666
P1_T4_DEVICE1-2_4,P1,MST,Expert,1,2,61807.0,0,0.0,
P1_T4_DEVICE1-2_4,P1,MST,Expert,1,3,61807.0,16,0.2588703544905916,554.6875
P1_T5_DEVICE3-2_5,P1,CON,Expert,1,1,46239.0,24,0.5190423668331928,505.0833333333333
P1_T5_DEVICE3-2_5,P1,CON,Expert,1,2,46239.0,34,0.7353100196803565,466.7058823529412
P1_T5_DEVICE3-2_5,P1,CON,Expert,1,3,46239.0,2,0.0432535305694327,601.0
P1_T6_DEVICE2-2_6,P1,ATG,Expert,1,1,37756.33333333337,37,0.9799680406819156,473.72972972972974
P1_T6_DEVICE2-2_6,P1,ATG,Expert,1,2,37756.333333333256,1,0.0264856227211329,3726.0
P1_T6_DEVICE2-2_6,P1,ATG,Expert,1,3,37756.33333333337,13,0.344313095374727,564.1538461538462
P1_T7_DEVICE3-3_7,P1,CON,Expert,1,1,30788.0,34,1.1043263609198388,461.3529411764706
P1_T7_DEVICE3-3_7,P1,CON,Expert,1,2,30788.0,11,0.3572820579446538,608.1818181818181
P1_T7_DEVICE3-3_7,P1,CON,Expert,1,3,30788.0,6,0.1948811225152656,774.6666666666666
P1_T8_DEVICE2-3_8,P1,ATG,Expert,1,1,53629.333333333256,18,0.3356372134652682,320.55555555555554
P1_T8_DEVICE2-3_8,P1,ATG,Expert,1,2,53629.33333333349,34,0.6339814032121706,671.1176470588235
P1_T8_DEVICE2-3_8,P1,ATG,Expert,1,3,53629.333333333256,12,0.2237581423101788,704.5
P1_T9_DEVICE1-3_9,P1,MST,Expert,1,1,62804.0,34,0.5413667919240812,894.3823529411765
P1_T9_DEVICE1-3_9,P1,MST,Expert,1,2,62804.0,12,0.1910706324437933,227.08333333333331
P1_T9_DEVICE1-3_9,P1,MST,Expert,1,3,62804.0,4,0.0636902108145977,1112.0
P1_T10_DEVICE3-4_10,P1,CON,Expert,1,1,56105.333333333256,6,0.1069417048884243,197.0
P1_T10_DEVICE3-4_10,P1,CON,Expert,1,2,56105.33333333349,74,1.3189476936238942,295.05405405405406
P1_T10_DEVICE3-4_10,P1,CON,Expert,1,3,56105.333333333256,20,0.356472349628081,531.0
P1_T11_DEVICE1-4_11,P1,MST,Expert,1,1,49512.0,34,0.6867022136047827,922.7352941176472
P1_T11_DEVICE1-4_11,P1,MST,Expert,1,2,49512.0,0,0.0,
P1_T11_DEVICE1-4_11,P1,MST,Expert,1,3,49512.0,2,0.0403942478591048,3837.0
P1_T12_DEVICE2-4_12,P1,ATG,Expert,1,1,24322.0,23,0.9456459172765398,688.1739130434783
P1_T12_DEVICE2-4_12,P1,ATG,Expert,1,2,24322.0,2,0.0822300797631773,861.5
P1_T12_DEVICE2-4_12,P1,ATG,Expert,1,3,24322.0,11,0.4522654386974755,619.2727272727273
P1_T13_DEVICE1-5_13,P1,MST,Expert,1,1,56467.0,27,0.4781553827899481,653.0
P1_T13_DEVICE1-5_13,P1,MST,Expert,1,2,56467.0,1,0.0177094586218499,120.0
P1_T13_DEVICE1-5_13,P1,MST,Expert,1,3,56467.0,2,0.0354189172436998,1973.5
P1_T14_DEVICE2-5_14,P1,ATG,Expert,1,1,41314.66666666651,37,0.8955657393661688,331.8918918918919
P1_T14_DEVICE2-5_14,P1,ATG,Expert,1,2,41314.66666666698,21,0.5082940682889008,816.6666666666666
P1_T14_DEVICE2-5_14,P1,ATG,Expert,1,3,41314.66666666651,0,0.0,
P1_T15_DEVICE3-5_15,P1,CON,Expert,1,1,23319.33333333349,11,0.4717115983876008,453.6363636363636
P1_T15_DEVICE3-5_15,P1,CON,Expert,1,2,23319.333333333023,11,0.4717115983876102,1368.0
P1_T15_DEVICE3-5_15,P1,CON,Expert,1,3,23319.33333333349,3,0.1286486177420729,841.6666666666666
P10_T1_DEVICE3-1_121,P10,CON,Intermediate,1,1,37433.333333333336,39,1.0418521816562778,815.7948717948718
P10_T1_DEVICE3-1_121,P10,CON,Intermediate,1,2,37433.333333333336,11,0.2938557435440783,2169.2727272727275
P10_T1_DEVICE3-1_121,P10,CON,Intermediate,1,3,37433.33333333333,24,0.641139804096171,251.375
P10_T2_DEVICE2-1_122,P10,ATG,Intermediate,1,1,68256.0,135,1.9778481012658229,501.4518518518519
P10_T2_DEVICE2-1_122,P10,ATG,Intermediate,1,2,68256.0,168,2.461322081575246,208.53571428571428
P10_T2_DEVICE2-1_122,P10,ATG,Intermediate,1,3,68256.0,67,0.98159868729489,295.3880597014925
P10_T3_DEVICE1-1_123,P10,MST,Intermediate,1,1,51293.333333333314,24,0.467897062646218,717.0833333333334
P10_T3_DEVICE1-1_123,P10,MST,Intermediate,1,2,51293.33333333337,4,0.0779828437743695,14421.25
P10_T3_DEVICE1-1_123,P10,MST,Intermediate,1,3,51293.333333333314,0,0.0,
P10_T4_DEVICE1-2_124,P10,MST,Intermediate,1,1,50482.66666666663,79,1.5648935608261592,351.7848101265823
P10_T4_DEVICE1-2_124,P10,MST,Intermediate,1,2,50482.66666666674,35,0.6933072737837399,554.7142857142857
P10_T4_DEVICE1-2_124,P10,MST,Intermediate,1,3,50482.66666666663,3,0.0594263377528921,2084.0
P10_T5_DEVICE3-2_125,P10,CON,Intermediate,0,1,42391.33333333337,52,1.2266658279208005,1664.8076923076924
P10_T5_DEVICE3-2_125,P10,CON,Intermediate,0,2,42391.333333333256,81,1.910767924261252,622.5925925925926
P10_T5_DEVICE3-2_125,P10,CON,Intermediate,0,3,42391.33333333337,27,0.6369226414204155,1412.8148148148148
P10_T6_DEVICE2-2_126,P10,ATG,Intermediate,0,1,49025.33333333337,119,2.427316489434032,204.9915966386555
P10_T6_DEVICE2-2_126,P10,ATG,Intermediate,0,2,49025.333333333256,56,1.1422665832630767,133.01785714285714
P10_T6_DEVICE2-2_126,P10,ATG,Intermediate,0,3,49025.33333333337,123,2.508906959667109,176.33333333333334
P10_T7_DEVICE3-3_127,P10,CON,Intermediate,1,1,30791.333333333256,57,1.851170242708992,138.50877192982455
P10_T7_DEVICE3-3_127,P10,CON,Intermediate,1,2,30791.33333333349,79,2.5656570030527943,236.873417721519
P10_T7_DEVICE3-3_127,P10,CON,Intermediate,1,3,30791.333333333256,0,0.0,
P10_T8_DEVICE2-3_128,P10,ATG,Intermediate,0,1,59527.333333333256,47,0.789553258447101,751.531914893617
P10_T8_DEVICE2-3_128,P10,ATG,Intermediate,0,2,59527.33333333349,90,1.511910494898698,459.9
P10_T8_DEVICE2-3_128,P10,ATG,Intermediate,0,3,59527.333333333256,92,1.545508505896453,228.17391304347825
P10_T9_DEVICE1-3_129,P10,MST,Intermediate,0,1,65707.33333333326,58,0.8827020829739969,226.20689655172413
P10_T9_DEVICE1-3_129,P10,MST,Intermediate,0,2,65707.33333333349,0,0.0,
P10_T9_DEVICE1-3_129,P10,MST,Intermediate,0,3,65707.33333333326,0,0.0,
P10_T10_DEVICE1-3_130,P10,MST,Intermediate,0,1,90600.66666666674,172,1.8984407767418916,180.96511627906975
P10_T10_DEVICE1-3_130,P10,MST,Intermediate,0,2,90600.66666666653,3,0.0331123391292191,207.0
P10_T10_DEVICE1-3_130,P10,MST,Intermediate,0,3,90600.66666666674,18,0.1986740347753142,3087.777777777778
P10_T11_DEVICE3-4_131,P10,CON,Intermediate,1,1,34539.333333333256,97,2.808392364261042,183.5979381443299
P10_T11_DEVICE3-4_131,P10,CON,Intermediate,1,2,34539.33333333349,89,2.5767723754559904,201.0561797752809
P10_T11_DEVICE3-4_131,P10,CON,Intermediate,1,3,34539.333333333256,1,0.0289524986006293,60.0
P10_T12_DEVICE1-4_132,P10,MST,Intermediate,1,1,64413.0,22,0.3415459612190086,1217.590909090909
P10_T12_DEVICE1-4_132,P10,MST,Intermediate,1,2,64413.0,4,0.0620992656761833,3926.75
P10_T12_DEVICE1-4_132,P10,MST,Intermediate,1,3,64413.0,0,0.0,
P10_T13_DEVICE2-4_133,P10,ATG,Intermediate,1,1,35814.666666666664,33,0.9214102229998884,612.5757575757576
P10_T13_DEVICE2-4_133,P10,ATG,Intermediate,1,2,35814.666666666664,25,0.6980380477271881,1535.52
P10_T13_DEVICE2-4_133,P10,ATG,Intermediate,1,3,35814.66666666667,1,0.0279215219090875,1082.0
P10_T14_DEVICE3-5_134,P10,CON,Intermediate,1,1,19552.666666666657,31,1.5854614886290028,923.516129032258
P10_T14_DEVICE3-5_134,P10,CON,Intermediate,1,2,19552.66666666669,39,1.9946128405332588,418.56410256410254
P10_T14_DEVICE3-5_134,P10,CON,Intermediate,1,3,19552.666666666657,59,3.0174912202939086,199.66101694915253
P10_T15_DEVICE1-5_135,P10,MST,Intermediate,1,1,52614.333333333314,14,0.2660871879019026,5072.142857142857
P10_T15_DEVICE1-5_135,P10,MST,Intermediate,1,2,52614.33333333337,0,0.0,
P10_T15_DEVICE1-5_135,P10,MST,Intermediate,1,3,52614.333333333314,6,0.1140373662436725,393.8333333333333
P10_T16_DEVICE2-5_136,P10,ATG,Intermediate,1,1,69354.66666666663,37,0.5334896954783146,2189.864864864865
P10_T16_DEVICE2-5_136,P10,ATG,Intermediate,1,2,69354.66666666674,123,1.773492771454935,593.869918699187
P10_T16_DEVICE2-5_136,P10,ATG,Intermediate,1,3,69354.66666666663,52,0.749769301753307,749.0576923076923
P11_T1_DEVICE2-1_137,P11,ATG,Intermediate,1,1,49349.66666666666,15,0.3039534208268885,2130.4666666666667
P11_T1_DEVICE2-1_137,P11,ATG,Intermediate,1,2,49349.66666666667,9,0.182372052496133,7088.444444444444
P11_T1_DEVICE2-1_137,P11,ATG,Intermediate,1,3,49349.66666666667,3,0.0607906841653776,1482.3333333333333
P11_T2_DEVICE1-1_138,P11,MST,Intermediate,1,1,94857.0,26,0.2740967983385517,3605.769230769231
P11_T2_DEVICE1-1_138,P11,MST,Intermediate,1,2,94857.0,4,0.042168738205931,3020.25
P11_T2_DEVICE1-1_138,P11,MST,Intermediate,1,3,94857.0,0,0.0,
P11_T3_DEVICE3-1_139,P11,CON,Intermediate,1,1,42718.666666666686,8,0.187271762539405,490.75
P11_T3_DEVICE3-1_139,P11,CON,Intermediate,1,2,42718.66666666663,12,0.2809076438091079,2347.6666666666665
P11_T3_DEVICE3-1_139,P11,CON,Intermediate,1,3,42718.666666666686,0,0.0,
P11_T4_DEVICE3-2_140,P11,CON,Intermediate,1,1,36349.333333333314,12,0.3301298510747563,669.5
P11_T4_DEVICE3-2_140,P11,CON,Intermediate,1,2,36349.33333333337,6,0.1650649255373778,4441.5
P11_T4_DEVICE3-2_140,P11,CON,Intermediate,1,3,36349.333333333314,0,0.0,
P11_T5_DEVICE2-2_141,P11,ATG,Intermediate,0,1,33748.66666666663,13,0.3852004029788835,810.5384615384615
P11_T5_DEVICE2-2_141,P11,ATG,Intermediate,0,2,33748.666666666744,6,0.1777848013748687,4524.833333333333
P11_T5_DEVICE2-2_141,P11,ATG,Intermediate,0,3,33748.66666666663,0,0.0,
P11_T6_DEVICE1-2_142,P11,MST,Intermediate,1,1,82564.66666666663,8,0.0968937479309148,5322.25
P11_T6_DEVICE1-2_142,P11,MST,Intermediate,1,2,82564.66666666674,9,0.109005466422279,2597.777777777778
P11_T6_DEVICE1-2_142,P11,MST,Intermediate,1,3,82564.66666666663,2,0.0242234369827287,871.5
P11_T7_DEVICE3-3_143,P11,CON,Intermediate,1,1,33651.66666666663,7,0.2080134713486209,529.4285714285714
P11_T7_DEVICE3-3_143,P11,CON,Intermediate,1,2,33651.666666666744,6,0.1782972611559601,4364.5
P11_T7_DEVICE3-3_143,P11,CON,Intermediate,1,3,33651.66666666663,0,0.0,
P11_T8_DEVICE2-3_144,P11,ATG,Intermediate,0,1,44275.333333333256,12,0.2710312739975611,1225.4166666666667
P11_T8_DEVICE2-3_144,P11,ATG,Intermediate,0,2,44275.33333333349,1,0.0225859394997966,25226.0
P11_T8_DEVICE2-3_144,P11,ATG,Intermediate,0,3,44275.333333333256,2,0.0451718789995935,2795.0
P11_T9_DEVICE1-3_145,P11,MST,Intermediate,1,1,60167.333333333256,8,0.1329625156507962,4941.125
P11_T9_DEVICE1-3_145,P11,MST,Intermediate,1,2,60167.33333333349,0,0.0,
P11_T9_DEVICE1-3_145,P11,MST,Intermediate,1,3,60167.333333333256,0,0.0,
P11_T10_DEVICE3-4_146,P11,CON,Intermediate,1,1,28868.666666666744,7,0.242477426506246,1087.571428571429
P11_T10_DEVICE3-4_146,P11,CON,Intermediate,1,2,28868.66666666651,3,0.1039188970741062,8348.666666666666
P11_T10_DEVICE3-4_146,P11,CON,Intermediate,1,3,28868.666666666744,0,0.0,
P11_T11_DEVICE1-4_147,P11,MST,Intermediate,1,1,54069.333333333256,9,0.1664529492996648,4454.888888888889
P11_T11_DEVICE1-4_147,P11,MST,Intermediate,1,2,54069.33333333349,0,0.0,
P11_T11_DEVICE1-4_147,P11,MST,Intermediate,1,3,54069.333333333256,1,0.0184947721444072,401.0
P11_T12_DEVICE2-4_148,P11,ATG,Intermediate,0,1,31780.0,4,0.1258653241032095,11280.5
P11_T12_DEVICE2-4_148,P11,ATG,Intermediate,0,2,31780.0,0,0.0,
P11_T12_DEVICE2-4_148,P11,ATG,Intermediate,0,3,31780.0,0,0.0,
P11_T13_DEVICE3-5_149,P11,CON,Intermediate,1,1,31237.333333333256,4,0.1280519037049687,2008.5
P11_T13_DEVICE3-5_149,P11,CON,Intermediate,1,2,31237.33333333349,3,0.0960389277787258,9564.0
P11_T13_DEVICE3-5_149,P11,CON,Intermediate,1,3,31237.333333333256,0,0.0,
P11_T14_DEVICE1-5_150,P11,MST,Intermediate,1,1,71550.66666666651,7,0.0978327711831245,4974.571428571428
P11_T14_DEVICE1-5_150,P11,MST,Intermediate,1,2,71550.66666666698,1,0.0139761101690176,11161.0
P11_T14_DEVICE1-5_150,P11,MST,Intermediate,1,3,71550.66666666651,3,0.0419283305070533,300.3333333333333
P11_T15_DEVICE2-5_151,P11,ATG,Intermediate,0,1,44067.33333333349,8,0.1815403700397869,751.5
P11_T15_DEVICE2-5_151,P11,ATG,Intermediate,0,2,44067.33333333302,3,0.0680776387649208,16289.333333333334
P11_T15_DEVICE2-5_151,P11,ATG,Intermediate,0,3,44067.33333333349,0,0.0,
P12_T1_DEVICE1-1_152,P12,MST,Expert,1,1,47153.0,44,0.9331325684473948,564.0454545454545
P12_T1_DEVICE1-1_152,P12,MST,Expert,1,2,47153.0,0,0.0,
P12_T1_DEVICE1-1_152,P12,MST,Expert,1,3,47153.0,0,0.0,
P12_T2_DEVICE3-1_153,P12,CON,Expert,1,1,27879.666666666657,27,0.968447733712742,282.77777777777777
P12_T2_DEVICE3-1_153,P12,CON,Expert,1,2,27879.666666666657,37,1.327132079532276,552.8378378378378
P12_T2_DEVICE3-1_153,P12,CON,Expert,1,3,27879.66666666669,4,0.1434737383278135,145.25
P12_T3_DEVICE2-1_154,P12,ATG,Expert,1,1,40192.0,46,1.1445063694267517,312.2826086956522
P12_T3_DEVICE2-1_154,P12,ATG,Expert,1,2,40192.0,23,0.5722531847133758,669.9130434782609
P12_T3_DEVICE2-1_154,P12,ATG,Expert,1,3,40192.0,0,0.0,
P12_T4_DEVICE2-2_155,P12,ATG,Expert,1,1,26684.0,34,1.2741717883375805,365.3529411764706
P12_T4_DEVICE2-2_155,P12,ATG,Expert,1,2,26684.0,32,1.199220506670664,298.625
P12_T4_DEVICE2-2_155,P12,ATG,Expert,1,3,26684.0,0,0.0,
P12_T5_DEVICE1-2_156,P12,MST,Expert,1,1,37265.33333333337,59,1.5832409030734536,330.06779661016947
P12_T5_DEVICE1-2_156,P12,MST,Expert,1,2,37265.333333333256,8,0.2146767326201299,373.125
P12_T5_DEVICE1-2_156,P12,MST,Expert,1,3,37265.33333333337,0,0.0,
P12_T6_DEVICE3-2_157,P12,CON,Expert,1,1,15111.0,4,0.2647078287340348,335.75
P12_T6_DEVICE3-2_157,P12,CON,Expert,1,2,15111.0,38,2.51472437297333,299.9736842105263
P12_T6_DEVICE3-2_157,P12,CON,Expert,1,3,15111.0,0,0.0,
P12_T7_DEVICE1-3_158,P12,MST,Expert,1,1,42382.0,12,0.2831390684724647,1444.25
P12_T7_DEVICE1-3_158,P12,MST,Expert,1,2,42382.0,4,0.0943796894908215,776.25
P12_T7_DEVICE1-3_158,P12,MST,Expert,1,3,42382.0,0,0.0,
P12_T8_DEVICE2-3_159,P12,ATG,Expert,1,1,28117.33333333337,15,0.5334787556904393,822.7333333333333
P12_T8_DEVICE2-3_159,P12,ATG,Expert,1,2,28117.333333333256,0,0.0,
P12_T8_DEVICE2-3_159,P12,ATG,Expert,1,3,28117.33333333337,0,0.0,
P12_T9_DEVICE3-3_160,P12,CON,Expert,1,1,18941.33333333337,10,0.5279459383359133,468.7
P12_T9_DEVICE3-3_160,P12,CON,Expert,1,2,18941.33333333337,3,0.158383781500774,4140.666666666667
P12_T9_DEVICE3-3_160,P12,CON,Expert,1,3,18941.333333333256,0,0.0,
P12_T10_DEVICE1-4_161,P12,MST,Expert,1,1,29055.333333333256,7,0.2409196246242807,692.7142857142857
P12_T10_DEVICE1-4_161,P12,MST,Expert,1,2,29055.33333333349,0,0.0,
P12_T10_DEVICE1-4_161,P12,MST,Expert,1,3,29055.333333333256,0,0.0,
P12_T11_DEVICE3-4_162,P12,CON,Expert,1,1,13412.333333333256,4,0.298232969654797,2429.5
P12_T11_DEVICE3-4_162,P12,CON,Expert,1,2,13412.333333333489,1,0.0745582424136979,281.0
P12_T11_DEVICE3-4_162,P12,CON,Expert,1,3,13412.333333333256,0,0.0,
P12_T12_DEVICE2-4_163,P12,ATG,Expert,1,1,19606.333333333256,1,0.0510039273024024,5029.0
P12_T12_DEVICE2-4_163,P12,ATG,Expert,1,2,19606.33333333349,9,0.4590353457216169,1073.0
P12_T12_DEVICE2-4_163,P12,ATG,Expert,1,3,19606.333333333256,0,0.0,
P12_T13_DEVICE3-5_164,P12,CON,Expert,1,1,14072.0,13,0.923820352472996,391.38461538461536
P12_T13_DEVICE3-5_164,P12,CON,Expert,1,2,14072.0,4,0.2842524161455372,2208.75
P12_T13_DEVICE3-5_164,P12,CON,Expert,1,3,14072.0,0,0.0,
P12_T14_DEVICE1-5_165,P12,MST,Expert,1,1,33698.0,10,0.2967535165291708,1486.7
P12_T14_DEVICE1-5_165,P12,MST,Expert,1,2,33698.0,0,0.0,
P12_T14_DEVICE1-5_165,P12,MST,Expert,1,3,33698.0,0,0.0,
P12_T15_DEVICE2-5_166,P12,ATG,Expert,1,1,52597.66666666674,26,0.4943185058906281,601.8076923076923
P12_T15_DEVICE2-5_166,P12,ATG,Expert,1,2,52597.66666666651,4,0.0760490009062508,801.5
P12_T15_DEVICE2-5_166,P12,ATG,Expert,1,3,52597.66666666674,13,0.247159252945314,1074.076923076923
P13_T1_DEVICE2-1_167,P13,ATG,Novice,1,1,57588.33333333334,96,1.6670043122160156,676.8125
P13_T1_DEVICE2-1_167,P13,ATG,Novice,1,2,57588.33333333334,22,0.3820218215495036,2129.318181818182
P13_T1_DEVICE2-1_167,P13,ATG,Novice,1,3,57588.333333333314,34,0.5903973605765058,869.1176470588235
P13_T2_DEVICE3-1_168,P13,CON,Novice,0,1,57028.333333333314,138,2.419849782271971,750.0217391304348
P13_T2_DEVICE3-1_168,P13,CON,Novice,0,2,57028.33333333337,117,2.0516117719262343,766.5128205128206
P13_T2_DEVICE3-1_168,P13,CON,Novice,0,3,57028.333333333314,29,0.5085191571441098,1557.2068965517242
P13_T3_DEVICE1-1_169,P13,MST,Novice,1,1,71947.0,135,1.876381225068453,638.4296296296296
P13_T3_DEVICE1-1_169,P13,MST,Novice,1,2,71947.0,37,0.5142674468706131,1040.7837837837835
P13_T3_DEVICE1-1_169,P13,MST,Novice,1,3,71947.0,53,0.7366533698416889,912.9245283018868
P13_T4_DEVICE1-2_170,P13,MST,Novice,1,1,74139.33333333333,103,1.3892760478018866,695.0194174757281
P13_T4_DEVICE1-2_170,P13,MST,Novice,1,2,74139.33333333333,15,0.2023217545342553,2682.133333333333
P13_T4_DEVICE1-2_170,P13,MST,Novice,1,3,74139.33333333334,65,0.876727602981773,1002.0153846153846
P13_T5_DEVICE2-2_171,P13,ATG,Novice,0,1,44480.0,133,2.990107913669065,736.6691729323309
P13_T5_DEVICE2-2_171,P13,ATG,Novice,0,2,44480.0,82,1.8435251798561152,829.2926829268292
P13_T5_DEVICE2-2_171,P13,ATG,Novice,0,3,44480.0,22,0.4946043165467626,1924.2727272727277
P13_T6_DEVICE3-2_172,P13,CON,Novice,0,1,38684.333333333314,26,0.6721067098653205,805.3076923076923
P13_T6_DEVICE3-2_172,P13,CON,Novice,0,2,38684.33333333337,78,2.0163201295959587,640.3717948717949
P13_T6_DEVICE3-2_172,P13,CON,Novice,0,3,38684.333333333314,54,1.3959139358741273,772.8148148148148
P13_T7_DEVICE1-3_173,P13,MST,Novice,0,1,49293.66666666663,36,0.7303169440293213,838.1111111111111
P13_T7_DEVICE1-3_173,P13,MST,Novice,0,2,49293.66666666674,48,0.9737559253724264,943.75
P13_T7_DEVICE1-3_173,P13,MST,Novice,0,3,49293.66666666663,5,0.1014329088929613,364.6
P13_T8_DEVICE2-3_174,P13,ATG,Novice,1,1,22688.33333333333,22,0.9696613531183428,1190.3181818181818
P13_T8_DEVICE2-3_174,P13,ATG,Novice,1,2,22688.33333333333,8,0.3526041284066701,2033.625
P13_T8_DEVICE2-3_174,P13,ATG,Novice,1,3,22688.333333333343,4,0.1763020642033349,4202.5
P13_T9_DEVICE3-3_175,P13,CON,Novice,0,1,51970.33333333334,44,0.8466368633386995,997.1590909090908
P13_T9_DEVICE3-3_175,P13,CON,Novice,0,2,51970.33333333334,85,1.635548485995215,708.2588235294118
P13_T9_DEVICE3-3_175,P13,CON,Novice,0,3,51970.333333333314,132,2.5399105900161,799.780303030303
P13_T10_DEVICE1-4_176,P13,MST,Novice,1,1,45045.666666666686,37,0.8213886648364249,1695.945945945946
P13_T10_DEVICE1-4_176,P13,MST,Novice,1,2,45045.66666666663,26,0.577192034749921,361.5
P13_T10_DEVICE1-4_176,P13,MST,Novice,1,3,45045.666666666686,57,1.265382537720979,735.3333333333334
P13_T11_DEVICE2-4_177,P13,ATG,Novice,0,1,30355.333333333318,52,1.7130432872861452,839.5384615384615
P13_T11_DEVICE2-4_177,P13,ATG,Novice,0,2,30355.333333333318,33,1.0871236246238998,662.3636363636364
P13_T11_DEVICE2-4_177,P13,ATG,Novice,0,3,30355.33333333337,19,0.6259196626622442,944.8947368421052
P13_T12_DEVICE3-4_178,P13,CON,Novice,1,1,28725.33333333337,33,1.148811734125509,869.4848484848485
P13_T12_DEVICE3-4_178,P13,CON,Novice,1,2,28725.333333333256,24,0.8354994430003736,856.4583333333334
P13_T12_DEVICE3-4_178,P13,CON,Novice,1,3,28725.33333333337,8,0.2784998143334568,811.25
P13_T13_DEVICE1-5_179,P13,MST,Novice,0,1,58755.0,66,1.1233086545825888,355.7878787878788
P13_T13_DEVICE1-5_179,P13,MST,Novice,0,2,58755.0,4,0.0680793123989447,1212.25
P13_T13_DEVICE1-5_179,P13,MST,Novice,0,3,58755.0,0,0.0,
P13_T14_DEVICE3-5_180,P13,CON,Novice,0,1,20338.0,23,1.1308879929196578,282.2608695652174
P13_T14_DEVICE3-5_180,P13,CON,Novice,0,2,20338.0,11,0.5408594748746189,1173.090909090909
P13_T14_DEVICE3-5_180,P13,CON,Novice,0,3,20338.0,0,0.0,
P13_T15_DEVICE2-5_181,P13,ATG,Novice,0,1,44140.66666666674,43,0.9741583724758708,455.6976744186047
P13_T15_DEVICE2-5_181,P13,ATG,Novice,0,2,44140.66666666651,46,1.042122910090472,566.2391304347826
P13_T15_DEVICE2-5_181,P13,ATG,Novice,0,3,44140.66666666674,0,0.0,
P15_T1_DEVICE1-1_191,P15,MST,Novice,0,1,104870.33333333331,63,0.6007418685297081,1182.3333333333333
P15_T1_DEVICE1-1_191,P15,MST,Novice,0,2,104870.33333333331,23,0.2193184599394172,746.6086956521739
P15_T1_DEVICE1-1_191,P15,MST,Novice,0,3,104870.33333333334,0,0.0,
P15_T2_DEVICE3-1_192,P15,CON,Novice,1,1,39596.0,39,0.9849479745428832,480.28205128205127
P15_T2_DEVICE3-1_192,P15,CON,Novice,1,2,39596.0,16,0.4040812203252854,1686.75
P15_T2_DEVICE3-1_192,P15,CON,Novice,1,3,39596.0,2,0.0505101525406606,280.5
P15_T3_DEVICE2-1_193,P15,ATG,Novice,1,1,36771.33333333337,35,0.9518284170640162,555.2285714285714
P15_T3_DEVICE2-1_193,P15,ATG,Novice,1,2,36771.333333333256,2,0.0543901952608011,4067.5
P15_T3_DEVICE2-1_193,P15,ATG,Novice,1,3,36771.33333333337,0,0.0,
P15_T4_DEVICE2-2_194,P15,ATG,Novice,1,1,51975.0,58,1.115921115921116,492.9655172413793
P15_T4_DEVICE2-2_194,P15,ATG,Novice,1,2,51975.0,51,0.9812409812409812,667.843137254902
P15_T4_DEVICE2-2_194,P15,ATG,Novice,1,3,51975.0,6,0.1154401154401154,293.8333333333333
P15_T5_DEVICE1-2_195,P15,MST,Novice,1,1,52011.66666666663,58,1.1151344249687578,387.9310344827586
P15_T5_DEVICE1-2_195,P15,MST,Novice,1,2,52011.66666666674,6,0.1153587336174574,434.1666666666667
P15_T5_DEVICE1-2_195,P15,MST,Novice,1,3,52011.66666666663,0,0.0,
P15_T6_DEVICE3-2_196,P15,CON,Novice,1,1,25750.666666666628,10,0.3883394604670435,797.4
P15_T6_DEVICE3-2_196,P15,CON,Novice,1,2,25750.666666666744,47,1.825195464195096,341.48936170212767
P15_T6_DEVICE3-2_196,P15,CON,Novice,1,3,25750.666666666628,3,0.116501838140113,474.3333333333333
P15_T7_DEVICE1-3_197,P15,MST,Novice,1,1,38984.66666666674,43,1.1029977598029972,499.4651162790698
P15_T7_DEVICE1-3_197,P15,MST,Novice,1,2,38984.66666666651,4,0.1026044427723724,1327.5
P15_T7_DEVICE1-3_197,P15,MST,Novice,1,3,38984.66666666674,0,0.0,
P15_T8_DEVICE2-3_198,P15,ATG,Novice,1,1,34090.0,71,2.0827222059254917,342.49295774647885
P15_T8_DEVICE2-3_198,P15,ATG,Novice,1,2,34090.0,32,0.9386916984452918,592.3125
P15_T8_DEVICE2-3_198,P15,ATG,Novice,1,3,34090.0,0,0.0,
P15_T9_DEVICE3-3_199,P15,CON,Novice,0,1,60270.66666666674,75,1.24438643452868,451.41333333333336
P15_T9_DEVICE3-3_199,P15,CON,Novice,0,2,60270.66666666651,65,1.0784682432581936,708.6307692307693
P15_T9_DEVICE3-3_199,P15,CON,Novice,0,3,60270.66666666674,44,0.730040041590159,392.45454545454544
P15_T10_DEVICE1-4_200,P15,MST,Novice,1,1,37810.66666666674,25,0.6611890824458694,513.6
P15_T10_DEVICE1-4_200,P15,MST,Novice,1,2,37810.66666666651,0,0.0,
P15_T10_DEVICE1-4_200,P15,MST,Novice,1,3,37810.66666666674,0,0.0,
P15_T11_DEVICE3-4_201,P15,CON,Novice,1,1,25959.333333333256,24,0.9245229718277334,449.7916666666667
P15_T11_DEVICE3-4_201,P15,CON,Novice,1,2,25959.33333333349,51,1.9646113151339155,365.3725490196079
P15_T11_DEVICE3-4_201,P15,CON,Novice,1,3,25959.333333333256,0,0.0,
P15_T12_DEVICE2-4_202,P15,ATG,Novice,0,1,43676.0,71,1.6256067405440058,258.3943661971831
P15_T12_DEVICE2-4_202,P15,ATG,Novice,0,2,43676.0,98,2.2437952193424304,291.07142857142856
P15_T12_DEVICE2-4_202,P15,ATG,Novice,0,3,43676.0,28,0.6410843483835515,350.5357142857143
P15_T13_DEVICE3-5_203,P15,CON,Novice,0,1,21843.333333333256,26,1.1902945215931675,294.34615384615387
P15_T13_DEVICE3-5_203,P15,CON,Novice,0,2,21843.33333333349,28,1.2818556386387825,478.0
P15_T13_DEVICE3-5_203,P15,CON,Novice,0,3,21843.333333333256,0,0.0,
P15_T14_DEVICE1-5_204,P15,MST,Novice,1,1,52751.66666666651,59,1.1184480743104517,291.4406779661017
P15_T14_DEVICE1-5_204,P15,MST,Novice,1,2,52751.66666666698,0,0.0,
P15_T14_DEVICE1-5_204,P15,MST,Novice,1,3,52751.66666666651,0,0.0,
P15_T15_DEVICE2-5_205,P15,ATG,Novice,1,1,25995.33333333349,36,1.3848639499397246,243.72222222222223
P15_T15_DEVICE2-5_205,P15,ATG,Novice,1,2,25995.333333333023,63,2.423511912394561,139.87301587301587
P15_T15_DEVICE2-5_205,P15,ATG,Novice,1,3,25995.33333333349,0,0.0,
P16_T1_DEVICE3-1_206,P16,CON,Intermediate,1,1,75438.33333333333,122,1.6172149437730596,740.1639344262295
P16_T1_DEVICE3-1_206,P16,CON,Intermediate,1,2,75438.33333333333,60,0.7953516116916687,1972.2
P16_T1_DEVICE3-1_206,P16,CON,Intermediate,1,3,75438.33333333334,40,0.5302344077944458,1496.6
P16_T2_DEVICE2-1_207,P16,ATG,Intermediate,0,1,135330.0,97,0.716766422818296,1187.2680412371135
P16_T2_DEVICE2-1_207,P16,ATG,Intermediate,0,2,135330.0,168,1.241409886943028,868.6547619047619
P16_T2_DEVICE2-1_207,P16,ATG,Intermediate,0,3,135330.0,91,0.6724303554274735,983.1208791208792
P16_T3_DEVICE1-1_208,P16,MST,Intermediate,0,1,117705.33333333336,115,0.9770160513825482,846.0173913043478
P16_T3_DEVICE1-1_208,P16,MST,Intermediate,0,2,117705.33333333326,149,1.2658729709217376,764.1610738255033
P16_T3_DEVICE1-1_208,P16,MST,Intermediate,0,3,117705.33333333336,0,0.0,
P16_T4_DEVICE1-2_209,P16,MST,Intermediate,0,1,137324.0,136,0.9903585680580232,1583.5367647058824
P16_T4_DEVICE1-2_209,P16,MST,Intermediate,0,2,137324.0,53,0.3859485596108473,1209.698113207547
P16_T4_DEVICE1-2_209,P16,MST,Intermediate,0,3,137324.0,132,0.961230374879846,1087.8181818181818
P16_T5_DEVICE3-2_210,P16,CON,Intermediate,1,1,42692.33333333337,59,1.3819811519632708,739.9661016949152
P16_T5_DEVICE3-2_210,P16,CON,Intermediate,1,2,42692.333333333256,50,1.171170467765487,795.82
P16_T5_DEVICE3-2_210,P16,CON,Intermediate,1,3,42692.33333333337,24,0.5621618245274322,1037.7083333333333
P16_T6_DEVICE2-2_211,P16,ATG,Intermediate,0,1,93018.66666666664,76,0.8170403073218282,912.7236842105264
P16_T6_DEVICE2-2_211,P16,ATG,Intermediate,0,2,93018.66666666674,116,1.2470615217017362,663.7413793103449
P16_T6_DEVICE2-2_211,P16,ATG,Intermediate,0,3,93018.66666666664,125,1.3438162949372174,819.84
P16_T7_DEVICE3-3_212,P16,CON,Intermediate,1,1,48036.0,90,1.873594803897077,619.7777777777778
P16_T7_DEVICE3-3_212,P16,CON,Intermediate,1,2,48036.0,52,1.0825214422516445,1271.826923076923
P16_T7_DEVICE3-3_212,P16,CON,Intermediate,1,3,48036.0,30,0.6245316012990257,2313.5
P16_T8_DEVICE2-3_213,P16,ATG,Intermediate,1,1,40812.66666666666,29,0.710563713879678,1778.9310344827586
P16_T8_DEVICE2-3_213,P16,ATG,Intermediate,1,2,40812.66666666666,2,0.0490043940606674,411.0
P16_T8_DEVICE2-3_213,P16,ATG,Intermediate,1,3,40812.666666666686,23,0.5635505316976753,937.3478260869564
P16_T9_DEVICE1-3_214,P16,MST,Intermediate,1,1,81692.0,64,0.7834304460657103,1162.359375
P16_T9_DEVICE1-3_214,P16,MST,Intermediate,1,2,81692.0,86,1.0527346619007982,999.6511627906976
P16_T9_DEVICE1-3_214,P16,MST,Intermediate,1,3,81692.0,108,1.322038877735886,747.8148148148148
P16_T10_DEVICE3-4_215,P16,CON,Intermediate,1,1,46438.33333333337,28,0.6029501489430422,958.8214285714286
P16_T10_DEVICE3-4_215,P16,CON,Intermediate,1,2,46438.333333333256,25,0.5383483472705748,1210.28
P16_T10_DEVICE3-4_215,P16,CON,Intermediate,1,3,46438.33333333337,52,1.1197645623227928,757.5
P16_T11_DEVICE1-4_216,P16,MST,Intermediate,1,1,106860.33333333336,134,1.2539732548092366,786.1492537313433
P16_T11_DEVICE1-4_216,P16,MST,Intermediate,1,2,106860.33333333326,106,0.9919489926102928,667.7735849056604
P16_T11_DEVICE1-4_216,P16,MST,Intermediate,1,3,106860.33333333336,0,0.0,
P16_T12_DEVICE2-4_217,P16,ATG,Intermediate,1,1,35926.333333333256,16,0.4453557743159623,944.125
P16_T12_DEVICE2-4_217,P16,ATG,Intermediate,1,2,35926.33333333349,8,0.2226778871579797,553.375
P16_T12_DEVICE2-4_217,P16,ATG,Intermediate,1,3,35926.333333333256,2,0.0556694717894952,210.0
P16_T13_DEVICE3-5_218,P16,CON,Intermediate,1,1,36046.333333333256,20,0.554841454054505,922.7
P16_T13_DEVICE3-5_218,P16,CON,Intermediate,1,2,36046.33333333349,15,0.4161310905408761,482.1333333333333
P16_T13_DEVICE3-5_218,P16,CON,Intermediate,1,3,36046.333333333256,27,0.7490359629735819,247.77777777777777
P16_T14_DEVICE1-5_219,P16,MST,Intermediate,0,1,106201.0,48,0.4519731452622857,1513.5208333333333
P16_T14_DEVICE1-5_219,P16,MST,Intermediate,0,2,106201.0,74,0.6967919322793571,570.1891891891892
P16_T14_DEVICE1-5_219,P16,MST,Intermediate,0,3,106201.0,0,0.0,
P16_T15_DEVICE2-5_220,P16,ATG,Intermediate,0,1,21905.0,0,0.0,
P16_T15_DEVICE2-5_220,P16,ATG,Intermediate,0,2,21905.0,0,0.0,
P16_T15_DEVICE2-5_220,P16,ATG,Intermediate,0,3,21905.0,4,0.1826067107966217,180.25
P17_T1_DEVICE2-1_221,P17,ATG,Novice,1,1,59801.33333333334,51,0.8528237943412631,1281.8235294117646
P17_T1_DEVICE2-1_221,P17,ATG,Novice,1,2,59801.33333333334,28,0.4682169851285366,1824.0357142857144
P17_T1_DEVICE2-1_221,P17,ATG,Novice,1,3,59801.333333333314,32,0.535105125861185,1318.0
P17_T2_DEVICE1-1_222,P17,MST,Novice,1,1,99498.0,172,1.7286779633761482,274.11046511627904
P17_T2_DEVICE1-1_222,P17,MST,Novice,1,2,99498.0,17,0.1708577056825262,1914.1176470588236
P17_T2_DEVICE1-1_222,P17,MST,Novice,1,3,99498.0,40,0.4020181310177089,1490.675
P17_T3_DEVICE3-1_223,P17,CON,Novice,0,1,53172.66666666663,33,0.6206196165949929,838.969696969697
P17_T3_DEVICE3-1_223,P17,CON,Novice,0,2,53172.66666666674,23,0.4325530661116608,1290.0
P17_T3_DEVICE3-1_223,P17,CON,Novice,0,3,53172.66666666663,47,0.8839127872716565,404.93617021276594
P17_T4_DEVICE3-2_224,P17,CON,Novice,0,1,79591.33333333337,96,1.2061614748674474,791.8541666666666
P17_T4_DEVICE3-2_224,P17,CON,Novice,0,2,79591.33333333326,50,0.6282091014934631,1166.0
P17_T4_DEVICE3-2_224,P17,CON,Novice,0,3,79591.33333333337,25,0.3141045507467311,1403.32
P17_T5_DEVICE2-2_225,P17,ATG,Novice,0,1,50811.0,45,0.8856350002952117,802.7333333333333
P17_T5_DEVICE2-2_225,P17,ATG,Novice,0,2,50811.0,32,0.6297848890988171,1937.1875
P17_T5_DEVICE2-2_225,P17,ATG,Novice,0,3,50811.0,9,0.1771270000590423,2515.6666666666665
P17_T6_DEVICE1-2_226,P17,MST,Novice,1,1,163081.66666666674,89,0.5457388425022226,900.0112359550562
P17_T6_DEVICE1-2_226,P17,MST,Novice,1,2,163081.6666666665,170,1.0424225081503142,442.2705882352941
P17_T6_DEVICE1-2_226,P17,MST,Novice,1,3,163081.66666666674,21,0.1287698392420974,913.952380952381
P17_T7_DEVICE3-3_227,P17,CON,Novice,1,1,76998.0,51,0.6623548663601652,744.0
P17_T7_DEVICE3-3_227,P17,CON,Novice,1,2,76998.0,41,0.5324813631522897,1255.878048780488
P17_T7_DEVICE3-3_227,P17,CON,Novice,1,3,76998.0,30,0.3896205096236265,952.4666666666668
P17_T8_DEVICE2-3_228,P17,ATG,Novice,0,1,47159.333333333256,47,0.9966213828298408,473.1276595744681
P17_T8_DEVICE2-3_228,P17,ATG,Novice,0,2,47159.33333333349,28,0.5937318876433065,1244.357142857143
P17_T8_DEVICE2-3_228,P17,ATG,Novice,0,3,47159.333333333256,12,0.254456523275704,861.6666666666666
P17_T9_DEVICE1-3_229,P17,MST,Novice,1,1,59509.0,28,0.4705170646456838,1168.4642857142858
P17_T9_DEVICE1-3_229,P17,MST,Novice,1,2,59509.0,0,0.0,
P17_T9_DEVICE1-3_229,P17,MST,Novice,1,3,59509.0,0,0.0,
P17_T10_DEVICE3-4_230,P17,CON,Novice,1,1,41735.66666666666,34,0.8146509380465949,1152.5882352941176
P17_T10_DEVICE3-4_230,P17,CON,Novice,1,2,41735.66666666667,31,0.7427699729248364,1792.1935483870968
P17_T10_DEVICE3-4_230,P17,CON,Novice,1,3,41735.66666666667,11,0.2635635387797806,1766.909090909091
P17_T11_DEVICE1-4_231,P17,MST,Novice,1,1,54866.33333333334,34,0.6196878474352819,1259.9411764705883
P17_T11_DEVICE1-4_231,P17,MST,Novice,1,2,54866.33333333334,65,1.1846973553909803,270.32307692307694
P17_T11_DEVICE1-4_231,P17,MST,Novice,1,3,54866.333333333314,108,1.9684202212650144,248.6203703703704
P17_T12_DEVICE2-4_232,P17,ATG,Novice,1,1,29767.0,2,0.0671884973292572,4919.0
P17_T12_DEVICE2-4_232,P17,ATG,Novice,1,2,29767.0,6,0.2015654919877716,3072.333333333333
P17_T12_DEVICE2-4_232,P17,ATG,Novice,1,3,29767.0,0,0.0,
P17_T13_DEVICE3-5_233,P17,CON,Novice,1,1,37062.333333333314,23,0.6205761464919464,1657.695652173913
P17_T13_DEVICE3-5_233,P17,CON,Novice,1,2,37062.333333333314,36,0.9713365771178292,1212.7777777777778
P17_T13_DEVICE3-5_233,P17,CON,Novice,1,3,37062.33333333337,14,0.3777420022124885,788.4285714285714
P17_T14_DEVICE1-5_234,P17,MST,Novice,1,1,60297.0,62,1.028243527870375,1025.725806451613
P17_T14_DEVICE1-5_234,P17,MST,Novice,1,2,60297.0,55,0.9121515166592036,708.9090909090909
P17_T14_DEVICE1-5_234,P17,MST,Novice,1,3,60297.0,43,0.7131366402971956,1140.0697674418604
P17_T15_DEVICE2-5_235,P17,ATG,Novice,0,1,34794.33333333337,34,0.977170612072846,1060.1176470588234
P17_T15_DEVICE2-5_235,P17,ATG,Novice,0,2,34794.33333333337,19,0.5460659302760023,2247.2105263157896
P17_T15_DEVICE2-5_235,P17,ATG,Novice,0,3,34794.333333333256,18,0.5173256181562144,1716.3333333333333
P18_T1_DEVICE1-1_236,P18,MST,Novice,1,1,79244.33333333333,76,0.9590591125338088,663.8421052631579
P18_T1_DEVICE1-1_236,P18,MST,Novice,1,2,79244.33333333333,17,0.2145263804351941,517.2352941176471
P18_T1_DEVICE1-1_236,P18,MST,Novice,1,3,79244.33333333334,49,0.618340743607324,395.0
P18_T2_DEVICE3-1_237,P18,CON,Novice,1,1,32181.66666666667,49,1.5226060386348332,544.2244897959183
P18_T2_DEVICE3-1_237,P18,CON,Novice,1,2,32181.66666666667,44,1.3672380755088298,690.3409090909091
P18_T2_DEVICE3-1_237,P18,CON,Novice,1,3,32181.666666666657,0,0.0,
P18_T3_DEVICE2-1_238,P18,ATG,Novice,1,1,39699.66666666666,18,0.4534043106995022,491.94444444444446
P18_T3_DEVICE2-1_238,P18,ATG,Novice,1,2,39699.66666666666,43,1.0831325200043664,397.4418604651163
P18_T3_DEVICE2-1_238,P18,ATG,Novice,1,3,39699.666666666686,0,0.0,
P18_T4_DEVICE2-2_239,P18,ATG,Novice,1,1,28238.333333333318,10,0.3541285486631649,1180.0
P18_T4_DEVICE2-2_239,P18,ATG,Novice,1,2,28238.33333333337,8,0.2833028389305314,1582.875
P18_T4_DEVICE2-2_239,P18,ATG,Novice,1,3,28238.333333333318,0,0.0,
P18_T5_DEVICE1-2_240,P18,MST,Novice,1,1,54237.333333333314,58,1.0693741088549098,532.3448275862069
P18_T5_DEVICE1-2_240,P18,MST,Novice,1,2,54237.33333333337,0,0.0,
P18_T5_DEVICE1-2_240,P18,MST,Novice,1,3,54237.333333333314,0,0.0,
P18_T6_DEVICE3-2_241,P18,CON,Novice,1,1,27130.0,10,0.3685956505713232,955.8
P18_T6_DEVICE3-2_241,P18,CON,Novice,1,2,27130.0,2,0.0737191301142646,9717.0
P18_T6_DEVICE3-2_241,P18,CON,Novice,1,3,27130.0,0,0.0,
P18_T7_DEVICE1-3_242,P18,MST,Novice,1,1,92305.33333333336,18,0.1950049834606883,1778.6666666666667
P18_T7_DEVICE1-3_242,P18,MST,Novice,1,2,92305.33333333326,0,0.0,
P18_T7_DEVICE1-3_242,P18,MST,Novice,1,3,92305.33333333336,7,0.0758352713458232,847.1428571428571
P18_T8_DEVICE2-3_243,P18,ATG,Novice,1,1,32772.0,35,1.0679848651287684,226.05714285714285
P18_T8_DEVICE2-3_243,P18,ATG,Novice,1,2,32772.0,34,1.037471011839375,860.8529411764706
P18_T8_DEVICE2-3_243,P18,ATG,Novice,1,3,32772.0,0,0.0,
P18_T9_DEVICE3-3_244,P18,CON,Novice,1,1,27695.0,18,0.6499368116988626,443.0
P18_T9_DEVICE3-3_244,P18,CON,Novice,1,2,27695.0,16,0.577721610398989,788.8125
P18_T9_DEVICE3-3_244,P18,CON,Novice,1,3,27695.0,0,0.0,
P18_T10_DEVICE1-4_245,P18,MST,Novice,0,1,70219.33333333326,17,0.2420985673461252,1899.8235294117649
P18_T10_DEVICE1-4_245,P18,MST,Novice,0,2,70219.33333333349,0,0.0,
P18_T10_DEVICE1-4_245,P18,MST,Novice,0,3,70219.33333333326,0,0.0,
P18_T11_DEVICE3-4_246,P18,CON,Novice,1,1,24415.0,6,0.2457505631783739,968.5
P18_T11_DEVICE3-4_246,P18,CON,Novice,1,2,24415.0,2,0.0819168543927913,10799.5
P18_T11_DEVICE3-4_246,P18,CON,Novice,1,3,24415.0,0,0.0,
P18_T12_DEVICE2-4_247,P18,ATG,Novice,0,1,39511.66666666674,5,0.1265449023495168,10374.6
P18_T12_DEVICE2-4_247,P18,ATG,Novice,0,2,39511.66666666651,2,0.050617960939807,1212.0
P18_T12_DEVICE2-4_247,P18,ATG,Novice,0,3,39511.66666666674,0,0.0,
P18_T13_DEVICE3-5_248,P18,CON,Novice,1,1,25543.0,14,0.5480953685941354,586.7142857142857
P18_T13_DEVICE3-5_248,P18,CON,Novice,1,2,25543.0,10,0.3914966918529538,2286.1
P18_T13_DEVICE3-5_248,P18,CON,Novice,1,3,25543.0,1,0.0391496691852953,3326.0
P18_T14_DEVICE1-5_249,P18,MST,Novice,1,1,51676.333333333256,5,0.0967560907959157,9645.6
P18_T14_DEVICE1-5_249,P18,MST,Novice,1,2,51676.33333333349,0,0.0,
P18_T14_DEVICE1-5_249,P18,MST,Novice,1,3,51676.333333333256,0,0.0,
P18_T15_DEVICE2-5_250,P18,ATG,Novice,1,1,24490.33333333349,4,0.1633297491527258,1041.75
P18_T15_DEVICE2-5_250,P18,ATG,Novice,1,2,24490.333333333023,1,0.0408324372881822,20797.0
P18_T15_DEVICE2-5_250,P18,ATG,Novice,1,3,24490.33333333349,0,0.0,
P19_T1_DEVICE3-1_251,P19,CON,Novice,0,1,179644.33333333334,65,0.3618260525890973,4031.892307692308
P19_T1_DEVICE3-1_251,P19,CON,Novice,0,2,179644.33333333334,102,0.567788574832122,1287.8039215686274
P19_T1_DEVICE3-1_251,P19,CON,Novice,0,3,179644.3333333333,92,0.5121230282799532,3687.880434782609
P19_T2_DEVICE2-1_252,P19,ATG,Novice,0,1,60719.66666666663,34,0.5599503730257636,2902.294117647059
P19_T2_DEVICE2-1_252,P19,ATG,Novice,0,2,60719.66666666674,11,0.1811604148024525,3502.5454545454545
P19_T2_DEVICE2-1_252,P19,ATG,Novice,0,3,60719.66666666663,12,0.1976295434208577,288.8333333333333
P19_T3_DEVICE1-1_253,P19,MST,Novice,1,1,119199.33333333331,52,0.4362440505819384,4243.423076923077
P19_T3_DEVICE1-1_253,P19,MST,Novice,1,2,119199.33333333334,42,0.3523509639315655,2016.0238095238096
P19_T3_DEVICE1-1_253,P19,MST,Novice,1,3,119199.33333333334,76,0.6375874585428329,1458.671052631579
P19_T4_DEVICE1-2_254,P19,MST,Novice,0,1,139683.33333333337,68,0.4868154158215009,3965.941176470588
P19_T4_DEVICE1-2_254,P19,MST,Novice,0,2,139683.33333333337,61,0.436702064192817,2644.0819672131147
P19_T4_DEVICE1-2_254,P19,MST,Novice,0,3,139683.33333333326,18,0.1288629041880444,1991.3333333333333
P19_T5_DEVICE3-2_255,P19,CON,Novice,0,1,124383.0,49,0.3939445101018628,1726.3877551020407
P19_T5_DEVICE3-2_255,P19,CON,Novice,0,2,124383.0,23,0.1849127292314866,2870.478260869565
P19_T5_DEVICE3-2_255,P19,CON,Novice,0,3,124383.0,15,0.1205952581944478,4207.666666666667
P19_T6_DEVICE2-2_256,P19,ATG,Novice,1,1,99064.0,24,0.2422676249697165,3164.083333333333
P19_T6_DEVICE2-2_256,P19,ATG,Novice,1,2,99064.0,11,0.11103932811112,7464.545454545455
P19_T6_DEVICE2-2_256,P19,ATG,Novice,1,3,99064.0,1,0.0100944843737381,10379.0
P19_T7_DEVICE3-3_257,P19,CON,Novice,1,1,79452.0,18,0.2265518803806071,2592.555555555556
P19_T7_DEVICE3-3_257,P19,CON,Novice,1,2,79452.0,23,0.2894829582641091,1812.0434782608693
P19_T7_DEVICE3-3_257,P19,CON,Novice,1,3,79452.0,3,0.0377586467301011,14433.0
P19_T8_DEVICE2-3_258,P19,ATG,Novice,1,1,66827.66666666674,13,0.1945302095439511,2737.153846153846
P19_T8_DEVICE2-3_258,P19,ATG,Novice,1,2,66827.66666666651,15,0.2244579340891751,3939.266666666667
P19_T8_DEVICE2-3_258,P19,ATG,Novice,1,3,66827.66666666674,4,0.0598554490904465,5264.25
P19_T9_DEVICE1-3_259,P19,MST,Novice,1,1,197653.3333333335,38,0.1922558014031299,2775.9736842105262
P19_T9_DEVICE1-3_259,P19,MST,Novice,1,2,197653.33333333305,29,0.1467215326497573,3915.379310344827
P19_T9_DEVICE1-3_259,P19,MST,Novice,1,3,197653.3333333335,0,0.0,
P19_T10_DEVICE3-4_260,P19,CON,Novice,1,1,45303.0,9,0.198662340242368,1996.7777777777776
P19_T10_DEVICE3-4_260,P19,CON,Novice,1,2,45303.0,12,0.2648831203231574,3703.5
P19_T10_DEVICE3-4_260,P19,CON,Novice,1,3,45303.0,3,0.0662207800807893,2464.0
P19_T11_DEVICE1-4_261,P19,MST,Novice,1,1,89072.66666666651,34,0.3817108128943416,1237.4411764705883
P19_T11_DEVICE1-4_261,P19,MST,Novice,1,2,89072.66666666698,8,0.0898143089163152,4142.5
P19_T11_DEVICE1-4_261,P19,MST,Novice,1,3,89072.66666666651,2,0.0224535772290789,190.5
P19_T12_DEVICE2-4_262,P19,ATG,Novice,1,1,129235.0,18,0.1392811544860138,5432.944444444444
P19_T12_DEVICE2-4_262,P19,ATG,Novice,1,2,129235.0,27,0.2089217317290207,3066.962962962963
P19_T12_DEVICE2-4_262,P19,ATG,Novice,1,3,129235.0,14,0.1083297868224552,5824.857142857143
P19_T13_DEVICE3-5_263,P19,CON,Novice,1,1,50052.66666666666,25,0.4994738875051613,3677.04
P19_T13_DEVICE3-5_263,P19,CON,Novice,1,2,50052.66666666667,22,0.4395370210045418,5398.772727272727
P19_T13_DEVICE3-5_263,P19,CON,Novice,1,3,50052.66666666667,13,0.2597264215026838,2956.153846153846
P19_T14_DEVICE2-5_264,P19,ATG,Novice,1,1,98157.33333333331,78,0.7946426145779566,1654.7307692307693
P19_T14_DEVICE2-5_264,P19,ATG,Novice,1,2,98157.33333333331,46,0.4686353880844359,4535.95652173913
P19_T14_DEVICE2-5_264,P19,ATG,Novice,1,3,98157.33333333336,62,0.631639001331196,2478.3387096774195
P19_T15_DEVICE1-5_265,P19,MST,Novice,1,1,60599.33333333337,8,0.1320146536265524,5449.875
P19_T15_DEVICE1-5_265,P19,MST,Novice,1,2,60599.333333333256,37,0.6105677730228063,1243.3513513513512
P19_T15_DEVICE1-5_265,P19,MST,Novice,1,3,60599.33333333337,12,0.1980219804398287,2860.083333333333
P2_T1_DEVICE3-1_16,P2,CON,Intermediate,1,1,51129.33333333334,16,0.3129319112316478,733.6875
P2_T1_DEVICE3-1_16,P2,CON,Intermediate,1,2,51129.33333333334,9,0.1760242000678019,1378.2222222222222
P2_T1_DEVICE3-1_16,P2,CON,Intermediate,1,3,51129.333333333314,0,0.0,
P2_T2_DEVICE1-1_17,P2,MST,Intermediate,1,1,77406.66666666669,7,0.0904314873826543,2702.1428571428573
P2_T2_DEVICE1-1_17,P2,MST,Intermediate,1,2,77406.66666666669,1,0.0129187839118077,1042.0
P2_T2_DEVICE1-1_17,P2,MST,Intermediate,1,3,77406.66666666663,0,0.0,
P2_T4_DEVICE2-2_19,P2,ATG,Intermediate,1,1,38526.66666666663,2,0.0519120955182558,1412.5
P2_T4_DEVICE2-2_19,P2,ATG,Intermediate,1,2,38526.66666666674,0,0.0,
P2_T4_DEVICE2-2_19,P2,ATG,Intermediate,1,3,38526.66666666663,0,0.0,
P2_T7_DEVICE3-3_22,P2,CON,Intermediate,1,1,36497.333333333256,0,0.0,
P2_T7_DEVICE3-3_22,P2,CON,Intermediate,1,2,36497.33333333349,2,0.0547985240930841,7182.5
P2_T7_DEVICE3-3_22,P2,CON,Intermediate,1,3,36497.333333333256,0,0.0,
P2_T8_DEVICE2-3_23,P2,ATG,Intermediate,0,1,47163.66666666674,4,0.0848110480525261,3526.25
P2_T8_DEVICE2-3_23,P2,ATG,Intermediate,0,2,47163.66666666651,0,0.0,
P2_T8_DEVICE2-3_23,P2,ATG,Intermediate,0,3,47163.66666666674,4,0.0848110480525261,285.75
P2_T9_DEVICE1-3_24,P2,MST,Intermediate,1,1,65935.33333333326,0,0.0,
P2_T9_DEVICE1-3_24,P2,MST,Intermediate,1,2,65935.33333333349,2,0.0303327502704669,6171.5
P2_T9_DEVICE1-3_24,P2,MST,Intermediate,1,3,65935.33333333326,0,0.0,
P2_T12_DEVICE2-4_27,P2,ATG,Intermediate,1,1,45361.33333333349,1,0.0220452073719172,1823.0
P2_T12_DEVICE2-4_27,P2,ATG,Intermediate,1,2,45361.33333333302,0,0.0,
P2_T12_DEVICE2-4_27,P2,ATG,Intermediate,1,3,45361.33333333349,0,0.0,
P20_T1_DEVICE2-1_266,P20,ATG,Novice,1,1,35396.66666666666,25,0.7062811940860724,672.28
P20_T1_DEVICE2-1_266,P20,ATG,Novice,1,2,35396.66666666667,2,0.0565024955268857,3616.5
P20_T1_DEVICE2-1_266,P20,ATG,Novice,1,3,35396.66666666667,26,0.7345324418495149,272.6923076923077
P20_T2_DEVICE3-1_267,P20,CON,Novice,1,1,33506.66666666666,12,0.3581376840429767,694.5833333333334
P20_T2_DEVICE3-1_267,P20,CON,Novice,1,2,33506.66666666666,14,0.4178272980501394,1100.642857142857
P20_T2_DEVICE3-1_267,P20,CON,Novice,1,3,33506.666666666686,32,0.9550338241146036,436.9375
P20_T3_DEVICE1-1_268,P20,MST,Novice,1,1,48788.333333333314,54,1.1068219861305644,316.1296296296296
P20_T3_DEVICE1-1_268,P20,MST,Novice,1,2,48788.33333333337,0,0.0,
P20_T3_DEVICE1-1_268,P20,MST,Novice,1,3,48788.333333333314,3,0.0614901103405869,74.0
P20_T4_DEVICE1-2_269,P20,MST,Novice,1,1,62702.0,59,0.9409588210902364,312.9830508474576
P20_T4_DEVICE1-2_269,P20,MST,Novice,1,2,62702.0,74,1.180185640011483,299.9189189189189
P20_T4_DEVICE1-2_269,P20,MST,Novice,1,3,62702.0,7,0.1116391821632483,100.0
P20_T5_DEVICE2-2_270,P20,ATG,Novice,1,1,25437.33333333337,8,0.3144983750917282,668.625
P20_T5_DEVICE2-2_270,P20,ATG,Novice,1,2,25437.333333333256,19,0.7469336408428578,1005.8947368421052
P20_T5_DEVICE2-2_270,P20,ATG,Novice,1,3,25437.33333333337,4,0.1572491875458641,601.25
P20_T6_DEVICE3-2_271,P20,CON,Novice,1,1,18245.666666666628,27,1.4798034236439732,416.962962962963
P20_T6_DEVICE3-2_271,P20,CON,Novice,1,2,18245.666666666744,14,0.7673054789264999,785.7142857142857
P20_T6_DEVICE3-2_271,P20,CON,Novice,1,3,18245.666666666628,11,0.6028828762993965,262.3636363636364
P20_T7_DEVICE1-3_272,P20,MST,Novice,1,1,37652.33333333337,19,0.5046168010835976,126.52631578947368
P20_T7_DEVICE1-3_272,P20,MST,Novice,1,2,37652.333333333256,0,0.0,
P20_T7_DEVICE1-3_272,P20,MST,Novice,1,3,37652.33333333337,0,0.0,
P20_T8_DEVICE2-3_273,P20,ATG,Novice,1,1,31874.333333333256,9,0.2823588467209779,423.0
P20_T8_DEVICE2-3_273,P20,ATG,Novice,1,2,31874.33333333349,38,1.1921817972663422,630.5
P20_T8_DEVICE2-3_273,P20,ATG,Novice,1,3,31874.333333333256,6,0.1882392311473185,520.5
P20_T9_DEVICE3-3_274,P20,CON,Novice,1,1,22784.666666666744,8,0.3511133218246177,731.25
P20_T9_DEVICE3-3_274,P20,CON,Novice,1,2,22784.66666666651,4,0.1755566609123106,4122.5
P20_T9_DEVICE3-3_274,P20,CON,Novice,1,3,22784.666666666744,4,0.1755566609123088,736.0
P20_T10_DEVICE1-4_275,P20,MST,Novice,1,1,47155.0,34,0.7210264022903191,747.1764705882352
P20_T10_DEVICE1-4_275,P20,MST,Novice,1,2,47155.0,0,0.0,
P20_T10_DEVICE1-4_275,P20,MST,Novice,1,3,47155.0,0,0.0,
P20_T11_DEVICE2-4_276,P20,ATG,Novice,1,1,18790.666666666744,11,0.5853970056056174,865.1818181818181
P20_T11_DEVICE2-4_276,P20,ATG,Novice,1,2,18790.66666666651,15,0.7982686440076701,854.8666666666667
P20_T11_DEVICE2-4_276,P20,ATG,Novice,1,3,18790.666666666744,6,0.319307457603064,217.16666666666663
P20_T12_DEVICE3-4_277,P20,CON,Novice,1,1,20704.666666666744,17,0.8210709340889303,713.0588235294117
P20_T12_DEVICE3-4_277,P20,CON,Novice,1,2,20704.66666666651,34,1.6421418681778788,454.9705882352941
P20_T12_DEVICE3-4_277,P20,CON,Novice,1,3,20704.666666666744,20,0.9659658048105062,154.25
P20_T13_DEVICE1-5_278,P20,MST,Novice,1,1,37143.333333333256,3,0.0807681952795478,6685.333333333333
P20_T13_DEVICE1-5_278,P20,MST,Novice,1,2,37143.33333333349,0,0.0,
P20_T13_DEVICE1-5_278,P20,MST,Novice,1,3,37143.333333333256,10,0.2692273175984929,308.5
P20_T14_DEVICE3-5_279,P20,CON,Novice,1,1,20912.666666666744,21,1.004176097421017,204.0952380952381
P20_T14_DEVICE3-5_279,P20,CON,Novice,1,2,20912.66666666651,5,0.2390895470050067,3506.0
P20_T14_DEVICE3-5_279,P20,CON,Novice,1,3,20912.666666666744,1,0.0478179094010008,541.0
P20_T15_DEVICE2-5_280,P20,ATG,Novice,0,1,18387.33333333349,3,0.1631557956564288,1195.3333333333333
P20_T15_DEVICE2-5_280,P20,ATG,Novice,0,2,18387.333333333023,13,0.7070084478445426,1046.5384615384614
P20_T15_DEVICE2-5_280,P20,ATG,Novice,0,3,18387.33333333349,0,0.0,
P20_T16_DEVICE2-5_281,P20,ATG,Novice,1,1,20585.0,4,0.1943162496963808,3816.75
P20_T16_DEVICE2-5_281,P20,ATG,Novice,1,2,20585.0,4,0.1943162496963808,2554.75
P20_T16_DEVICE2-5_281,P20,ATG,Novice,1,3,20585.0,16,0.7772649987855234,244.25
P21_T1_DEVICE1-1_282,P21,MST,Novice,0,1,68412.33333333333,11,0.1607897211516442,1976.4545454545453
P21_T1_DEVICE1-1_282,P21,MST,Novice,0,2,68412.33333333333,0,0.0,
P21_T1_DEVICE1-1_282,P21,MST,Novice,0,3,68412.33333333334,8,0.1169379790193776,2970.375
P21_T2_DEVICE2-1_283,P21,ATG,Novice,0,1,38207.333333333314,10,0.2617298598872818,1801.2
P21_T2_DEVICE2-1_283,P21,ATG,Novice,0,2,38207.33333333337,8,0.2093838879098251,4245.25
P21_T2_DEVICE2-1_283,P21,ATG,Novice,0,3,38207.333333333314,0,0.0,
P21_T3_DEVICE3-1_284,P21,CON,Novice,1,1,29272.333333333318,9,0.3074575537766038,2310.777777777778
P21_T3_DEVICE3-1_284,P21,CON,Novice,1,2,29272.33333333337,3,0.1024858512588677,6011.333333333333
P21_T3_DEVICE3-1_284,P21,CON,Novice,1,3,29272.333333333318,6,0.2049717025177359,1032.0
P21_T4_DEVICE3-2_285,P21,CON,Novice,1,1,15291.0,4,0.261591786017919,3982.0
P21_T4_DEVICE3-2_285,P21,CON,Novice,1,2,15291.0,0,0.0,
P21_T4_DEVICE3-2_285,P21,CON,Novice,1,3,15291.0,0,0.0,
P21_T5_DEVICE1-2_286,P21,MST,Novice,1,1,36678.66666666663,5,0.1363190228652442,2608.6
P21_T5_DEVICE1-2_286,P21,MST,Novice,1,2,36678.66666666674,0,0.0,
P21_T5_DEVICE1-2_286,P21,MST,Novice,1,3,36678.66666666663,0,0.0,
P21_T6_DEVICE2-2_287,P21,ATG,Novice,1,1,48733.66666666663,19,0.3898742142666606,2205.0526315789475
P21_T6_DEVICE2-2_287,P21,ATG,Novice,1,2,48733.66666666674,19,0.3898742142666597,1261.2105263157894
P21_T6_DEVICE2-2_287,P21,ATG,Novice,1,3,48733.66666666663,3,0.0615590864631569,3766.3333333333335
P21_T7_DEVICE3-3_288,P21,CON,Novice,1,1,11646.333333333372,4,0.3434557371418747,3191.0
P21_T7_DEVICE3-3_288,P21,CON,Novice,1,2,11646.333333333256,0,0.0,
P21_T7_DEVICE3-3_288,P21,CON,Novice,1,3,11646.333333333372,0,0.0,
P21_T8_DEVICE2-3_289,P21,ATG,Novice,1,1,18242.0,4,0.2192742023900888,2935.25
P21_T8_DEVICE2-3_289,P21,ATG,Novice,1,2,18242.0,1,0.0548185505975222,7353.0
P21_T8_DEVICE2-3_289,P21,ATG,Novice,1,3,18242.0,0,0.0,
P21_T9_DEVICE1-3_290,P21,MST,Novice,1,1,42968.0,13,0.3025507354310184,1413.3076923076924
P21_T9_DEVICE1-3_290,P21,MST,Novice,1,2,42968.0,0,0.0,
P21_T9_DEVICE1-3_290,P21,MST,Novice,1,3,42968.0,0,0.0,
P21_T10_DEVICE3-4_291,P21,CON,Novice,1,1,15103.0,4,0.2648480434350791,2414.25
P21_T10_DEVICE3-4_291,P21,CON,Novice,1,2,15103.0,1,0.0662120108587697,9157.0
P21_T10_DEVICE3-4_291,P21,CON,Novice,1,3,15103.0,0,0.0,
P21_T11_DEVICE2-4_292,P21,ATG,Novice,1,1,17501.0,7,0.3999771441631906,1995.142857142857
P21_T11_DEVICE2-4_292,P21,ATG,Novice,1,2,17501.0,0,0.0,
P21_T11_DEVICE2-4_292,P21,ATG,Novice,1,3,17501.0,0,0.0,
P21_T12_DEVICE1-4_293,P21,MST,Novice,1,1,36564.66666666674,10,0.2734880668040179,1909.5
P21_T12_DEVICE1-4_293,P21,MST,Novice,1,2,36564.66666666651,0,0.0,
P21_T12_DEVICE1-4_293,P21,MST,Novice,1,3,36564.66666666674,0,0.0,
P21_T13_DEVICE3-5_294,P21,CON,Novice,1,1,11519.666666666744,4,0.3472322694522388,1076.75
P21_T13_DEVICE3-5_294,P21,CON,Novice,1,2,11519.666666666511,1,0.0868080673630614,9097.0
P21_T13_DEVICE3-5_294,P21,CON,Novice,1,3,11519.666666666744,0,0.0,
P21_T14_DEVICE2-5_295,P21,ATG,Novice,1,1,14187.666666666744,10,0.7048375349481906,1176.3
P21_T14_DEVICE2-5_295,P21,ATG,Novice,1,2,14187.666666666511,1,0.0704837534948202,1102.0
P21_T14_DEVICE2-5_295,P21,ATG,Novice,1,3,14187.666666666744,0,0.0,
P21_T15_DEVICE1-5_296,P21,MST,Novice,1,1,41946.66666666674,8,0.190718372536554,4022.375
P21_T15_DEVICE1-5_296,P21,MST,Novice,1,2,41946.66666666651,0,0.0,
P21_T15_DEVICE1-5_296,P21,MST,Novice,1,3,41946.66666666674,0,0.0,
P22_T1_DEVICE3-1_297,P22,CON,Novice,1,1,69487.33333333333,18,0.2590400168855715,1135.4444444444443
P22_T1_DEVICE3-1_297,P22,CON,Novice,1,2,69487.33333333333,42,0.6044267060663335,1180.7142857142858
P22_T1_DEVICE3-1_297,P22,CON,Novice,1,3,69487.33333333334,26,0.3741689132791587,1205.1538461538462
P22_T2_DEVICE1-1_298,P22,MST,Novice,1,1,84649.33333333331,51,0.6024855482224709,731.9215686274509
P22_T2_DEVICE1-1_298,P22,MST,Novice,1,2,84649.33333333331,25,0.2953360530502308,1128.4
P22_T2_DEVICE1-1_298,P22,MST,Novice,1,3,84649.33333333337,0,0.0,
P22_T3_DEVICE2-1_299,P22,ATG,Novice,1,1,43094.33333333337,13,0.3016637918365134,516.1538461538462
P22_T3_DEVICE2-1_299,P22,ATG,Novice,1,2,43094.333333333256,11,0.2552539777078197,1056.3636363636365
P22_T3_DEVICE2-1_299,P22,ATG,Novice,1,3,43094.33333333337,0,0.0,
P22_T4_DEVICE2-2_300,P22,ATG,Novice,1,1,28784.666666666628,13,0.4516293396947455,508.5384615384616
P22_T4_DEVICE2-2_300,P22,ATG,Novice,1,2,28784.666666666744,7,0.2431850290664004,1557.0
P22_T4_DEVICE2-2_300,P22,ATG,Novice,1,3,28784.666666666628,4,0.1389628737522293,105.0
P22_T5_DEVICE3-2_301,P22,CON,Novice,1,1,18904.0,8,0.4231908590774439,558.625
P22_T5_DEVICE3-2_301,P22,CON,Novice,1,2,18904.0,9,0.4760897164621244,594.2222222222222
P22_T5_DEVICE3-2_301,P22,CON,Novice,1,3,18904.0,5,0.2644942869234024,212.4
P22_T6_DEVICE1-2_302,P22,MST,Novice,1,1,54408.33333333337,8,0.1470362995864603,1252.25
P22_T6_DEVICE1-2_302,P22,MST,Novice,1,2,54408.333333333256,23,0.4227293613110743,630.6086956521739
P22_T6_DEVICE1-2_302,P22,MST,Novice,1,3,54408.33333333337,2,0.036759074896615,280.5
P22_T7_DEVICE3-3_303,P22,CON,Novice,1,1,21881.666666666628,6,0.2742021479168258,721.3333333333334
P22_T7_DEVICE3-3_303,P22,CON,Novice,1,2,21881.666666666744,12,0.5484042958336487,799.75
P22_T7_DEVICE3-3_303,P22,CON,Novice,1,3,21881.666666666628,0,0.0,
P22_T8_DEVICE2-3_304,P22,ATG,Novice,1,1,18253.0,12,0.6574261765189284,661.0833333333334
P22_T8_DEVICE2-3_304,P22,ATG,Novice,1,2,18253.0,0,0.0,
P22_T8_DEVICE2-3_304,P22,ATG,Novice,1,3,18253.0,3,0.1643565441297321,133.33333333333334
P22_T9_DEVICE1-3_305,P22,MST,Novice,1,1,52486.333333333256,26,0.495367047929938,551.7692307692307
P22_T9_DEVICE1-3_305,P22,MST,Novice,1,2,52486.33333333349,0,0.0,
P22_T9_DEVICE1-3_305,P22,MST,Novice,1,3,52486.333333333256,13,0.247683523964969,1020.3076923076924
P22_T10_DEVICE3-4_306,P22,CON,Novice,0,1,44589.0,32,0.7176657920114827,708.875
P22_T10_DEVICE3-4_306,P22,CON,Novice,0,2,44589.0,18,0.403687008006459,1148.7777777777778
P22_T10_DEVICE3-4_306,P22,CON,Novice,0,3,44589.0,26,0.5831034560093297,584.0384615384615
P22_T11_DEVICE1-4_307,P22,MST,Novice,1,1,69344.66666666674,14,0.2018900756607091,1114.7857142857142
P22_T11_DEVICE1-4_307,P22,MST,Novice,1,2,69344.66666666651,0,0.0,
P22_T11_DEVICE1-4_307,P22,MST,Novice,1,3,69344.66666666674,3,0.0432621590701519,300.6666666666667
P22_T12_DEVICE2-4_308,P22,ATG,Novice,1,1,36216.0,30,0.828363154406892,645.1
P22_T12_DEVICE2-4_308,P22,ATG,Novice,1,2,36216.0,35,0.966423680141374,509.54285714285714
P22_T12_DEVICE2-4_308,P22,ATG,Novice,1,3,36216.0,9,0.2485089463220675,133.44444444444446
P22_T13_DEVICE3-5_309,P22,CON,Novice,0,1,40766.333333333256,22,0.5396609947751013,701.1818181818181
P22_T13_DEVICE3-5_309,P22,CON,Novice,0,2,40766.33333333349,10,0.2453004521704992,1240.2
P22_T13_DEVICE3-5_309,P22,CON,Novice,0,3,40766.333333333256,18,0.4415408139069011,997.2777777777778
P22_T14_DEVICE1-5_310,P22,MST,Novice,1,1,60430.0,18,0.2978652986927023,939.5
P22_T14_DEVICE1-5_310,P22,MST,Novice,1,2,60430.0,5,0.0827403607479728,1246.4
P22_T14_DEVICE1-5_310,P22,MST,Novice,1,3,60430.0,0,0.0,
P22_T15_DEVICE2-5_311,P22,ATG,Novice,1,1,24494.66666666651,12,0.4899025638234204,794.75
P22_T15_DEVICE2-5_311,P22,ATG,Novice,1,2,24494.666666666977,15,0.612378204779264,920.2666666666668
P22_T15_DEVICE2-5_311,P22,ATG,Novice,1,3,24494.66666666651,0,0.0,
P23_T1_DEVICE2-1_312,P23,ATG,Novice,0,1,55196.66666666666,6,0.1087022163174104,4785.0
P23_T1_DEVICE2-1_312,P23,ATG,Novice,0,2,55196.66666666666,6,0.1087022163174104,1529.3333333333333
P23_T1_DEVICE2-1_312,P23,ATG,Novice,0,3,55196.666666666686,4,0.0724681442116069,170.5
P23_T2_DEVICE3-1_313,P23,CON,Novice,1,1,35455.33333333334,6,0.1692270086305774,2701.333333333333
P23_T2_DEVICE3-1_313,P23,CON,Novice,1,2,35455.33333333334,2,0.0564090028768591,11831.5
P23_T2_DEVICE3-1_313,P23,CON,Novice,1,3,35455.333333333314,1,0.0282045014384295,221.0
P23_T3_DEVICE1-1_314,P23,MST,Novice,1,1,62602.666666666686,5,0.0798688021809507,3706.8
P23_T3_DEVICE1-1_314,P23,MST,Novice,1,2,62602.66666666663,0,0.0,
P23_T3_DEVICE1-1_314,P23,MST,Novice,1,3,62602.666666666686,0,0.0,
P23_T4_DEVICE1-2_315,P23,MST,Novice,1,1,57636.33333333337,2,0.0347003337015424,5249.0
P23_T4_DEVICE1-2_315,P23,MST,Novice,1,2,57636.333333333256,0,0.0,
P23_T4_DEVICE1-2_315,P23,MST,Novice,1,3,57636.33333333337,0,0.0,
P23_T5_DEVICE2-2_316,P23,ATG,Novice,1,1,39741.33333333337,3,0.0754881567469636,7072.666666666667
P23_T5_DEVICE2-2_316,P23,ATG,Novice,1,2,39741.333333333256,1,0.0251627189156546,4869.0
P23_T5_DEVICE2-2_316,P23,ATG,Novice,1,3,39741.33333333337,0,0.0,
P23_T6_DEVICE3-2_317,P23,CON,Novice,1,1,31006.0,3,0.0967554666838676,4214.333333333333
P23_T6_DEVICE3-2_317,P23,CON,Novice,1,2,31006.0,3,0.0967554666838676,10359.0
P23_T6_DEVICE3-2_317,P23,CON,Novice,1,3,31006.0,0,0.0,
P23_T7_DEVICE3-3_318,P23,CON,Novice,1,1,27161.33333333337,4,0.1472681753473072,991.5
P23_T7_DEVICE3-3_318,P23,CON,Novice,1,2,27161.333333333256,3,0.1104511315104809,10351.666666666666
P23_T7_DEVICE3-3_318,P23,CON,Novice,1,3,27161.33333333337,0,0.0,
P23_T8_DEVICE2-3_319,P23,ATG,Novice,1,1,39482.66666666674,10,0.2532756990409288,1031.9
P23_T8_DEVICE2-3_319,P23,ATG,Novice,1,2,39482.66666666651,2,0.050655139808186,15928.5
P23_T8_DEVICE2-3_319,P23,ATG,Novice,1,3,39482.66666666674,2,0.0506551398081857,240.0
P23_T9_DEVICE1-3_320,P23,MST,Novice,0,1,123645.0,6,0.04852602207934,8812.333333333334
P23_T9_DEVICE1-3_320,P23,MST,Novice,0,2,123645.0,2,0.0161753406931133,4147.5
P23_T9_DEVICE1-3_320,P23,MST,Novice,0,3,123645.0,31,0.2507177807432569,1330.8064516129032
P23_T10_DEVICE3-4_321,P23,CON,Novice,1,1,24860.333333333256,4,0.160898888456846,641.0
P23_T10_DEVICE3-4_321,P23,CON,Novice,1,2,24860.33333333349,2,0.0804494442284222,9326.5
P23_T10_DEVICE3-4_321,P23,CON,Novice,1,3,24860.333333333256,0,0.0,
P23_T11_DEVICE1-4_322,P23,MST,Novice,1,1,59351.66666666674,13,0.2190334447221361,1911.076923076923
P23_T11_DEVICE1-4_322,P23,MST,Novice,1,2,59351.66666666651,0,0.0,
P23_T11_DEVICE1-4_322,P23,MST,Novice,1,3,59351.66666666674,0,0.0,
P23_T12_DEVICE2-4_323,P23,ATG,Novice,1,1,37272.66666666674,3,0.0804879357527409,1095.3333333333333
P23_T12_DEVICE2-4_323,P23,ATG,Novice,1,2,37272.66666666651,1,0.0268293119175804,39972.0
P23_T12_DEVICE2-4_323,P23,ATG,Novice,1,3,37272.66666666674,0,0.0,
P23_T13_DEVICE1-5_324,P23,MST,Novice,0,1,105775.66666666653,3,0.0283619105843499,5516.666666666667
P23_T13_DEVICE1-5_324,P23,MST,Novice,0,2,105775.66666666698,22,0.2079873442852319,1544.6818181818182
P23_T13_DEVICE1-5_324,P23,MST,Novice,0,3,105775.66666666653,34,0.3214349866226326,2098.4411764705883
P23_T14_DEVICE1-5_325,P23,MST,Novice,1,1,53471.0,11,0.2057189878625797,2353.3636363636365
P23_T14_DEVICE1-5_325,P23,MST,Novice,1,2,53471.0,1,0.0187017261693254,2144.0
P23_T14_DEVICE1-5_325,P23,MST,Novice,1,3,53471.0,0,0.0,
P23_T15_DEVICE3-5_326,P23,CON,Novice,1,1,40085.66666666651,6,0.1496794365400772,981.8333333333334
P23_T15_DEVICE3-5_326,P23,CON,Novice,1,2,40085.66666666698,2,0.0498931455133585,18975.0
P23_T15_DEVICE3-5_326,P23,CON,Novice,1,3,40085.66666666651,0,0.0,
P23_T16_DEVICE2-5_327,P23,ATG,Novice,1,1,34702.66666666651,6,0.1728973758020525,1883.1666666666667
P23_T16_DEVICE2-5_327,P23,ATG,Novice,1,2,34702.66666666698,1,0.0288162293003416,32899.0
P23_T16_DEVICE2-5_327,P23,ATG,Novice,1,3,34702.66666666651,0,0.0,
P24_T1_DEVICE3-1_328,P24,CON,Intermediate,1,1,39483.66666666666,56,1.418307992334383,502.25
P24_T1_DEVICE3-1_328,P24,CON,Intermediate,1,2,39483.66666666666,35,0.8864424952089894,522.6857142857143
P24_T1_DEVICE3-1_328,P24,CON,Intermediate,1,3,39483.66666666667,28,0.7091539961671914,349.9642857142857
P24_T2_DEVICE2-1_329,P24,ATG,Intermediate,0,1,41653.66666666666,11,0.2640823937068365,271.45454545454544
P24_T2_DEVICE2-1_329,P24,ATG,Intermediate,0,2,41653.66666666666,68,1.6325093429149895,479.88235294117646
P24_T2_DEVICE2-1_329,P24,ATG,Intermediate,0,3,41653.666666666686,0,0.0,
P24_T3_DEVICE1-1_330,P24,MST,Intermediate,1,1,32728.333333333318,84,2.5665834903498514,206.75
P24_T3_DEVICE1-1_330,P24,MST,Intermediate,1,2,32728.33333333337,21,0.6416458725874616,219.28571428571428
P24_T3_DEVICE1-1_330,P24,MST,Intermediate,1,3,32728.333333333318,0,0.0,
P24_T4_DEVICE1-2_331,P24,MST,Intermediate,1,1,24485.333333333318,25,1.0210193857547385,148.16
P24_T4_DEVICE1-2_331,P24,MST,Intermediate,1,2,24485.333333333318,32,1.306904813766065,155.875
P24_T4_DEVICE1-2_331,P24,MST,Intermediate,1,3,24485.33333333337,10,0.4084077543018943,204.4
P24_T5_DEVICE3-2_332,P24,CON,Intermediate,1,1,17856.33333333333,26,1.456066008325711,438.34615384615387
P24_T5_DEVICE3-2_332,P24,CON,Intermediate,1,2,17856.333333333336,27,1.5120685471074686,437.8148148148149
P24_T5_DEVICE3-2_332,P24,CON,Intermediate,1,3,17856.333333333336,10,0.560025387817581,1446.6
P24_T6_DEVICE2-2_333,P24,ATG,Intermediate,1,1,23628.33333333333,25,1.0580517740001414,189.96
P24_T6_DEVICE2-2_333,P24,ATG,Intermediate,1,2,23628.33333333333,3,0.1269662128800169,1683.3333333333333
P24_T6_DEVICE2-2_333,P24,ATG,Intermediate,1,3,23628.333333333343,0,0.0,
P24_T7_DEVICE3-3_334,P24,CON,Intermediate,1,1,19144.666666666657,33,1.7237176585297915,239.2121212121212
P24_T7_DEVICE3-3_334,P24,CON,Intermediate,1,2,19144.66666666669,29,1.5147821847686025,236.31034482758625
P24_T7_DEVICE3-3_334,P24,CON,Intermediate,1,3,19144.666666666657,0,0.0,
P24_T8_DEVICE2-3_335,P24,ATG,Intermediate,1,1,18944.0,20,1.0557432432432432,793.3
P24_T8_DEVICE2-3_335,P24,ATG,Intermediate,1,2,18944.0,48,2.533783783783784,349.2916666666667
P24_T8_DEVICE2-3_335,P24,ATG,Intermediate,1,3,18944.0,0,0.0,
P24_T9_DEVICE1-3_336,P24,MST,Intermediate,1,1,61286.666666666686,58,0.9463722397476338,212.79310344827587
P24_T9_DEVICE1-3_336,P24,MST,Intermediate,1,2,61286.66666666663,91,1.4848254106385304,198.7362637362637
P24_T9_DEVICE1-3_336,P24,MST,Intermediate,1,3,61286.666666666686,19,0.3100184923311214,257.2105263157895
P24_T10_DEVICE3-4_337,P24,CON,Intermediate,1,1,15945.666666666628,24,1.50511110646571,146.04166666666666
P24_T10_DEVICE3-4_337,P24,CON,Intermediate,1,2,15945.666666666744,10,0.6271296276940413,204.4
P24_T10_DEVICE3-4_337,P24,CON,Intermediate,1,3,15945.666666666628,2,0.1254259255388091,311.0
P24_T11_DEVICE1-4_338,P24,MST,Intermediate,1,1,37185.66666666663,33,0.8874387084629392,164.57575757575756
P24_T11_DEVICE1-4_338,P24,MST,Intermediate,1,2,37185.66666666674,31,0.8336545443136676,146.06451612903226
P24_T11_DEVICE1-4_338,P24,MST,Intermediate,1,3,37185.66666666663,0,0.0,
P24_T12_DEVICE2-4_339,P24,ATG,Intermediate,0,1,15717.333333333372,18,1.1452324397692542,243.77777777777777
P24_T12_DEVICE2-4_339,P24,ATG,Intermediate,0,2,15717.333333333256,3,0.190872073294877,153.66666666666666
P24_T12_DEVICE2-4_339,P24,ATG,Intermediate,0,3,15717.333333333372,0,0.0,
P24_T13_DEVICE3-5_340,P24,CON,Intermediate,1,1,17801.0,10,0.5617661929105107,204.2
P24_T13_DEVICE3-5_340,P24,CON,Intermediate,1,2,17801.0,16,0.8988259086568171,395.75
P24_T13_DEVICE3-5_340,P24,CON,Intermediate,1,3,17801.0,0,0.0,
P24_T14_DEVICE1-5_341,P24,MST,Intermediate,1,1,39450.66666666674,7,0.1774367987021762,1451.142857142857
P24_T14_DEVICE1-5_341,P24,MST,Intermediate,1,2,39450.66666666651,0,0.0,
P24_T14_DEVICE1-5_341,P24,MST,Intermediate,1,3,39450.66666666674,0,0.0,
P24_T15_DEVICE2-5_342,P24,ATG,Intermediate,1,1,17732.333333333256,38,2.1429779874805064,258.8684210526316
P24_T15_DEVICE2-5_342,P24,ATG,Intermediate,1,2,17732.33333333349,2,0.1127883151305514,140.0
P24_T15_DEVICE2-5_342,P24,ATG,Intermediate,1,3,17732.333333333256,0,0.0,
P25_T1_DEVICE1-1_343,P25,MST,Novice,0,1,101841.66666666669,54,0.5302348416659848,1894.037037037037
P25_T1_DEVICE1-1_343,P25,MST,Novice,0,2,101841.66666666669,2,0.0196383274691105,2575.0
P25_T1_DEVICE1-1_343,P25,MST,Novice,0,3,101841.66666666666,26,0.2552982570984371,2143.846153846154
P25_T2_DEVICE3-1_344,P25,CON,Novice,0,1,72503.0,28,0.3861909162379487,3690.25
P25_T2_DEVICE3-1_344,P25,CON,Novice,0,2,72503.0,20,0.2758506544556777,3278.0
P25_T2_DEVICE3-1_344,P25,CON,Novice,0,3,72503.0,1,0.0137925327227838,21739.0
P25_T3_DEVICE2-1_345,P25,ATG,Novice,0,1,62856.33333333337,30,0.4772788740461048,1932.1333333333332
P25_T3_DEVICE2-1_345,P25,ATG,Novice,0,2,62856.333333333256,11,0.1750022538169054,3234.909090909091
P25_T3_DEVICE2-1_345,P25,ATG,Novice,0,3,62856.33333333337,10,0.1590929580153682,3850.8
P25_T4_DEVICE2-2_346,P25,ATG,Novice,1,1,61151.33333333334,41,0.6704678011926695,1385.8048780487804
P25_T4_DEVICE2-2_346,P25,ATG,Novice,1,2,61151.33333333334,15,0.2452930979973181,3374.0
P25_T4_DEVICE2-2_346,P25,ATG,Novice,1,3,61151.333333333314,0,0.0,
P25_T5_DEVICE1-2_347,P25,MST,Novice,0,1,112127.0,27,0.2407983804079303,2229.185185185185
P25_T5_DEVICE1-2_347,P25,MST,Novice,0,2,112127.0,43,0.383493716945963,3431.8372093023254
P25_T5_DEVICE1-2_347,P25,MST,Novice,0,3,112127.0,6,0.0535107512017622,7176.166666666667
P25_T6_DEVICE3-2_348,P25,CON,Novice,1,1,45122.0,22,0.4875670404680643,2230.3636363636365
P25_T6_DEVICE3-2_348,P25,CON,Novice,1,2,45122.0,13,0.2881077966402198,3134.846153846154
P25_T6_DEVICE3-2_348,P25,CON,Novice,1,3,45122.0,3,0.0664864146092815,1148.6666666666667
P25_T7_DEVICE1-3_349,P25,MST,Novice,1,1,76123.33333333337,7,0.0919560362569513,3812.428571428572
P25_T7_DEVICE1-3_349,P25,MST,Novice,1,2,76123.33333333326,0,0.0,
P25_T7_DEVICE1-3_349,P25,MST,Novice,1,3,76123.33333333337,0,0.0,
P25_T8_DEVICE2-3_350,P25,ATG,Novice,1,1,37584.0,22,0.5853554704129417,867.8181818181819
P25_T8_DEVICE2-3_350,P25,ATG,Novice,1,2,37584.0,9,0.239463601532567,2878.555555555556
P25_T8_DEVICE2-3_350,P25,ATG,Novice,1,3,37584.0,0,0.0,
P25_T9_DEVICE3-3_351,P25,CON,Novice,1,1,27862.0,3,0.1076735338453808,2337.6666666666665
P25_T9_DEVICE3-3_351,P25,CON,Novice,1,2,27862.0,9,0.3230206015361424,2575.8888888888887
P25_T9_DEVICE3-3_351,P25,CON,Novice,1,3,27862.0,0,0.0,
P25_T10_DEVICE1-4_352,P25,MST,Novice,1,1,65553.33333333326,7,0.1067832807891794,3019.5714285714284
P25_T10_DEVICE1-4_352,P25,MST,Novice,1,2,65553.33333333349,3,0.0457642631953624,3178.6666666666665
P25_T10_DEVICE1-4_352,P25,MST,Novice,1,3,65553.33333333326,0,0.0,
P25_T11_DEVICE3-4_353,P25,CON,Novice,1,1,24190.0,3,0.1240181893344357,1529.0
P25_T11_DEVICE3-4_353,P25,CON,Novice,1,2,24190.0,3,0.1240181893344357,5015.666666666667
P25_T11_DEVICE3-4_353,P25,CON,Novice,1,3,24190.0,0,0.0,
P25_T12_DEVICE2-4_354,P25,ATG,Novice,1,1,50192.0,7,0.1394644564870895,1565.7142857142858
P25_T12_DEVICE2-4_354,P25,ATG,Novice,1,2,50192.0,11,0.2191584316225693,3384.3636363636365
P25_T12_DEVICE2-4_354,P25,ATG,Novice,1,3,50192.0,2,0.0398469875677398,4538.0
P25_T13_DEVICE3-5_355,P25,CON,Novice,0,1,20439.0,8,0.3914085816331523,1715.375
P25_T13_DEVICE3-5_355,P25,CON,Novice,0,2,20439.0,2,0.097852145408288,1953.5
P25_T13_DEVICE3-5_355,P25,CON,Novice,0,3,20439.0,0,0.0,
P25_T14_DEVICE1-5_356,P25,MST,Novice,1,1,57748.333333333256,4,0.069266068284799,8074.5
P25_T14_DEVICE1-5_356,P25,MST,Novice,1,2,57748.33333333349,0,0.0,
P25_T14_DEVICE1-5_356,P25,MST,Novice,1,3,57748.333333333256,0,0.0,
P25_T15_DEVICE2-5_357,P25,ATG,Novice,0,1,15221.0,10,0.6569870573549701,1147.9
P25_T15_DEVICE2-5_357,P25,ATG,Novice,0,2,15221.0,3,0.197096117206491,3219.0
P25_T15_DEVICE2-5_357,P25,ATG,Novice,0,3,15221.0,0,0.0,
P25_T16_DEVICE2-5_358,P25,ATG,Novice,1,1,21516.33333333349,6,0.2788579218887956,3045.5
P25_T16_DEVICE2-5_358,P25,ATG,Novice,1,2,21516.333333333023,1,0.0464763203148002,4027.0
P25_T16_DEVICE2-5_358,P25,ATG,Novice,1,3,21516.33333333349,0,0.0,
P26_T1_DEVICE3-1_359,P26,CON,Novice,0,1,94809.0,706,7.446550432975773,473.5127478753541
P26_T1_DEVICE3-1_359,P26,CON,Novice,0,2,94809.0,569,6.001539938191522,551.9138840070299
P26_T1_DEVICE3-1_359,P26,CON,Novice,0,3,94809.0,395,4.166271134596927,564.1240506329113
P26_T2_DEVICE3-1_360,P26,CON,Novice,0,1,233521.0,1443,6.1793157788807,526.8433818433818
P26_T2_DEVICE3-1_360,P26,CON,Novice,0,2,233521.0,748,3.203138047541763,655.3382352941177
P26_T2_DEVICE3-1_360,P26,CON,Novice,0,3,233521.0,710,3.0404117830944544,529.1042253521126
P26_T3_DEVICE2-1_361,P26,ATG,Novice,0,1,94653.33333333336,189,1.996760107057331,1088.068783068783
P26_T3_DEVICE2-1_361,P26,ATG,Novice,0,2,94653.33333333326,198,2.091843921679112,676.8535353535353
P26_T3_DEVICE2-1_361,P26,ATG,Novice,0,3,94653.33333333336,107,1.1304409071700234,859.8691588785047
P26_T4_DEVICE2-1_362,P26,ATG,Novice,0,1,77912.33333333333,600,7.700963048212308,468.2783333333333
P26_T4_DEVICE2-1_362,P26,ATG,Novice,0,2,77912.33333333333,481,6.1736053769835335,599.0831600831601
P26_T4_DEVICE2-1_362,P26,ATG,Novice,0,3,77912.33333333334,382,4.902946474028502,498.4528795811518
P26_T5_DEVICE2-1_363,P26,ATG,Novice,0,1,30765.0,209,6.793434097188364,498.555023923445
P26_T5_DEVICE2-1_363,P26,ATG,Novice,0,2,30765.0,261,8.48366650414432,418.264367816092
P26_T5_DEVICE2-1_363,P26,ATG,Novice,0,3,30765.0,225,7.313505607020965,501.5244444444445
P26_T6_DEVICE1-1_364,P26,MST,Novice,1,1,180326.0,1224,6.787706708960439,506.3480392156863
P26_T6_DEVICE1-1_364,P26,MST,Novice,1,2,180326.0,716,3.970586604261172,595.090782122905
P26_T6_DEVICE1-1_364,P26,MST,Novice,1,3,180326.0,410,2.273659927021062,771.7536585365854
P26_T7_DEVICE1-2_365,P26,MST,Novice,0,1,99371.66666666664,392,3.9447864079298274,427.0535714285714
P26_T7_DEVICE1-2_365,P26,MST,Novice,0,2,99371.66666666674,198,1.99251966522986,988.530303030303
P26_T7_DEVICE1-2_365,P26,MST,Novice,0,3,99371.66666666664,209,2.1032152021870765,838.976076555024
P26_T8_DEVICE3-2_366,P26,CON,Novice,0,1,17498.666666666668,81,4.628924108503504,545.1234567901234
P26_T8_DEVICE3-2_366,P26,CON,Novice,0,2,17498.666666666668,115,6.571929289850655,558.1913043478261
P26_T8_DEVICE3-2_366,P26,CON,Novice,0,3,17498.666666666664,146,8.343492837549528,389.2808219178082
P26_T9_DEVICE2-2_367,P26,ATG,Novice,0,1,32805.0,243,7.407407407407407,498.6748971193416
P26_T9_DEVICE2-2_367,P26,ATG,Novice,0,2,32805.0,215,6.553878981862521,764.5767441860465
P26_T9_DEVICE2-2_367,P26,ATG,Novice,0,3,32805.0,194,5.913732662703856,386.8453608247423
P26_T10_DEVICE3-3_368,P26,CON,Novice,0,1,22618.0,117,5.172871164559201,469.2136752136752
P26_T10_DEVICE3-3_368,P26,CON,Novice,0,2,22618.0,96,4.244407109381909,774.0416666666666
P26_T10_DEVICE3-3_368,P26,CON,Novice,0,3,22618.0,99,4.377044831550093,400.0808080808081
P26_T11_DEVICE2-3_369,P26,ATG,Novice,0,1,23547.333333333318,85,3.609750573313329,648.1647058823529
P26_T11_DEVICE2-3_369,P26,ATG,Novice,0,2,23547.33333333337,99,4.204297726564926,416.7070707070707
P26_T11_DEVICE2-3_369,P26,ATG,Novice,0,3,23547.333333333318,125,5.308456725460778,562.576
P26_T12_DEVICE1-3_370,P26,MST,Novice,0,1,77625.0,180,2.318840579710145,915.0055555555556
P26_T12_DEVICE1-3_370,P26,MST,Novice,0,2,77625.0,155,1.996779388083736,703.2322580645161
P26_T12_DEVICE1-3_370,P26,MST,Novice,0,3,77625.0,167,2.151368760064412,596.3892215568862
P26_T13_DEVICE3-4_371,P26,CON,Novice,0,1,27868.33333333337,96,3.444770049638175,536.1458333333334
P26_T13_DEVICE3-4_371,P26,CON,Novice,0,2,27868.333333333256,124,4.449494647449328,392.9354838709677
P26_T13_DEVICE3-4_371,P26,CON,Novice,0,3,27868.33333333337,93,3.337120985586982,666.3225806451613
P26_T14_DEVICE1-4_372,P26,MST,Novice,1,1,154547.33333333337,312,2.0187989871495677,959.7019230769232
P26_T14_DEVICE1-4_372,P26,MST,Novice,1,2,154547.33333333337,201,1.3005724244136636,722.1094527363184
P26_T14_DEVICE1-4_372,P26,MST,Novice,1,3,154547.33333333326,6,0.038823057445184,447.5
P26_T15_DEVICE2-4_373,P26,ATG,Novice,0,1,30596.0,15,0.4902601647274153,1391.8666666666666
P26_T15_DEVICE2-4_373,P26,ATG,Novice,0,2,30596.0,5,0.1634200549091384,2673.0
P26_T15_DEVICE2-4_373,P26,ATG,Novice,0,3,30596.0,1,0.0326840109818276,1262.0
P26_T16_DEVICE3-5_374,P26,CON,Novice,1,1,27828.666666666744,4,0.1437366744124759,5474.75
P26_T16_DEVICE3-5_374,P26,CON,Novice,1,2,27828.66666666651,4,0.1437366744124771,1202.25
P26_T16_DEVICE3-5_374,P26,CON,Novice,1,3,27828.666666666744,0,0.0,
P26_T17_DEVICE2-5_375,P26,ATG,Novice,0,1,36215.0,270,7.455474251000965,482.1962962962963
P26_T17_DEVICE2-5_375,P26,ATG,Novice,0,2,36215.0,239,6.599475355515669,716.6276150627615
P26_T17_DEVICE2-5_375,P26,ATG,Novice,0,3,36215.0,197,5.439734916471075,404.33502538071065
P26_T18_DEVICE1-5_376,P26,MST,Novice,1,1,301897.66666666674,757,2.50747217876256,726.774108322325
P26_T18_DEVICE1-5_376,P26,MST,Novice,1,2,301897.6666666666,830,2.7492759687885413,663.6698795180723
P26_T18_DEVICE1-5_376,P26,MST,Novice,1,3,301897.6666666666,152,0.5034818641636847,797.3618421052631
P27_T1_DEVICE2-1_377,P27,ATG,Novice,0,1,53350.0,33,0.6185567010309279,829.3333333333334
P27_T1_DEVICE2-1_377,P27,ATG,Novice,0,2,53350.0,6,0.1124648547328959,581.0
P27_T1_DEVICE2-1_377,P27,ATG,Novice,0,3,53350.0,0,0.0,
P27_T2_DEVICE3-1_378,P27,CON,Novice,1,1,41812.33333333334,11,0.2630802713712859,959.9090909090908
P27_T2_DEVICE3-1_378,P27,CON,Novice,1,2,41812.33333333334,31,0.7414080375008967,832.5483870967741
P27_T2_DEVICE3-1_378,P27,CON,Novice,1,3,41812.333333333314,4,0.0956655532259222,1487.5
P27_T3_DEVICE1-1_379,P27,MST,Novice,1,1,64542.666666666686,31,0.4803024355981571,826.0645161290323
P27_T3_DEVICE1-1_379,P27,MST,Novice,1,2,64542.66666666663,17,0.2633916582312476,1964.7058823529408
P27_T3_DEVICE1-1_379,P27,MST,Novice,1,3,64542.666666666686,16,0.2478980312764682,719.9375
P27_T4_DEVICE1-2_380,P27,MST,Novice,1,1,43698.66666666663,23,0.5263318484164281,691.7826086956521
P27_T4_DEVICE1-2_380,P27,MST,Novice,1,2,43698.66666666674,6,0.1373039604564591,2321.0
P27_T4_DEVICE1-2_380,P27,MST,Novice,1,3,43698.66666666663,4,0.0915359736376396,2048.75
P27_T5_DEVICE2-2_381,P27,ATG,Novice,1,1,32204.33333333337,14,0.4347241054516467,997.4285714285714
P27_T5_DEVICE2-2_381,P27,ATG,Novice,1,2,32204.333333333256,10,0.3105172181797488,1274.4
P27_T5_DEVICE2-2_381,P27,ATG,Novice,1,3,32204.33333333337,0,0.0,
P27_T6_DEVICE3-2_382,P27,CON,Novice,1,1,11086.666666666628,6,0.5411906193625996,1606.3333333333333
P27_T6_DEVICE3-2_382,P27,CON,Novice,1,2,11086.666666666744,1,0.0901984365604323,921.0
P27_T6_DEVICE3-2_382,P27,CON,Novice,1,3,11086.666666666628,0,0.0,
P27_T7_DEVICE1-3_383,P27,MST,Novice,1,1,37798.66666666663,8,0.2116476771667433,1247.375
P27_T7_DEVICE1-3_383,P27,MST,Novice,1,2,37798.66666666674,5,0.1322797982292141,1030.0
P27_T7_DEVICE1-3_383,P27,MST,Novice,1,3,37798.66666666663,6,0.1587357578750574,1085.0
P27_T8_DEVICE2-3_384,P27,ATG,Novice,1,1,24733.0,5,0.2021590587474224,897.4
P27_T8_DEVICE2-3_384,P27,ATG,Novice,1,2,24733.0,18,0.7277726114907209,901.5555555555557
P27_T8_DEVICE2-3_384,P27,ATG,Novice,1,3,24733.0,0,0.0,
P27_T9_DEVICE3-3_385,P27,CON,Novice,1,1,29290.333333333256,19,0.6486781759624922,493.5263157894737
P27_T9_DEVICE3-3_385,P27,CON,Novice,1,2,29290.33333333349,24,0.81938295911051,492.4583333333333
P27_T9_DEVICE3-3_385,P27,CON,Novice,1,3,29290.333333333256,22,0.7511010458513068,507.27272727272725
P27_T10_DEVICE1-4_386,P27,MST,Novice,1,1,32210.0,20,0.6209251785159888,595.0
P27_T10_DEVICE1-4_386,P27,MST,Novice,1,2,32210.0,17,0.5277864017385905,400.7647058823529
P27_T10_DEVICE1-4_386,P27,MST,Novice,1,3,32210.0,0,0.0,
P27_T11_DEVICE2-4_387,P27,ATG,Novice,0,1,27915.333333333256,9,0.3224034580756105,1026.2222222222222
P27_T11_DEVICE2-4_387,P27,ATG,Novice,0,2,27915.33333333349,9,0.3224034580756078,251.55555555555557
P27_T11_DEVICE2-4_387,P27,ATG,Novice,0,3,27915.333333333256,37,1.3254364387552875,623.2162162162163
P27_T15_DEVICE2-5_391,P27,ATG,Novice,0,1,58612.33333333337,9,0.1535513003520304,1006.4444444444443
P27_T15_DEVICE2-5_391,P27,ATG,Novice,0,2,58612.333333333256,6,0.1023675335680205,1085.0
P27_T15_DEVICE2-5_391,P27,ATG,Novice,0,3,58612.33333333337,23,0.3924088786774112,900.6521739130435
P27_T16_DEVICE2-5_392,P27,ATG,Novice,1,1,20605.666666666744,15,0.7279550932591331,506.2
P27_T16_DEVICE2-5_392,P27,ATG,Novice,1,2,20605.66666666651,22,1.0676674701134072,507.27272727272725
P27_T16_DEVICE2-5_392,P27,ATG,Novice,1,3,20605.666666666744,0,0.0,
P28_T1_DEVICE1-1_393,P28,MST,Intermediate,1,1,38848.33333333334,35,0.9009395512462994,520.9142857142857
P28_T1_DEVICE1-1_393,P28,MST,Intermediate,1,2,38848.33333333333,38,0.9781629413531256,178.6578947368421
P28_T1_DEVICE1-1_393,P28,MST,Intermediate,1,3,38848.33333333333,0,0.0,
P28_T2_DEVICE2-1_394,P28,ATG,Intermediate,0,1,12492.0,4,0.3202049311559398,1592.5
P28_T2_DEVICE2-1_394,P28,ATG,Intermediate,0,2,12492.0,1,0.0800512327889849,2184.0
P28_T2_DEVICE2-1_394,P28,ATG,Intermediate,0,3,12492.0,0,0.0,
P28_T3_DEVICE2-1_395,P28,ATG,Intermediate,0,1,20196.0,5,0.2475737769855416,2195.8
P28_T3_DEVICE2-1_395,P28,ATG,Intermediate,0,2,20196.0,2,0.0990295107942166,5309.5
P28_T3_DEVICE2-1_395,P28,ATG,Intermediate,0,3,20196.0,0,0.0,
P28_T4_DEVICE3-1_396,P28,CON,Intermediate,1,1,68056.33333333331,176,2.586092893632237,134.53977272727272
P28_T4_DEVICE3-1_396,P28,CON,Intermediate,1,2,68056.33333333331,74,1.0873345120953724,107.45945945945944
P28_T4_DEVICE3-1_396,P28,CON,Intermediate,1,3,68056.33333333337,0,0.0,
P28_T5_DEVICE3-2_397,P28,CON,Intermediate,1,1,25266.0,25,0.9894720177313386,651.56
P28_T5_DEVICE3-2_397,P28,CON,Intermediate,1,2,25266.0,23,0.9103142563128316,841.4782608695652
P28_T5_DEVICE3-2_397,P28,CON,Intermediate,1,3,25266.0,0,0.0,
P28_T6_DEVICE1-2_398,P28,MST,Intermediate,1,1,26524.666666666628,26,0.9802196697413742,578.6153846153846
P28_T6_DEVICE1-2_398,P28,MST,Intermediate,1,2,26524.666666666744,0,0.0,
P28_T6_DEVICE1-2_398,P28,MST,Intermediate,1,3,26524.666666666628,0,0.0,
P28_T7_DEVICE2-2_399,P28,ATG,Intermediate,1,1,21896.666666666628,9,0.4110214644542555,487.44444444444446
P28_T7_DEVICE2-2_399,P28,ATG,Intermediate,1,2,21896.666666666744,10,0.4566905160602815,1540.6
P28_T7_DEVICE2-2_399,P28,ATG,Intermediate,1,3,21896.666666666628,0,0.0,
P28_T8_DEVICE3-3_400,P28,CON,Intermediate,1,1,18697.666666666628,15,0.8022391385734422,430.0
P28_T8_DEVICE3-3_400,P28,CON,Intermediate,1,2,18697.666666666744,3,0.1604478277146874,7754.333333333333
P28_T8_DEVICE3-3_400,P28,CON,Intermediate,1,3,18697.666666666628,0,0.0,
P28_T9_DEVICE2-3_401,P28,ATG,Intermediate,1,1,48231.66666666663,21,0.4353985970489654,983.5714285714286
P28_T9_DEVICE2-3_401,P28,ATG,Intermediate,1,2,48231.66666666674,11,0.2280659317875527,3471.7272727272725
P28_T9_DEVICE2-3_401,P28,ATG,Intermediate,1,3,48231.66666666663,3,0.0621997995784236,2230.6666666666665
P28_T10_DEVICE1-3_402,P28,MST,Intermediate,1,1,34746.0,11,0.3165832038220226,1886.909090909091
P28_T10_DEVICE1-3_402,P28,MST,Intermediate,1,2,34746.0,10,0.2878029125654751,801.4
P28_T10_DEVICE1-3_402,P28,MST,Intermediate,1,3,34746.0,0,0.0,
P28_T11_DEVICE3-4_403,P28,CON,Intermediate,1,1,28654.333333333256,27,0.9422658585670604,544.6296296296297
P28_T11_DEVICE3-4_403,P28,CON,Intermediate,1,2,28654.33333333349,10,0.3489873550248343,1544.6
P28_T11_DEVICE3-4_403,P28,CON,Intermediate,1,3,28654.333333333256,3,0.1046962065074511,3306.0
P28_T12_DEVICE2-4_404,P28,ATG,Intermediate,1,1,29839.333333333256,2,0.0670256261310576,791.5
P28_T12_DEVICE2-4_404,P28,ATG,Intermediate,1,2,29839.33333333349,6,0.2010768783931713,2304.333333333333
P28_T12_DEVICE2-4_404,P28,ATG,Intermediate,1,3,29839.333333333256,7,0.2345896914587016,1016.0
P28_T13_DEVICE1-4_405,P28,MST,Intermediate,1,1,20161.0,5,0.248003571251426,1322.4
P28_T13_DEVICE1-4_405,P28,MST,Intermediate,1,2,20161.0,0,0.0,
P28_T13_DEVICE1-4_405,P28,MST,Intermediate,1,3,20161.0,0,0.0,
P28_T14_DEVICE3-5_406,P28,CON,Intermediate,1,1,15004.333333333256,8,0.5331793037566953,1177.125
P28_T14_DEVICE3-5_406,P28,CON,Intermediate,1,2,15004.333333333489,2,0.1332948259391717,2965.0
P28_T14_DEVICE3-5_406,P28,CON,Intermediate,1,3,15004.333333333256,0,0.0,
P28_T15_DEVICE2-5_407,P28,ATG,Intermediate,1,1,14024.0,4,0.2852253280091272,2574.5
P28_T15_DEVICE2-5_407,P28,ATG,Intermediate,1,2,14024.0,5,0.356531660011409,541.0
P28_T15_DEVICE2-5_407,P28,ATG,Intermediate,1,3,14024.0,0,0.0,
P28_T16_DEVICE1-5_408,P28,MST,Intermediate,1,1,24017.666666666744,9,0.3747241613812043,538.6666666666666
P28_T16_DEVICE1-5_408,P28,MST,Intermediate,1,2,24017.66666666651,0,0.0,
P28_T16_DEVICE1-5_408,P28,MST,Intermediate,1,3,24017.666666666744,0,0.0,
P29_T1_DEVICE3-1_409,P29,CON,Expert,1,1,41530.0,45,1.08355405730797,421.6222222222222
P29_T1_DEVICE3-1_409,P29,CON,Expert,1,2,41530.0,52,1.2521069106669878,702.0
P29_T1_DEVICE3-1_409,P29,CON,Expert,1,3,41530.0,0,0.0,
P29_T2_DEVICE1-1_410,P29,MST,Expert,1,1,36729.333333333314,50,1.3613097614985306,383.42
P29_T2_DEVICE1-1_410,P29,MST,Expert,1,2,36729.33333333337,3,0.0816785856899117,1569.6666666666667
P29_T2_DEVICE1-1_410,P29,MST,Expert,1,3,36729.333333333314,0,0.0,
P29_T3_DEVICE2-1_411,P29,ATG,Expert,0,1,51220.333333333314,53,1.0347453159877915,355.64150943396226
P29_T3_DEVICE2-1_411,P29,ATG,Expert,0,2,51220.33333333337,31,0.6052283923702171,373.5161290322581
P29_T3_DEVICE2-1_411,P29,ATG,Expert,0,3,51220.333333333314,0,0.0,
P29_T4_DEVICE2-2_412,P29,ATG,Expert,1,1,57963.0,70,1.207666959957214,368.3428571428572
P29_T4_DEVICE2-2_412,P29,ATG,Expert,1,2,57963.0,83,1.431947966806411,483.72289156626505
P29_T4_DEVICE2-2_412,P29,ATG,Expert,1,3,57963.0,24,0.414057243413902,195.375
P29_T5_DEVICE3-2_413,P29,CON,Expert,0,1,30281.666666666628,44,1.4530243821894455,212.6136363636364
P29_T5_DEVICE3-2_413,P29,CON,Expert,0,2,30281.666666666744,35,1.1558148494688727,286.8
P29_T5_DEVICE3-2_413,P29,CON,Expert,0,3,30281.666666666628,0,0.0,
P29_T6_DEVICE1-2_414,P29,MST,Expert,1,1,34908.33333333337,69,1.9766053950823563,251.7391304347826
P29_T6_DEVICE1-2_414,P29,MST,Expert,1,2,34908.333333333256,0,0.0,
P29_T6_DEVICE1-2_414,P29,MST,Expert,1,3,34908.33333333337,0,0.0,
P29_T7_DEVICE3-3_415,P29,CON,Expert,1,1,30672.0,66,2.1517996870109544,258.8636363636364
P29_T7_DEVICE3-3_415,P29,CON,Expert,1,2,30672.0,82,2.673448095983307,241.40243902439025
P29_T7_DEVICE3-3_415,P29,CON,Expert,1,3,30672.0,0,0.0,
P29_T8_DEVICE2-3_416,P29,ATG,Expert,1,1,66827.66666666674,143,2.1398323049834627,281.05594405594405
P29_T8_DEVICE2-3_416,P29,ATG,Expert,1,2,66827.66666666651,112,1.6759525745325077,341.8482142857143
P29_T8_DEVICE2-3_416,P29,ATG,Expert,1,3,66827.66666666674,83,1.242000568626765,228.53012048192767
P29_T9_DEVICE1-3_417,P29,MST,Expert,1,1,27876.0,39,1.399052948773138,226.5897435897436
P29_T9_DEVICE1-3_417,P29,MST,Expert,1,2,27876.0,0,0.0,
P29_T9_DEVICE1-3_417,P29,MST,Expert,1,3,27876.0,0,0.0,
P29_T10_DEVICE3-4_418,P29,CON,Expert,1,1,20226.666666666744,42,2.076466710613044,212.7142857142857
P29_T10_DEVICE3-4_418,P29,CON,Expert,1,2,20226.66666666651,24,1.1865524060646104,405.625
P29_T10_DEVICE3-4_418,P29,CON,Expert,1,3,20226.666666666744,0,0.0,
P29_T11_DEVICE1-4_419,P29,MST,Expert,1,1,24846.333333333256,47,1.891627201867485,270.6595744680851
P29_T11_DEVICE1-4_419,P29,MST,Expert,1,2,24846.33333333349,0,0.0,
P29_T11_DEVICE1-4_419,P29,MST,Expert,1,3,24846.333333333256,0,0.0,
P29_T12_DEVICE2-4_420,P29,ATG,Expert,1,1,23523.0,35,1.4879054542362795,301.0857142857143
P29_T12_DEVICE2-4_420,P29,ATG,Expert,1,2,23523.0,27,1.1478127789822727,362.22222222222223
P29_T12_DEVICE2-4_420,P29,ATG,Expert,1,3,23523.0,0,0.0,
P29_T13_DEVICE3-5_421,P29,CON,Expert,1,1,49682.333333333256,74,1.4894630552778678,279.6216216216216
P29_T13_DEVICE3-5_421,P29,CON,Expert,1,2,49682.33333333349,100,2.0127879125376498,345.81
P29_T13_DEVICE3-5_421,P29,CON,Expert,1,3,49682.333333333256,4,0.0805115165015063,255.25
P29_T14_DEVICE1-5_422,P29,MST,Expert,1,1,29520.0,46,1.5582655826558265,276.5652173913044
P29_T14_DEVICE1-5_422,P29,MST,Expert,1,2,29520.0,0,0.0,
P29_T14_DEVICE1-5_422,P29,MST,Expert,1,3,29520.0,0,0.0,
P29_T15_DEVICE2-5_423,P29,ATG,Expert,1,1,63942.0,58,0.9070720340308404,205.5344827586207
P29_T15_DEVICE2-5_423,P29,ATG,Expert,1,2,63942.0,162,2.5335460260861407,251.5493827160494
P29_T15_DEVICE2-5_423,P29,ATG,Expert,1,3,63942.0,20,0.3127834600106346,379.65
P3_T1_DEVICE1-1_31,P3,MST,Expert,1,1,52919.33333333334,5,0.0944834276067977,4532.2
P3_T1_DEVICE1-1_31,P3,MST,Expert,1,2,52919.33333333334,0,0.0,
P3_T1_DEVICE1-1_31,P3,MST,Expert,1,3,52919.333333333314,0,0.0,
P3_T2_DEVICE2-1_32,P3,ATG,Expert,1,1,50024.0,14,0.2798656644810491,2241.214285714286
P3_T2_DEVICE2-1_32,P3,ATG,Expert,1,2,50024.0,2,0.0399808092115784,2584.5
P3_T2_DEVICE2-1_32,P3,ATG,Expert,1,3,50024.0,0,0.0,
P3_T3_DEVICE3-1_33,P3,CON,Expert,1,1,70100.33333333331,16,0.2282442784389994,2851.4375
P3_T3_DEVICE3-1_33,P3,CON,Expert,1,2,70100.33333333331,28,0.3994274872682489,1895.4642857142856
P3_T3_DEVICE3-1_33,P3,CON,Expert,1,3,70100.33333333337,0,0.0,
P3_T4_DEVICE3-2_34,P3,CON,Expert,1,1,54832.0,28,0.5106507149110009,1436.071428571429
P3_T4_DEVICE3-2_34,P3,CON,Expert,1,2,54832.0,13,0.2370878319229646,3848.4615384615386
P3_T4_DEVICE3-2_34,P3,CON,Expert,1,3,54832.0,0,0.0,
P3_T5_DEVICE1-2_35,P3,MST,Expert,0,1,137417.33333333337,57,0.4147948342276082,1949.0350877192984
P3_T5_DEVICE1-2_35,P3,MST,Expert,0,2,137417.33333333337,49,0.3565780153886457,2221.9591836734694
P3_T5_DEVICE1-2_35,P3,MST,Expert,0,3,137417.33333333326,0,0.0,
P3_T6_DEVICE2-2_36,P3,ATG,Expert,1,1,45546.0,6,0.1317349492820445,5603.333333333333
P3_T6_DEVICE2-2_36,P3,ATG,Expert,1,2,45546.0,5,0.1097791244017037,8523.6
P3_T6_DEVICE2-2_36,P3,ATG,Expert,1,3,45546.0,0,0.0,
P3_T7_DEVICE1-3_37,P3,MST,Expert,1,1,130873.66666666674,46,0.3514840011104855,2296.760869565217
P3_T7_DEVICE1-3_37,P3,MST,Expert,1,2,130873.66666666653,16,0.1222553047340821,1925.875
P3_T7_DEVICE1-3_37,P3,MST,Expert,1,3,130873.66666666674,58,0.4431754796610469,626.3103448275862
P3_T8_DEVICE3-3_38,P3,CON,Expert,0,1,106101.0,25,0.2356245464227481,2813.08
P3_T8_DEVICE3-3_38,P3,CON,Expert,0,2,106101.0,55,0.5183740021300459,1506.3818181818183
P3_T8_DEVICE3-3_38,P3,CON,Expert,0,3,106101.0,28,0.2638994919934779,2533.0
P3_T9_DEVICE2-3_39,P3,ATG,Expert,1,1,66799.33333333349,43,0.6437189991916071,944.3720930232558
P3_T9_DEVICE2-3_39,P3,ATG,Expert,1,2,66799.33333333302,16,0.2395233485364136,3539.9375
P3_T9_DEVICE2-3_39,P3,ATG,Expert,1,3,66799.33333333349,0,0.0,
P3_T10_DEVICE1-4_40,P3,MST,Expert,0,1,123239.66666666653,59,0.4787419634911926,857.5084745762712
P3_T10_DEVICE1-4_40,P3,MST,Expert,0,2,123239.66666666698,0,0.0,
P3_T10_DEVICE1-4_40,P3,MST,Expert,0,3,123239.66666666653,21,0.1703996819205939,1174.3333333333333
P3_T11_DEVICE3-4_41,P3,CON,Expert,1,1,56913.66666666651,10,0.175704722357255,2696.9
P3_T11_DEVICE3-4_41,P3,CON,Expert,1,2,56913.66666666698,9,0.1581342501215282,4112.0
P3_T11_DEVICE3-4_41,P3,CON,Expert,1,3,56913.66666666651,0,0.0,
P3_T12_DEVICE2-4_42,P3,ATG,Expert,1,1,41624.66666666651,45,1.081089738456368,643.4222222222222
P3_T12_DEVICE2-4_42,P3,ATG,Expert,1,2,41624.66666666698,20,0.4804843282028249,869.5
P3_T12_DEVICE2-4_42,P3,ATG,Expert,1,3,41624.66666666651,0,0.0,
P3_T13_DEVICE3-5_43,P3,CON,Expert,1,1,39411.33333333349,15,0.3806011807094391,947.0
P3_T13_DEVICE3-5_43,P3,CON,Expert,1,2,39411.33333333302,33,0.8373225975607759,729.1818181818181
P3_T13_DEVICE3-5_43,P3,CON,Expert,1,3,39411.33333333349,0,0.0,
P3_T14_DEVICE2-5_44,P3,ATG,Expert,1,1,36720.33333333349,21,0.5718902333856786,746.047619047619
P3_T14_DEVICE2-5_44,P3,ATG,Expert,1,2,36720.33333333302,16,0.4357258921033796,1805.6875
P3_T14_DEVICE2-5_44,P3,ATG,Expert,1,3,36720.33333333349,0,0.0,
P3_T15_DEVICE1-5_45,P3,MST,Expert,0,1,134145.6666666665,24,0.1789099908805604,2580.5416666666665
P3_T15_DEVICE1-5_45,P3,MST,Expert,0,2,134145.66666666698,13,0.0969095783936365,1197.4615384615386
P3_T15_DEVICE1-5_45,P3,MST,Expert,0,3,134145.6666666665,29,0.2161829056473438,741.3793103448276
P30_T1_DEVICE2-1_424,P30,ATG,Novice,0,1,65191.0,80,1.2271632587320336,940.65
P30_T1_DEVICE2-1_424,P30,ATG,Novice,0,2,65191.0,120,1.8407448880980504,320.875
P30_T1_DEVICE2-1_424,P30,ATG,Novice,0,3,65191.0,12,0.184074488809805,2521.083333333333
P30_T2_DEVICE3-1_425,P30,CON,Novice,1,1,36086.333333333314,49,1.3578547741989129,584.2857142857143
P30_T2_DEVICE3-1_425,P30,CON,Novice,1,2,36086.33333333337,23,0.6373604042158151,1878.0
P30_T2_DEVICE3-1_425,P30,CON,Novice,1,3,36086.333333333314,10,0.2771132192242678,1218.3
P30_T3_DEVICE1-1_426,P30,MST,Novice,1,1,33189.333333333314,24,0.7231238952273826,956.7083333333334
P30_T3_DEVICE1-1_426,P30,MST,Novice,1,2,33189.33333333337,7,0.2109111361079862,1986.571428571429
P30_T3_DEVICE1-1_426,P30,MST,Novice,1,3,33189.333333333314,12,0.3615619476136913,150.16666666666666
P30_T4_DEVICE1-2_427,P30,MST,Novice,1,1,31876.33333333337,29,0.9097658660029896,1208.2758620689656
P30_T4_DEVICE1-2_427,P30,MST,Novice,1,2,31876.333333333256,13,0.4078260778634106,2202.4615384615386
P30_T4_DEVICE1-2_427,P30,MST,Novice,1,3,31876.33333333337,6,0.1882274205523426,1071.8333333333333
P30_T5_DEVICE2-2_428,P30,ATG,Novice,1,1,39335.333333333336,35,0.8897852651560089,702.9142857142857
P30_T5_DEVICE2-2_428,P30,ATG,Novice,1,2,39335.333333333336,61,1.5507686049861868,909.4098360655738
P30_T5_DEVICE2-2_428,P30,ATG,Novice,1,3,39335.33333333333,75,1.9066827110485909,303.48
P30_T6_DEVICE3-2_429,P30,CON,Novice,0,1,25329.666666666657,8,0.3158351866717552,2374.0
P30_T6_DEVICE3-2_429,P30,CON,Novice,0,2,25329.66666666669,5,0.1973969916698468,2785.0
P30_T6_DEVICE3-2_429,P30,CON,Novice,0,3,25329.666666666657,3,0.1184381950019082,93.33333333333331
P30_T7_DEVICE3-3_430,P30,CON,Novice,1,1,28377.66666666669,39,1.3743201813632775,432.5384615384616
P30_T7_DEVICE3-3_430,P30,CON,Novice,1,2,28377.666666666628,23,0.8104965172142423,1871.9565217391305
P30_T7_DEVICE3-3_430,P30,CON,Novice,1,3,28377.66666666669,10,0.3523897900931481,2061.8
P30_T8_DEVICE2-3_431,P30,ATG,Novice,0,1,25659.0,10,0.38972680151214,426.7
P30_T8_DEVICE2-3_431,P30,ATG,Novice,0,2,25659.0,19,0.740480922873066,898.421052631579
P30_T8_DEVICE2-3_431,P30,ATG,Novice,0,3,25659.0,14,0.545617522116996,1773.2857142857142
P30_T9_DEVICE1-3_432,P30,MST,Novice,1,1,55759.33333333337,39,0.6994344743480907,1005.8205128205128
P30_T9_DEVICE1-3_432,P30,MST,Novice,1,2,55759.333333333256,34,0.6097633878932086,1542.1764705882354
P30_T9_DEVICE1-3_432,P30,MST,Novice,1,3,55759.33333333337,0,0.0,
P30_T10_DEVICE3-4_433,P30,CON,Novice,1,1,36026.33333333337,16,0.4441195791966982,1005.6875
P30_T10_DEVICE3-4_433,P30,CON,Novice,1,2,36026.333333333256,10,0.2775747369979373,1807.1
P30_T10_DEVICE3-4_433,P30,CON,Novice,1,3,36026.33333333337,5,0.1387873684989682,3133.6
P30_T11_DEVICE1-4_434,P30,MST,Novice,1,1,24335.666666666628,8,0.3287356006958242,1795.75
P30_T11_DEVICE1-4_434,P30,MST,Novice,1,2,24335.666666666744,2,0.0821839001739556,110.0
P30_T11_DEVICE1-4_434,P30,MST,Novice,1,3,24335.666666666628,0,0.0,
P30_T12_DEVICE2-4_435,P30,ATG,Novice,1,1,24619.33333333337,11,0.4468033252998991,1362.4545454545455
P30_T12_DEVICE2-4_435,P30,ATG,Novice,1,2,24619.333333333256,7,0.2843293888272099,1683.0
P30_T12_DEVICE2-4_435,P30,ATG,Novice,1,3,24619.33333333337,0,0.0,
P30_T13_DEVICE1-5_436,P30,MST,Novice,1,1,30356.0,14,0.461193833179602,1117.7142857142858
P30_T13_DEVICE1-5_436,P30,MST,Novice,1,2,30356.0,1,0.0329424166556858,1603.0
P30_T13_DEVICE1-5_436,P30,MST,Novice,1,3,30356.0,0,0.0,
P30_T14_DEVICE3-5_437,P30,CON,Novice,1,1,26106.0,22,0.8427181490845016,458.09090909090907
P30_T14_DEVICE3-5_437,P30,CON,Novice,1,2,26106.0,16,0.6128859266069102,1501.4375
P30_T14_DEVICE3-5_437,P30,CON,Novice,1,3,26106.0,0,0.0,
P30_T15_DEVICE2-5_438,P30,ATG,Novice,1,1,24541.0,16,0.6519701723646143,751.25
P30_T15_DEVICE2-5_438,P30,ATG,Novice,1,2,24541.0,4,0.1629925430911535,1798.25
P30_T15_DEVICE2-5_438,P30,ATG,Novice,1,3,24541.0,0,0.0,
P4_T1_DEVICE2-1_46,P4,ATG,Intermediate,1,1,54547.0,24,0.4399875336865456,1102.75
P4_T1_DEVICE2-1_46,P4,ATG,Intermediate,1,2,54547.0,24,0.4399875336865456,1721.4583333333333
P4_T1_DEVICE2-1_46,P4,ATG,Intermediate,1,3,54547.0,20,0.3666562780721213,1632.95
P4_T2_DEVICE3-1_47,P4,CON,Intermediate,1,1,35661.666666666686,24,0.6729915408702152,1319.125
P4_T2_DEVICE3-1_47,P4,CON,Intermediate,1,2,35661.66666666663,10,0.2804131420292567,3025.3
P4_T2_DEVICE3-1_47,P4,CON,Intermediate,1,3,35661.666666666686,13,0.3645370846380332,2370.3076923076924
P4_T3_DEVICE1-1_48,P4,MST,Intermediate,1,1,89457.66666666663,20,0.2235694350772992,2809.0
P4_T3_DEVICE1-1_48,P4,MST,Intermediate,1,2,89457.66666666674,36,0.4024249831391381,1011.75
P4_T3_DEVICE1-1_48,P4,MST,Intermediate,1,3,89457.66666666663,54,0.603637474708708,1401.7777777777778
P4_T4_DEVICE1-2_49,P4,MST,Intermediate,1,1,51091.33333333337,22,0.4306014066312613,1548.2272727272727
P4_T4_DEVICE1-2_49,P4,MST,Intermediate,1,2,51091.333333333256,14,0.2740190769471669,1536.928571428571
P4_T4_DEVICE1-2_49,P4,MST,Intermediate,1,3,51091.33333333337,14,0.2740190769471663,1937.7857142857144
P4_T5_DEVICE2-2_50,P4,ATG,Intermediate,1,1,41969.66666666666,4,0.0953069280194426,260.5
P4_T5_DEVICE2-2_50,P4,ATG,Intermediate,1,2,41969.66666666666,18,0.4288811760874919,1069.611111111111
P4_T5_DEVICE2-2_50,P4,ATG,Intermediate,1,3,41969.666666666686,23,0.5480148361117948,1933.9130434782608
P4_T6_DEVICE3-2_51,P4,CON,Intermediate,1,1,22116.333333333318,9,0.4069390646430243,1313.5555555555557
P4_T6_DEVICE3-2_51,P4,CON,Intermediate,1,2,22116.33333333337,10,0.4521545162700259,1019.9
P4_T6_DEVICE3-2_51,P4,CON,Intermediate,1,3,22116.333333333318,8,0.3617236130160216,1835.75
P4_T7_DEVICE3-3_52,P4,CON,Intermediate,1,1,26596.333333333318,23,0.8647808595169767,713.5217391304348
P4_T7_DEVICE3-3_52,P4,CON,Intermediate,1,2,26596.33333333337,3,0.1127975034152575,12616.0
P4_T7_DEVICE3-3_52,P4,CON,Intermediate,1,3,26596.333333333318,9,0.3383925102457735,865.8888888888889
P4_T8_DEVICE2-3_53,P4,ATG,Intermediate,1,1,24672.66666666669,13,0.5268988624388659,2370.3076923076924
P4_T8_DEVICE2-3_53,P4,ATG,Intermediate,1,2,24672.666666666628,6,0.2431840903564001,801.3333333333334
P4_T8_DEVICE2-3_53,P4,ATG,Intermediate,1,3,24672.66666666669,11,0.4458374989867326,2398.818181818182
P4_T9_DEVICE1-3_54,P4,MST,Intermediate,1,1,38585.33333333337,3,0.0777497494730294,6465.0
P4_T9_DEVICE1-3_54,P4,MST,Intermediate,1,2,38585.333333333256,9,0.2332492484190889,903.7777777777778
P4_T9_DEVICE1-3_54,P4,MST,Intermediate,1,3,38585.33333333337,24,0.6219979957842352,1124.4583333333333
P4_T10_DEVICE3-4_55,P4,CON,Intermediate,1,1,20896.33333333337,7,0.3349869993140736,1837.571428571429
P4_T10_DEVICE3-4_55,P4,CON,Intermediate,1,2,20896.333333333256,12,0.5742634273955579,2272.5
P4_T10_DEVICE3-4_55,P4,CON,Intermediate,1,3,20896.33333333337,18,0.8613951410933322,425.1111111111111
P4_T11_DEVICE1-4_56,P4,MST,Intermediate,1,1,43511.33333333337,25,0.5745629491167047,1742.4
P4_T11_DEVICE1-4_56,P4,MST,Intermediate,1,2,43511.333333333256,14,0.3217552515053555,2082.214285714286
P4_T11_DEVICE1-4_56,P4,MST,Intermediate,1,3,43511.33333333337,13,0.2987727335406864,1046.3846153846157
P4_T12_DEVICE2-4_57,P4,ATG,Intermediate,1,1,33964.66666666663,7,0.2060965316897955,1385.428571428571
P4_T12_DEVICE2-4_57,P4,ATG,Intermediate,1,2,33964.666666666744,12,0.3533083400396482,3078.833333333333
P4_T12_DEVICE2-4_57,P4,ATG,Intermediate,1,3,33964.66666666663,7,0.2060965316897955,815.8571428571429
P4_T13_DEVICE1-5_58,P4,MST,Intermediate,1,1,37764.66666666663,3,0.0794393348279697,674.6666666666666
P4_T13_DEVICE1-5_58,P4,MST,Intermediate,1,2,37764.66666666674,1,0.0264797782759898,17191.0
P4_T13_DEVICE1-5_58,P4,MST,Intermediate,1,3,37764.66666666663,6,0.1588786696559395,527.5
P4_T14_DEVICE3-5_59,P4,CON,Intermediate,1,1,24480.666666666744,1,0.0408485607690421,2845.0
P4_T14_DEVICE3-5_59,P4,CON,Intermediate,1,2,24480.66666666651,2,0.0816971215380849,6572.0
P4_T14_DEVICE3-5_59,P4,CON,Intermediate,1,3,24480.666666666744,2,0.0816971215380842,2995.0
P4_T15_DEVICE2-5_60,P4,ATG,Intermediate,1,1,30896.666666666744,5,0.1618297550976369,2880.8
P4_T15_DEVICE2-5_60,P4,ATG,Intermediate,1,2,30896.66666666651,2,0.0647319020390552,5830.5
P4_T15_DEVICE2-5_60,P4,ATG,Intermediate,1,3,30896.666666666744,11,0.3560254612148011,1342.3636363636365
P5_T1_DEVICE2-1_61,P5,ATG,Intermediate,0,1,64989.333333333336,21,0.3231299495301793,1711.6190476190477
P5_T1_DEVICE2-1_61,P5,ATG,Intermediate,0,2,64989.333333333336,11,0.1692585449919987,5318.545454545455
P5_T1_DEVICE2-1_61,P5,ATG,Intermediate,0,3,64989.33333333333,29,0.4462270731607238,2277.793103448276
P5_T2_DEVICE1-1_62,P5,MST,Intermediate,0,1,143350.0,59,0.4115800488315312,926.0508474576272
P5_T2_DEVICE1-1_62,P5,MST,Intermediate,0,2,143350.0,7,0.0488315312173003,606.8571428571429
P5_T2_DEVICE1-1_62,P5,MST,Intermediate,0,3,143350.0,1,0.0069759330310429,1763.0
P5_T3_DEVICE3-1_63,P5,CON,Intermediate,0,1,38413.0,0,0.0,
P5_T3_DEVICE3-1_63,P5,CON,Intermediate,0,2,38413.0,15,0.390492801916018,1109.9333333333334
P5_T3_DEVICE3-1_63,P5,CON,Intermediate,0,3,38413.0,3,0.0780985603832036,1703.0
P5_T4_DEVICE3-2_64,P5,CON,Intermediate,0,1,29679.666666666628,8,0.2695448062085157,1147.125
P5_T4_DEVICE3-2_64,P5,CON,Intermediate,0,2,29679.666666666744,2,0.0673862015521286,220.0
P5_T4_DEVICE3-2_64,P5,CON,Intermediate,0,3,29679.666666666628,0,0.0,
P5_T5_DEVICE2-2_65,P5,ATG,Intermediate,0,1,36902.0,53,1.4362365183458892,292.9245283018868
P5_T5_DEVICE2-2_65,P5,ATG,Intermediate,0,2,36902.0,50,1.3549401116470652,272.78
P5_T5_DEVICE2-2_65,P5,ATG,Intermediate,0,3,36902.0,9,0.2438892200964717,153.66666666666666
P5_T6_DEVICE1-2_66,P5,MST,Intermediate,0,1,190811.66666666677,142,0.7441892966013606,358.09859154929575
P5_T6_DEVICE1-2_66,P5,MST,Intermediate,0,2,190811.6666666665,322,1.6875278415890027,201.7670807453416
P5_T6_DEVICE1-2_66,P5,MST,Intermediate,0,3,190811.66666666677,11,0.0576484666381335,78.36363636363636
P5_T7_DEVICE3-3_67,P5,CON,Intermediate,0,1,46236.66666666674,24,0.5190685603056728,102.625
P5_T7_DEVICE3-3_67,P5,CON,Intermediate,0,2,46236.66666666651,75,1.6220892509552358,136.32
P5_T7_DEVICE3-3_67,P5,CON,Intermediate,0,3,46236.66666666674,25,0.5406964169850759,144.12
P5_T8_DEVICE2-3_68,P5,ATG,Intermediate,0,1,42741.0,21,0.4913315083877307,106.8095238095238
P5_T8_DEVICE2-3_68,P5,ATG,Intermediate,0,2,42741.0,33,0.7720923703235769,146.9090909090909
P5_T8_DEVICE2-3_68,P5,ATG,Intermediate,0,3,42741.0,0,0.0,
P5_T9_DEVICE1-3_69,P5,MST,Intermediate,0,1,115851.66666666674,132,1.1393880105307066,188.75
P5_T9_DEVICE1-3_69,P5,MST,Intermediate,0,2,115851.66666666674,18,0.1553710923450963,111.44444444444444
P5_T9_DEVICE1-3_69,P5,MST,Intermediate,0,3,115851.66666666653,0,0.0,
P5_T10_DEVICE3-4_70,P5,CON,Intermediate,0,1,27766.66666666651,9,0.3241296518607461,309.55555555555554
P5_T10_DEVICE3-4_70,P5,CON,Intermediate,0,2,27766.666666666977,8,0.2881152460984361,1545.25
P5_T10_DEVICE3-4_70,P5,CON,Intermediate,0,3,27766.66666666651,5,0.1800720288115256,136.2
P5_T11_DEVICE1-4_71,P5,MST,Intermediate,1,1,125781.66666666653,34,0.270309663570473,1825.558823529412
P5_T11_DEVICE1-4_71,P5,MST,Intermediate,1,2,125781.66666666698,10,0.0795028422266094,3966.9
P5_T11_DEVICE1-4_71,P5,MST,Intermediate,1,3,125781.66666666653,0,0.0,
P5_T12_DEVICE2-4_72,P5,ATG,Intermediate,0,1,31656.0,12,0.3790750568612585,397.3333333333333
P5_T12_DEVICE2-4_72,P5,ATG,Intermediate,0,2,31656.0,2,0.063179176143543,3837.0
P5_T12_DEVICE2-4_72,P5,ATG,Intermediate,0,3,31656.0,0,0.0,
P5_T13_DEVICE3-5_73,P5,CON,Intermediate,1,1,15388.0,6,0.3899142188718482,2811.6666666666665
P5_T13_DEVICE3-5_73,P5,CON,Intermediate,1,2,15388.0,0,0.0,
P5_T13_DEVICE3-5_73,P5,CON,Intermediate,1,3,15388.0,0,0.0,
P5_T14_DEVICE2-5_74,P5,ATG,Intermediate,1,1,33268.66666666651,40,1.2023325250986971,132.275
P5_T14_DEVICE2-5_74,P5,ATG,Intermediate,1,2,33268.66666666698,52,1.5630322826282843,241.92307692307693
P5_T14_DEVICE2-5_74,P5,ATG,Intermediate,1,3,33268.66666666651,0,0.0,
P5_T15_DEVICE1-5_75,P5,MST,Intermediate,1,1,103604.33333333347,88,0.8493853217207762,193.4886363636364
P5_T15_DEVICE1-5_75,P5,MST,Intermediate,1,2,103604.33333333302,1,0.0096521059286452,240.0
P5_T15_DEVICE1-5_75,P5,MST,Intermediate,1,3,103604.33333333347,0,0.0,
P6_T1_DEVICE3-1_76,P6,CON,Intermediate,1,1,57191.66666666666,24,0.4196415561707708,2702.2916666666665
P6_T1_DEVICE3-1_76,P6,CON,Intermediate,1,2,57191.66666666666,6,0.1049103890426927,7400.0
P6_T1_DEVICE3-1_76,P6,CON,Intermediate,1,3,57191.666666666686,24,0.4196415561707706,1013.4583333333334
P6_T2_DEVICE2-1_77,P6,ATG,Intermediate,0,1,178638.0,66,0.3694622644678064,2859.681818181818
P6_T2_DEVICE2-1_77,P6,ATG,Intermediate,0,2,178638.0,93,0.5206059181137271,2335.3763440860216
P6_T2_DEVICE2-1_77,P6,ATG,Intermediate,0,3,178638.0,28,0.1567415667439178,2138.035714285714
P6_T3_DEVICE1-1_78,P6,MST,Intermediate,1,1,102244.66666666669,23,0.2249506086707049,1385.8260869565215
P6_T3_DEVICE1-1_78,P6,MST,Intermediate,1,2,102244.66666666669,23,0.2249506086707049,4089.130434782609
P6_T3_DEVICE1-1_78,P6,MST,Intermediate,1,3,102244.66666666666,54,0.5281449073138289,586.9074074074074
P6_T4_DEVICE1-2_79,P6,MST,Intermediate,1,1,145559.66666666663,60,0.4122020981086794,3030.1
P6_T4_DEVICE1-2_79,P6,MST,Intermediate,1,2,145559.66666666663,72,0.4946425177304154,2469.180555555556
P6_T4_DEVICE1-2_79,P6,MST,Intermediate,1,3,145559.66666666674,23,0.1580108042749936,2101.913043478261
P6_T5_DEVICE3-2_80,P6,CON,Intermediate,1,1,24827.33333333337,10,0.4027818801858161,727.4
P6_T5_DEVICE3-2_80,P6,CON,Intermediate,1,2,24827.333333333256,6,0.2416691281114907,5172.666666666667
P6_T5_DEVICE3-2_80,P6,CON,Intermediate,1,3,24827.33333333337,4,0.1611127520743264,1062.0
P6_T6_DEVICE2-2_81,P6,ATG,Intermediate,1,1,91275.0,25,0.2738975623116954,1708.56
P6_T6_DEVICE2-2_81,P6,ATG,Intermediate,1,2,91275.0,17,0.1862503423719528,3836.294117647059
P6_T6_DEVICE2-2_81,P6,ATG,Intermediate,1,3,91275.0,18,0.1972062448644207,2458.777777777778
P6_T7_DEVICE3-3_82,P6,CON,Intermediate,1,1,27779.0,3,0.1079952482090788,1569.3333333333333
P6_T7_DEVICE3-3_82,P6,CON,Intermediate,1,2,27779.0,3,0.1079952482090788,5984.333333333333
P6_T7_DEVICE3-3_82,P6,CON,Intermediate,1,3,27779.0,2,0.0719968321393858,2674.5
P6_T8_DEVICE2-3_83,P6,ATG,Intermediate,1,1,55406.333333333256,7,0.1263393474873512,4179.0
P6_T8_DEVICE2-3_83,P6,ATG,Intermediate,1,2,55406.33333333349,8,0.1443878256998293,6070.875
P6_T8_DEVICE2-3_83,P6,ATG,Intermediate,1,3,55406.333333333256,6,0.1082908692748724,2851.833333333333
P6_T9_DEVICE1-3_84,P6,MST,Intermediate,1,1,126310.0,8,0.0633362362441612,7313.25
P6_T9_DEVICE1-3_84,P6,MST,Intermediate,1,2,126310.0,11,0.0870873248357216,3353.2727272727275
P6_T9_DEVICE1-3_84,P6,MST,Intermediate,1,3,126310.0,8,0.0633362362441612,3065.625
P6_T10_DEVICE3-4_85,P6,CON,Intermediate,1,1,40294.66666666674,29,0.719698223089903,648.0344827586207
P6_T10_DEVICE3-4_85,P6,CON,Intermediate,1,2,40294.66666666651,34,0.8437841236226499,963.4411764705884
P6_T10_DEVICE3-4_85,P6,CON,Intermediate,1,3,40294.66666666674,8,0.198537440852387,2106.25
P6_T11_DEVICE1-4_86,P6,MST,Intermediate,1,1,46488.333333333256,11,0.2366185064353067,2912.454545454545
P6_T11_DEVICE1-4_86,P6,MST,Intermediate,1,2,46488.33333333349,18,0.3871939196214091,878.2222222222222
P6_T11_DEVICE1-4_86,P6,MST,Intermediate,1,3,46488.333333333256,2,0.0430215466246012,1302.5
P6_T12_DEVICE2-4_87,P6,ATG,Intermediate,0,1,92070.0,20,0.2172260236776366,2730.9
P6_T12_DEVICE2-4_87,P6,ATG,Intermediate,0,2,92070.0,22,0.2389486260454002,2450.681818181818
P6_T12_DEVICE2-4_87,P6,ATG,Intermediate,0,3,92070.0,70,0.7602910828717281,637.9857142857143
P6_T13_DEVICE3-5_88,P6,CON,Intermediate,1,1,27017.66666666651,7,0.2590897314103133,1961.0
P6_T13_DEVICE3-5_88,P6,CON,Intermediate,1,2,27017.666666666977,7,0.2590897314103088,2498.5714285714284
P6_T13_DEVICE3-5_88,P6,CON,Intermediate,1,3,27017.66666666651,1,0.0370128187729019,7654.0
P6_T14_DEVICE1-5_89,P6,MST,Intermediate,0,1,288955.6666666665,104,0.3599168038464957,1292.2884615384614
P6_T14_DEVICE1-5_89,P6,MST,Intermediate,0,2,288955.666666667,74,0.2560946488907754,1762.6351351351352
P6_T14_DEVICE1-5_89,P6,MST,Intermediate,0,3,288955.6666666665,102,0.3529953268494477,1009.6470588235294
P6_T15_DEVICE2-5_90,P6,ATG,Intermediate,1,1,98911.66666666653,17,0.1718705242050991,2243.9411764705883
P6_T15_DEVICE2-5_90,P6,ATG,Intermediate,1,2,98911.66666666698,14,0.1415404316983162,3951.357142857143
P6_T15_DEVICE2-5_90,P6,ATG,Intermediate,1,3,98911.66666666653,15,0.1516504625339109,2659.4666666666667
P9_T1_DEVICE2-1_106,P9,ATG,Expert,1,1,36308.333333333336,55,1.5148037640578378,326.72727272727275
P9_T1_DEVICE2-1_106,P9,ATG,Expert,1,2,36308.333333333336,9,0.2478769795731007,1876.7777777777776
P9_T1_DEVICE2-1_106,P9,ATG,Expert,1,3,36308.33333333333,1,0.0275418866192334,2846.0
P9_T2_DEVICE3-1_107,P9,CON,Expert,1,1,28006.0,21,0.7498393201456831,516.1428571428571
P9_T2_DEVICE3-1_107,P9,CON,Expert,1,2,28006.0,32,1.1426122973648505,692.40625
P9_T2_DEVICE3-1_107,P9,CON,Expert,1,3,28006.0,5,0.1785331714632578,492.8
P9_T3_DEVICE1-1_108,P9,MST,Expert,1,1,55209.666666666686,33,0.597721413520579,629.6060606060606
P9_T3_DEVICE1-1_108,P9,MST,Expert,1,2,55209.66666666663,7,0.1267893907467896,369.0
P9_T3_DEVICE1-1_108,P9,MST,Expert,1,3,55209.666666666686,19,0.3441426320269999,237.21052631578948
P9_T4_DEVICE1-2_109,P9,MST,Expert,1,1,36632.666666666686,60,1.637882400043676,310.53333333333336
P9_T4_DEVICE1-2_109,P9,MST,Expert,1,2,36632.66666666663,21,0.5732588400152875,152.66666666666666
P9_T4_DEVICE1-2_109,P9,MST,Expert,1,3,36632.666666666686,8,0.2183843200058234,172.75
P9_T5_DEVICE2-2_110,P9,ATG,Expert,1,1,31031.0,41,1.3212593857755148,290.2682926829268
P9_T5_DEVICE2-2_110,P9,ATG,Expert,1,2,31031.0,25,0.8056459669362895,421.52
P9_T5_DEVICE2-2_110,P9,ATG,Expert,1,3,31031.0,12,0.386710064129419,116.75
P9_T6_DEVICE3-2_111,P9,CON,Expert,1,1,26374.0,24,0.9099871085159628,182.79166666666663
P9_T6_DEVICE3-2_111,P9,CON,Expert,1,2,26374.0,34,1.2891484037309473,226.91176470588235
P9_T6_DEVICE3-2_111,P9,CON,Expert,1,3,26374.0,13,0.4929096837794798,147.76923076923077
P9_T7_DEVICE3-3_112,P9,CON,Expert,1,1,20297.0,47,2.315613144799724,165.7659574468085
P9_T7_DEVICE3-3_112,P9,CON,Expert,1,2,20297.0,16,0.7882938365275656,350.625
P9_T7_DEVICE3-3_112,P9,CON,Expert,1,3,20297.0,11,0.5419520126127013,129.27272727272728
P9_T8_DEVICE2-3_113,P9,ATG,Expert,1,1,18583.0,39,2.098692353226067,173.53846153846155
P9_T8_DEVICE2-3_113,P9,ATG,Expert,1,2,18583.0,22,1.183877737717269,111.04545454545456
P9_T8_DEVICE2-3_113,P9,ATG,Expert,1,3,18583.0,5,0.2690631222084701,104.2
P9_T9_DEVICE1-3_114,P9,MST,Expert,1,1,59424.66666666663,52,0.8750574957649467,155.98076923076923
P9_T9_DEVICE1-3_114,P9,MST,Expert,1,2,59424.66666666663,14,0.2355924027059472,110.28571428571428
P9_T9_DEVICE1-3_114,P9,MST,Expert,1,3,59424.66666666674,2,0.0336560575294209,90.0
P9_T10_DEVICE3-4_115,P9,CON,Expert,1,1,20680.0,6,0.2901353965183752,1973.6666666666667
P9_T10_DEVICE3-4_115,P9,CON,Expert,1,2,20680.0,7,0.3384912959381044,646.8571428571429
P9_T10_DEVICE3-4_115,P9,CON,Expert,1,3,20680.0,5,0.241779497098646,180.2
P9_T11_DEVICE1-4_116,P9,MST,Expert,1,1,33391.0,35,1.0481866371177864,363.5142857142857
P9_T11_DEVICE1-4_116,P9,MST,Expert,1,2,33391.0,7,0.2096373274235572,151.57142857142858
P9_T11_DEVICE1-4_116,P9,MST,Expert,1,3,33391.0,14,0.4192746548471145,240.42857142857144
P9_T12_DEVICE2-4_117,P9,ATG,Expert,1,1,17410.333333333256,29,1.665677471233566,363.3448275862069
P9_T12_DEVICE2-4_117,P9,ATG,Expert,1,2,17410.33333333349,34,1.9528632421358787,206.2058823529412
P9_T12_DEVICE2-4_117,P9,ATG,Expert,1,3,17410.333333333256,0,0.0,
P9_T13_DEVICE3-5_118,P9,CON,Expert,1,1,28361.0,30,1.0577906279750362,206.36666666666667
P9_T13_DEVICE3-5_118,P9,CON,Expert,1,2,28361.0,23,0.810972814780861,419.0
P9_T13_DEVICE3-5_118,P9,CON,Expert,1,3,28361.0,6,0.2115581255950072,110.16666666666669
P9_T14_DEVICE1-5_119,P9,MST,Expert,1,1,50709.0,14,0.2760851130962945,120.28571428571428
P9_T14_DEVICE1-5_119,P9,MST,Expert,1,2,50709.0,6,0.1183221913269833,621.0
P9_T14_DEVICE1-5_119,P9,MST,Expert,1,3,50709.0,13,0.2563647478751306,151.0
P9_T15_DEVICE2-5_120,P9,ATG,Expert,1,1,26517.666666666744,7,0.2639749600894993,664.0
P9_T15_DEVICE2-5_120,P9,ATG,Expert,1,2,26517.66666666651,3,0.1131321257526435,5950.666666666667
P9_T15_DEVICE2-5_120,P9,ATG,Expert,1,3,26517.666666666744,3,0.1131321257526425,694.6666666666666
