Id,Round,Time,Device,FTIS,Start time (ms),End Time (ms),Duration (ms),Needle In (ms),Wire In (ms),Needle Out (ms),Catheter Over Needle (ms),Wire Out (ms),Participant_raw,Participant,Expertise,Abort_participant,Device_name,Repetition,Device_code_clean,Attempt_start_ms,Attempt_end_ms,Attempt_duration_ms,Success,Attempt_sequence,Attempt_ID,Session_index,File,Recording,Recording_min_timestamp_ms,Recording_max_timestamp_ms,Eye_sample_count,Valid_eye_sample_count,Valid_sample_proportion,Fixation_count,Mean_fixation_duration_ms,Median_fixation_duration_ms,SD_fixation_duration_ms,Q1_fixation_duration_ms,Q3_fixation_duration_ms,IQR_fixation_duration_ms,Total_fixation_duration_ms,Max_fixation_duration_ms,Fixation_rate_per_second,Fixation_time_proportion,Long_fixations_review,Sample_interval_ms
P1,1,1,DEVICE2-1,N,937,183691,182754.0,,,,,,P1,P1,Expert,False,ATG,1,DEVICE2-1,937,183691,182754,0,1,P1_T1_DEVICE2-1_1,1,SIMETRIC Recording 15.tsv,Recording 15,19.0,2881933.0,9122,6895,0.7558649418987065,62,664.1290322580645,241.0,868.0246744976512,145.75,851.75,706.0,41176.0,4468.0,0.33925386038062094,0.2253083379843943,0,20.0
P1,1,2,DEVICE3-1,Y,195082,337585,142503.0,,,,,,P1,P1,Expert,False,CON,1,DEVICE3-1,195082,337585,142503,1,2,P1_T2_DEVICE3-1_2,1,SIMETRIC Recording 15.tsv,Recording 15,19.0,2881933.0,7112,5851,0.8226940382452194,117,602.5726495726495,240.0,942.165602584695,100.0,521.0,421.0,70501.0,5550.0,0.8210353466242817,0.4947334442081921,0,20.0
P1,1,3,DEVICE1-1,Y,341687,596099,254412.0,394132.0,428394.0,447088.0,461781.0,527914.0,P1,P1,Expert,False,MST,1,DEVICE1-1,341687,596099,254412,1,3,P1_T3_DEVICE1-1_3,1,SIMETRIC Recording 15.tsv,Recording 15,19.0,2881933.0,12698,8376,0.6596314380217357,56,612.1785714285714,300.0,1138.0385056138216,120.0,641.0,521.0,34282.0,7854.0,0.22011540336147664,0.13474993317925255,0,20.0
P1,2,4,DEVICE1-2,Y,613835,799256,185421.0,639035.0,658695.0,684157.0,702558.0,752402.0,P1,P1,Expert,False,MST,2,DEVICE1-2,613835,799256,185421,1,4,P1_T4_DEVICE1-2_4,1,SIMETRIC Recording 15.tsv,Recording 15,19.0,2881933.0,9254,6071,0.6560406310784526,40,703.25,330.5,1073.0353484272357,115.0,881.75,766.75,28130.0,5570.0,0.2157252954088264,0.15170881399625716,0,20.0
P1,2,5,DEVICE3-2,Y,808762,947479,138717.0,,,,,,P1,P1,Expert,False,CON,2,DEVICE3-2,808762,947479,138717,1,5,P1_T5_DEVICE3-2_5,1,SIMETRIC Recording 15.tsv,Recording 15,19.0,2881933.0,6924,5120,0.7394569612940497,60,486.53333333333336,220.0,656.3542725338554,100.75,616.0,515.25,29192.0,3807.0,0.43253530569432724,0.2104428440638134,0,20.0
P1,2,6,DEVICE2-2,Y,959550,1072819,113269.0,,,,,,P1,P1,Expert,False,ATG,2,DEVICE2-2,959550,1072819,113269,1,6,P1_T6_DEVICE2-2_6,1,SIMETRIC Recording 15.tsv,Recording 15,19.0,2881933.0,5653,4341,0.7679108437997524,51,560.5490196078431,221.0,840.0632669918496,100.0,641.0,541.0,28588.0,3747.0,0.45025558625925893,0.25239032745058226,0,20.0
P1,3,7,DEVICE3-3,Y,1093951,1186315,92364.0,,,,,,P1,P1,Expert,False,CON,3,DEVICE3-3,1093951,1186315,92364,1,7,P1_T7_DEVICE3-3_7,1,SIMETRIC Recording 15.tsv,Recording 15,19.0,2881933.0,4610,3264,0.7080260303687635,51,529.8823529411765,221.0,570.7006447187115,110.0,852.0,742.0,27024.0,2104.0,0.5521631804599194,0.29258152526958553,0,20.0
P1,3,8,DEVICE2-3,Y,1195141,1356029,160888.0,,,,,,P1,P1,Expert,False,ATG,3,DEVICE2-3,1195141,1356029,160888,1,8,P1_T8_DEVICE2-3_8,1,SIMETRIC Recording 15.tsv,Recording 15,19.0,2881933.0,8030,5865,0.7303860523038606,64,578.78125,310.5,826.6531770932794,140.0,641.0,501.0,37042.0,4468.0,0.3977922529958729,0.23023469742926755,0,20.0
P1,3,9,DEVICE1-3,Y,1370414,1558826,188412.0,1402314.0,1434214.0,1466115.0,1482065.0,1513966.0,P1,P1,Expert,False,MST,3,DEVICE1-3,1370414,1558826,188412,1,9,P1_T9_DEVICE1-3_9,1,SIMETRIC Recording 15.tsv,Recording 15,19.0,2881933.0,9404,7014,0.7458528285835815,50,751.64,191.0,2021.693660154823,85.0,530.75,445.75,37582.0,13644.0,0.2653758783941575,0.19946712523618454,1,20.0
P1,4,10,DEVICE3-4,Y,1569283,1737599,168316.0,,,,,,P1,P1,Expert,False,CON,4,DEVICE3-4,1569283,1737599,168316,1,10,P1_T10_DEVICE3-4_10,1,SIMETRIC Recording 15.tsv,Recording 15,19.0,2881933.0,8400,4802,0.5716666666666667,100,336.36,190.5,535.5655656887541,80.0,386.0,306.0,33636.0,4448.0,0.5941205827134676,0.19983839920150193,0,20.0
P1,4,11,DEVICE1-4,Y,1754527,1903063,148536.0,1781443.0,1813343.0,1826303.0,1840259.0,1871163.0,P1,P1,Expert,False,MST,4,DEVICE1-4,1754527,1903063,148536,1,11,P1_T11_DEVICE1-4_11,1,SIMETRIC Recording 15.tsv,Recording 15,19.0,2881933.0,7414,5052,0.6814135419476666,36,1084.638888888889,341.0,1681.4329798933456,140.75,977.0,836.25,39047.0,7313.0,0.2423654871546292,0.26287903269241125,0,20.0
P1,4,12,DEVICE2-4,Y,2041152,2114118,72966.0,,,,,,P1,P1,Expert,False,ATG,4,DEVICE2-4,2041152,2114118,72966,1,12,P1_T12_DEVICE2-4_12,1,SIMETRIC Recording 15.tsv,Recording 15,19.0,2881933.0,3642,2438,0.6694124107633168,36,676.75,410.5,1097.5720314793532,140.75,646.75,506.0,24363.0,5249.0,0.49338047857906425,0.33389523887838174,0,20.0
P1,5,13,DEVICE1-5 ,Y,2123376,2292777,169401.0,2157200.0,2187107.0,2208042.0,2225986.0,2257886.0,P1,P1,Expert,False,MST,5,DEVICE1-5,2123376,2292777,169401,1,13,P1_T13_DEVICE1-5_13,1,SIMETRIC Recording 15.tsv,Recording 15,19.0,2881933.0,8455,5225,0.6179775280898876,30,723.2666666666667,260.5,848.3973911636772,120.25,911.25,791.0,21698.0,3006.0,0.1770945862184993,0.1280866110589666,0,20.0
P1,5,14,DEVICE2-5 ,Y,2392067,2516011,123944.0,,,,,,P1,P1,Expert,False,ATG,5,DEVICE2-5,2392067,2516011,123944,1,14,P1_T14_DEVICE2-5_14,1,SIMETRIC Recording 15.tsv,Recording 15,19.0,2881933.0,6187,4522,0.7308873444318733,58,507.41379310344826,210.0,661.5837731755665,120.0,631.0,511.0,29430.0,3446.0,0.46795326921835667,0.23744594332924546,0,20.0
P1,5,15,DEVICE3-5 ,Y,2612295,2682253,69958.0,,,,,,P1,P1,Expert,False,CON,5,DEVICE3-5,2612295,2682253,69958,1,15,P1_T15_DEVICE3-5_15,1,SIMETRIC Recording 15.tsv,Recording 15,19.0,2881933.0,3492,2551,0.7305269186712485,25,902.52,241.0,1365.7904341442725,80.0,962.0,882.0,22563.0,4848.0,0.35735727150576063,0.32252208467937904,0,20.0
P10,1,1,DEVICE3-1,Y,27242,139542,112300.0,,,,,,P10,P10,Intermediate,False,CON,1,DEVICE3-1,27242,139542,112300,1,1,P10_T1_DEVICE3-1_121,1,SIMETRIC Recording 31.tsv,Recording 31,9.0,2212592.0,5605,5254,0.9373773416592328,61,764.344262295082,221.0,1256.378205865918,100.0,982.0,882.0,46625.0,6512.0,0.5431878895814782,0.4151825467497774,0,20.0
P10,1,2,DEVICE2-1,Y,147769,352537,204768.0,,,,,,P10,P10,Intermediate,False,ATG,1,DEVICE2-1,147769,352537,204768,1,2,P10_T2_DEVICE2-1_122,1,SIMETRIC Recording 31.tsv,Recording 31,9.0,2212592.0,10220,8471,0.8288649706457926,334,238.92814371257484,140.0,335.79140652351776,80.0,240.0,160.0,79802.0,3907.0,1.6311142365994686,0.3897190967338647,0,20.0
P10,1,3,DEVICE1-1,Y,370742,524622,153880.0,412413.0,448458.0,468902.0,485656,506517.0,P10,P10,Intermediate,False,MST,1,DEVICE1-1,370742,524622,153880,1,3,P10_T3_DEVICE1-1_123,1,SIMETRIC Recording 31.tsv,Recording 31,9.0,2212592.0,7680,6954,0.90546875,18,1939.0,130.0,6631.819154207814,65.0,531.0,466.0,34902.0,28432.0,0.11697426566155446,0.2268131011177541,1,20.0
P10,2,4,DEVICE1-2,Y,542533,693981,151448.0,578486.0,621905.0,636668.0,647957,676613.0,P10,P10,Intermediate,False,MST,2,DEVICE1-2,542533,693981,151448,1,4,P10_T4_DEVICE1-2_124,1,SIMETRIC Recording 31.tsv,Recording 31,9.0,2212592.0,7558,6694,0.8856840433977242,114,414.0877192982456,200.0,504.8258888745091,100.0,576.0,476.0,47206.0,2765.0,0.752733611536633,0.31169774444033593,0,20.0
P10,2,5,DEVICE3-2,N,713855,841029,127174.0,,,,,,P10,P10,Intermediate,False,CON,2,DEVICE3-2,713855,841029,127174,0,5,P10_T5_DEVICE3-2_125,1,SIMETRIC Recording 31.tsv,Recording 31,9.0,2212592.0,6347,6096,0.9604537576807941,144,469.53472222222223,250.5,612.7021420477101,100.0,526.0,426.0,67613.0,3627.0,1.1323069180807397,0.5316574142513407,0,20.0
P10,2,6,DEVICE2-2,N,861878,1008954,147076.0,,,,,,P10,P10,Intermediate,False,ATG,2,DEVICE2-2,861878,1008954,147076,0,6,P10_T6_DEVICE2-2_126,1,SIMETRIC Recording 31.tsv,Recording 31,9.0,2212592.0,7341,6087,0.8291785860237025,298,179.63758389261744,120.0,240.26778592450825,80.0,200.75,120.75,53532.0,3447.0,2.026163344121407,0.3639750877097555,0,20.0
P10,3,7,DEVICE3-3,Y,1021548,1113922,92374.0,,,,,,P10,P10,Intermediate,False,CON,3,DEVICE3-3,1021548,1113922,92374,1,7,P10_T7_DEVICE3-3_127,1,SIMETRIC Recording 31.tsv,Recording 31,9.0,2212592.0,4610,2866,0.6216919739696313,136,195.64705882352942,121.0,205.48268484002048,80.0,240.0,160.0,26608.0,1442.0,1.4722757485872648,0.2880464199883084,0,20.0
P10,3,8,DEVICE2-3,N,1126862,1305444,178582.0,,,,,,P10,P10,Intermediate,False,ATG,3,DEVICE2-3,1126862,1305444,178582,0,8,P10_T8_DEVICE2-3_128,1,SIMETRIC Recording 31.tsv,Recording 31,9.0,2212592.0,8913,8551,0.9593851677325256,229,426.6593886462882,180.0,791.4866243073975,100.0,400.0,300.0,97705.0,6332.0,1.2823240864140844,0.5471156107558433,0,20.0
P10,3,9,DEVICE1-3,N,1317739,1514861,197122.0,1329028.0,1362895.0,1377658.0,1392420,1507046.0,P10,P10,Intermediate,False,MST,3,DEVICE1-3,1317739,1514861,197122,0,9,P10_T9_DEVICE1-3_129,1,SIMETRIC Recording 31.tsv,Recording 31,9.0,2212592.0,9838,4455,0.45283594226468793,58,226.20689655172413,130.0,256.5710297070511,80.0,230.75,150.75,13120.0,1122.0,0.29423402765799855,0.06655776625643003,0,20.0
P10,3,10,DEVICE1-3,N,1557412,1829214,271802.0,1568701.0,1664223.0,1679853.0,1689405,1817926.0,P10,P10,Intermediate,False,MST,3,DEVICE1-3,1557412,1829214,271802,0,10,P10_T10_DEVICE1-3_130,1,SIMETRIC Recording 31.tsv,Recording 31,9.0,2212592.0,13565,8326,0.6137854773313675,193,452.4715025906736,140.0,1877.2105526070015,80.0,240.0,160.0,87327.0,22961.0,0.7100757168821421,0.3212890265708126,1,20.0
P10,4,11,DEVICE3-4,Y,1884137,1987755,103618.0,,,,,,P10,P10,Intermediate,False,CON,4,DEVICE3-4,1884137,1987755,103618,1,11,P10_T11_DEVICE3-4_131,1,SIMETRIC Recording 31.tsv,Recording 31,9.0,2212592.0,5172,3956,0.7648878576952823,187,191.24598930481284,140.0,166.00392993942407,80.0,221.0,141.0,35763.0,1062.0,1.804705746105889,0.3451427358181011,0,20.0
P10,4,12,DEVICE1-4,Y,2012090,2205329,193239.0,2043895.0,2117930.0,2164169.0,2141450/2172187,2189560.0,P10,P10,Intermediate,False,MST,4,DEVICE1-4,2012090,2205329,193239,1,12,P10_T12_DEVICE1-4_132,1,SIMETRIC Recording 31.tsv,Recording 31,9.0,2212592.0,9644,7502,0.7778929904603898,26,1634.3846153846155,100.0,3572.8085543664174,60.0,506.5,446.5,42494.0,15047.0,0.13454840896506398,0.21990384963697804,1,20.0
P10,4,13,DEVICE2-4,Y,11268,118712,107444.0,,,,,,P10,P10,Intermediate,False,ATG,4,DEVICE2-4,11268,118712,107444,1,13,P10_T13_DEVICE2-4_133,2,SIMETRIC Recording 32.tsv,Recording 32,20.0,979773.0,5362,2490,0.46437896307348003,16,964.1875,60.0,3462.259632451038,60.0,115.25,55.25,15427.0,13945.0,0.14891478351513346,0.14358177283049775,1,20.0
P10,5,14,DEVICE3-5 ,Y,164274,222932,58658.0,,,,,,P10,P10,Intermediate,False,CON,5,DEVICE3-5,164274,222932,58658,1,14,P10_T14_DEVICE3-5_134,2,SIMETRIC Recording 32.tsv,Recording 32,20.0,979773.0,2928,2790,0.9528688524590164,1,23623.0,23623.0,,23623.0,23623.0,0.0,23623.0,23623.0,0.017047972996010775,0.4027242660847625,1,20.0
P10,5,15,DEVICE1-5 ,Y,387452,545295,157843.0,410351.0,450425.0,466782.0,493771.0,532210.0,P10,P10,Intermediate,False,MST,5,DEVICE1-5,387452,545295,157843,1,15,P10_T15_DEVICE1-5_135,2,SIMETRIC Recording 32.tsv,Recording 32,20.0,979773.0,7878,4676,0.5935516628585935,10,3999.3,1593.0,7392.702964560542,446.0,3361.5,2915.5,39993.0,24524.0,0.06335409235759584,0.253372021565733,1,20.0
P10,5,16,DEVICE2-5 ,Y,667841,875905,208064.0,,,,,,P10,P10,Intermediate,False,ATG,5,DEVICE2-5,667841,875905,208064,1,16,P10_T16_DEVICE2-5_136,2,SIMETRIC Recording 32.tsv,Recording 32,20.0,979773.0,10385,9837,0.9472315840154069,19,5988.684210526316,961.0,14499.595278078288,260.5,3366.0,3105.5,113785.0,59627.0,0.09131805598277454,0.546875,2,20.0
P11,1,1,DEVICE2-1,Y,21784,169833,148049.0,,,,,,P11,P11,Intermediate,False,ATG,1,DEVICE2-1,21784,169833,148049,1,1,P11_T1_DEVICE2-1_137,1,SIMETRIC Recording 33.tsv,Recording 33,2.0,188383.0,7389,7184,0.9722560562999053,15,3415.4666666666667,962.0,4990.659430614451,120.0,5399.5,5279.5,51232.0,17973.0,0.10131780694229613,0.34604759235118104,1,20.0
P11,1,2,DEVICE1-1,Y,16786,301357,284571.0,88427.0,137691.0,159808.0,230907.0,280099.0,P11,P11,Intermediate,False,MST,1,DEVICE1-1,16786,301357,284571,1,2,P11_T2_DEVICE1-1_138,2,SIMETRIC Recording 34.tsv,Recording 34,32.0,2536221.0,14203,13773,0.969724706048018,15,3639.9333333333334,3346.0,3373.24681377848,370.5,5449.5,5079.0,54599.0,10158.0,0.052710922757413785,0.19186424477546904,1,20.0
P11,1,3,DEVICE3-1,Y,317174,445330,128156.0,,,,,,P11,P11,Intermediate,False,CON,1,DEVICE3-1,317174,445330,128156,1,3,P11_T3_DEVICE3-1_139,2,SIMETRIC Recording 34.tsv,Recording 34,32.0,2536221.0,6396,6194,0.9684177611006879,20,1604.9,431.0,3111.3679323613137,265.0,901.25,636.25,32098.0,12984.0,0.1560598021161709,0.2504603764162427,1,20.0
P11,2,4,DEVICE3-2,Y,450815,559863,109048.0,,,,,,P11,P11,Intermediate,False,CON,2,DEVICE3-2,450815,559863,109048,1,4,P11_T4_DEVICE3-2_140,2,SIMETRIC Recording 34.tsv,Recording 34,32.0,2536221.0,5442,5258,0.966188901139287,18,1926.8333333333333,551.0,5418.5872616176175,250.0,1112.0,862.0,34683.0,23543.0,0.16506492553737803,0.31805260068960456,1,20.0
P11,2,5,DEVICE2-2,N,575960,677206,101246.0,,,,,,P11,P11,Intermediate,False,ATG,2,DEVICE2-2,575960,677206,101246,0,5,P11_T5_DEVICE2-2_141,2,SIMETRIC Recording 34.tsv,Recording 34,32.0,2536221.0,5053,4905,0.9707104690283,19,1983.4736842105262,521.0,5353.784604977233,270.0,1152.0,882.0,37686.0,23823.0,0.1876617347845841,0.37222211247851766,1,20.0
P11,2,6,DEVICE1-2,Y,693862,941556,247694.0,735441.0,785445.0,876916.0,900089.0,933019.0,P11,P11,Intermediate,False,MST,2,DEVICE1-2,693862,941556,247694,1,6,P11_T6_DEVICE1-2_142,2,SIMETRIC Recording 34.tsv,Recording 34,32.0,2536221.0,12363,12075,0.9767046833292891,19,3563.2105263157896,441.0,8519.440700075638,311.0,1923.5,1612.5,67701.0,36747.0,0.07670755044530753,0.27332515119461914,2,20.0
P11,3,7,DEVICE3-3,Y,955649,1056604,100955.0,,,,,,P11,P11,Intermediate,False,CON,3,DEVICE3-3,955649,1056604,100955,1,7,P11_T7_DEVICE3-3_143,2,SIMETRIC Recording 34.tsv,Recording 34,32.0,2536221.0,5039,4857,0.9638817225640008,13,2299.4615384615386,601.0,5798.7423293817865,300.0,1383.0,1083.0,29893.0,21519.0,0.12877024416819374,0.2961022237630628,1,20.0
P11,3,8,DEVICE2-3,N,1077200,1210026,132826.0,,,,,,P11,P11,Intermediate,False,ATG,3,DEVICE2-3,1077200,1210026,132826,0,8,P11_T8_DEVICE2-3_144,2,SIMETRIC Recording 34.tsv,Recording 34,32.0,2536221.0,6630,6428,0.9695324283559578,15,3034.733333333333,1042.0,6314.362171913744,260.0,2795.0,2535.0,45521.0,25226.0,0.11292969749898364,0.3427115173234156,1,20.0
P11,3,9,DEVICE1-3,Y,1239142,1419644,180502.0,1272071.0,1320856.0,1348907.0,1374519.0,1405009.0,P11,P11,Intermediate,False,MST,3,DEVICE1-3,1239142,1419644,180502,1,9,P11_T9_DEVICE1-3_145,2,SIMETRIC Recording 34.tsv,Recording 34,32.0,2536221.0,9009,8798,0.9765789765789766,8,4941.125,871.0,10885.589982534579,661.5,1858.0,1196.5,39529.0,31777.0,0.04432083855026537,0.21899480338167998,1,20.0
P11,4,10,DEVICE3-4,Y,1434290,1520896,86606.0,,,,,,P11,P11,Intermediate,False,CON,4,DEVICE3-4,1434290,1520896,86606,1,10,P11_T10_DEVICE3-4_146,2,SIMETRIC Recording 34.tsv,Recording 34,32.0,2536221.0,4322,4239,0.9807959278111985,10,3265.9,301.0,7616.235515878781,180.0,1147.0,967.0,32659.0,24565.0,0.11546544119345081,0.377098584393691,1,20.0
P11,4,11,DEVICE1-4,Y,1541955,1704163,162208.0,1580982.0,1617571.0,1644402.0,1659038.0,1689528.0,P11,P11,Intermediate,False,MST,4,DEVICE1-4,1541955,1704163,162208,1,11,P11_T11_DEVICE1-4_147,2,SIMETRIC Recording 34.tsv,Recording 34,32.0,2536221.0,8096,7861,0.9709733201581028,10,4049.5,621.5,9540.645089417289,406.0,2089.0,1683.0,40495.0,31096.0,0.06164924048135727,0.24964859932925626,1,20.0
P11,4,12,DEVICE2-4,N,1726234,1821574,95340.0,,,,,,P11,P11,Intermediate,False,ATG,4,DEVICE2-4,1726234,1821574,95340,0,12,P11_T12_DEVICE2-4_148,2,SIMETRIC Recording 34.tsv,Recording 34,32.0,2536221.0,4759,4687,0.984870771170414,4,11280.5,4718.5,15445.903243255152,2644.5,13354.5,10710.0,45122.0,34242.0,0.04195510803440319,0.47327459618208517,1,20.0
P11,5,13,DEVICE3-5 ,Y,1885244,1978956,93712.0,,,,,,P11,P11,Intermediate,False,CON,5,DEVICE3-5,1885244,1978956,93712,1,13,P11_T13_DEVICE3-5_149,2,SIMETRIC Recording 34.tsv,Recording 34,32.0,2536221.0,4677,4519,0.9662176608937353,7,5246.571428571428,1102.0,9938.399248322017,972.0,3025.0,2053.0,36726.0,27550.0,0.07469694382789824,0.39190285128905583,1,20.0
P11,5,14,DEVICE1-5 ,Y,2066470,2281122,214652.0,2104278.0,2156721.0,2175015.0,2195749.0,2237216.0,P11,P11,Intermediate,False,MST,5,DEVICE1-5,2066470,2281122,214652,1,14,P11_T14_DEVICE1-5_150,2,SIMETRIC Recording 34.tsv,Recording 34,32.0,2536221.0,10714,10373,0.9681724845995893,11,4262.181818181818,841.0,8700.060905742923,310.5,1722.5,1412.0,46884.0,28692.0,0.05124573728639845,0.21841864972140954,2,20.0
P11,5,15,DEVICE2-5 ,N,2392017,2524219,132202.0,,,,,,P11,P11,Intermediate,False,ATG,5,DEVICE2-5,2392017,2524219,132202,0,15,P11_T15_DEVICE2-5_151,2,SIMETRIC Recording 34.tsv,Recording 34,32.0,2536221.0,6599,6390,0.9683285346264585,11,4989.090909090909,942.0,9301.968495480358,681.5,1702.5,1021.0,54880.0,27069.0,0.08320600293490266,0.41512231282431433,2,20.0
P12,1,1,DEVICE1-1,Y,42351,183810,141459.0,52523.0,91595.0,112356.0,131502.0,158681.0,P12,P12,Expert,False,MST,1,DEVICE1-1,42351,183810,141459,1,1,P12_T1_DEVICE1-1_152,1,SIMETRIC Recording 35.tsv,Recording 35,4.0,1938511.0,7060,5668,0.8028328611898017,44,564.0454545454545,330.0,667.4194997027802,120.0,721.0,601.0,24818.0,3466.0,0.3110441894824649,0.1754430612403594,0,20.0
P12,1,2,DEVICE3-1,Y,215446,299085,83639.0,,,,,,P12,P12,Expert,False,CON,1,DEVICE3-1,215446,299085,83639,1,2,P12_T2_DEVICE3-1_153,1,SIMETRIC Recording 35.tsv,Recording 35,4.0,1938511.0,4175,3663,0.8773652694610778,68,421.63235294117646,240.0,579.323586644064,120.0,456.0,336.0,28671.0,4067.0,0.813017850524277,0.3427946292997286,0,20.0
P12,1,3,DEVICE2-1,Y,324274,444850,120576.0,,,,,,P12,P12,Expert,False,ATG,1,DEVICE2-1,324274,444850,120576,1,3,P12_T3_DEVICE2-1_154,1,SIMETRIC Recording 35.tsv,Recording 35,4.0,1938511.0,6018,5144,0.8547690262545696,69,431.4927536231884,221.0,589.0043598956884,100.0,481.0,381.0,29773.0,3627.0,0.5722531847133758,0.24692310244161358,0,20.0
P12,2,4,DEVICE2-2,Y,460389,540441,80052.0,,,,,,P12,P12,Expert,False,ATG,2,DEVICE2-2,460389,540441,80052,1,4,P12_T4_DEVICE2-2_155,1,SIMETRIC Recording 35.tsv,Recording 35,4.0,1938511.0,3995,3221,0.8062578222778473,66,333.0,230.5,333.54635244710624,100.0,400.75,300.75,21978.0,1843.0,0.8244640983360815,0.27454654474591517,0,20.0
P12,2,5,DEVICE1-2,Y,562702,674498,111796.0,575607.0,608571.0,628584.0,642712.0,666901.0,P12,P12,Expert,False,MST,2,DEVICE1-2,562702,674498,111796,1,5,P12_T5_DEVICE1-2_156,1,SIMETRIC Recording 35.tsv,Recording 35,4.0,1938511.0,5580,3287,0.5890681003584229,67,335.2089552238806,201.0,384.0289815970504,110.0,400.5,290.5,22459.0,2324.0,0.5993058785645282,0.20089269741314536,0,20.0
P12,2,6,DEVICE3-2,Y,691885,737218,45333.0,,,,,,P12,P12,Expert,False,CON,2,DEVICE3-2,691885,737218,45333,1,6,P12_T6_DEVICE3-2_157,1,SIMETRIC Recording 35.tsv,Recording 35,4.0,1938511.0,2263,1674,0.7397260273972602,42,303.3809523809524,170.5,341.10994954284115,80.25,290.75,210.5,12742.0,1503.0,0.9264774005691219,0.2810755961440893,0,20.0
P12,3,7,DEVICE1-3,Y,758084,885230,127146.0,780452.0,813416.0,835784.0,849912.0,875811.0,P12,P12,Expert,False,MST,3,DEVICE1-3,758084,885230,127146,1,7,P12_T7_DEVICE1-3_158,1,SIMETRIC Recording 35.tsv,Recording 35,4.0,1938511.0,6346,3286,0.5178064922786006,16,1277.25,851.5,1484.6284608166,100.0,1617.25,1517.25,20436.0,4909.0,0.1258395859877621,0.16072861120286913,0,20.0
P12,3,8,DEVICE2-3,Y,899242,983594,84352.0,,,,,,P12,P12,Expert,False,ATG,3,DEVICE2-3,899242,983594,84352,1,8,P12_T8_DEVICE2-3_159,1,SIMETRIC Recording 35.tsv,Recording 35,4.0,1938511.0,4210,2281,0.5418052256532067,15,822.7333333333333,280.0,1082.6100383970654,100.0,1362.5,1262.5,12341.0,3627.0,0.17782625189681334,0.14630358497723825,0,20.0
P12,3,9,DEVICE3-3,Y,1015039,1071863,56824.0,,,,,,P12,P12,Expert,False,CON,3,DEVICE3-3,1015039,1071863,56824,1,9,P12_T9_DEVICE3-3_160,1,SIMETRIC Recording 35.tsv,Recording 35,4.0,1938511.0,2837,1828,0.6443426154388439,13,1316.076923076923,201.0,2267.1300308811306,160.0,561.0,401.0,17109.0,6712.0,0.22877657327889625,0.301087568632972,0,20.0
P12,4,10,DEVICE1-4,Y,1084189,1171355,87166.0,1091514.0,1109312.0,1122839.0,1135653.0,1159147.0,P12,P12,Expert,False,MST,4,DEVICE1-4,1084189,1171355,87166,1,10,P12_T10_DEVICE1-4_161,1,SIMETRIC Recording 35.tsv,Recording 35,4.0,1938511.0,4350,2339,0.5377011494252874,7,692.7142857142857,420.0,436.1657614125293,381.0,1022.0,641.0,4849.0,1342.0,0.0803065415414267,0.05562948856205401,0,20.0
P12,4,11,DEVICE3-4,Y,1195245,1235482,40237.0,,,,,,P12,P12,Expert,False,CON,4,DEVICE3-4,1195245,1235482,40237,1,11,P12_T11_DEVICE3-4_162,1,SIMETRIC Recording 35.tsv,Recording 35,4.0,1938511.0,2009,1213,0.6037829766052762,5,1999.8,1583.0,1930.2773634895063,281.0,3907.0,3626.0,9999.0,4128.0,0.12426373735616472,0.24850262196485823,0,20.0
P12,4,12,DEVICE2-4,Y,1243838,1302657,58819.0,,,,,,P12,P12,Expert,False,ATG,4,DEVICE2-4,1243838,1302657,58819,1,12,P12_T12_DEVICE2-4_163,1,SIMETRIC Recording 35.tsv,Recording 35,4.0,1938511.0,2935,1762,0.6003407155025554,10,1468.6,1352.5,1524.1885418514046,260.25,2008.75,1748.5,14686.0,5029.0,0.1700130910080076,0.24968122545435997,0,20.0
P12,5,13,DEVICE3-5 ,Y,1318471,1360687,42216.0,,,,,,P12,P12,Expert,False,CON,5,DEVICE3-5,1318471,1360687,42216,1,13,P12_T13_DEVICE3-5_164,1,SIMETRIC Recording 35.tsv,Recording 35,4.0,1938511.0,2107,1731,0.8215472235405791,17,819.0,481.0,1216.8796160672591,160.0,881.0,721.0,13923.0,5029.0,0.4026909228728444,0.3298038658328596,0,20.0
P12,5,14,DEVICE1-5 ,Y,1471968,1573062,101094.0,1486207.0,1505429.0,1520379.0,1533906.0,1560247.0,P12,P12,Expert,False,MST,5,DEVICE1-5,1471968,1573062,101094,1,14,P12_T14_DEVICE1-5_165,1,SIMETRIC Recording 35.tsv,Recording 35,4.0,1938511.0,5045,3544,0.7024777006937561,10,1486.7,911.5,1600.8310376523534,140.25,2850.25,2710.0,14867.0,3967.0,0.09891783884305697,0.1470611510079728,0,20.0
P12,5,15,DEVICE2-5 ,Y,1686172,1843965,157793.0,,,,,,P12,P12,Expert,False,ATG,5,DEVICE2-5,1686172,1843965,157793,1,15,P12_T15_DEVICE2-5_166,1,SIMETRIC Recording 35.tsv,Recording 35,4.0,1938511.0,7876,5087,0.6458862366683595,43,763.1627906976744,341.0,924.1981319792478,150.0,1122.0,972.0,32816.0,3667.0,0.2725089199140646,0.20796866781162662,0,20.0
P13,1,1,DEVICE2-1,Y,24350,197115,172765.0,,,,,,P13,P13,Novice,False,ATG,1,DEVICE2-1,24350,197115,172765,1,1,P13_T1_DEVICE2-1_167,1,SIMETRIC Recording 36.tsv,Recording 36,8.0,703621.0,8623,8223,0.9536124318682593,85,756.8705882352941,281.0,1465.7105686828008,120.0,681.0,561.0,64334.0,10779.0,0.4919978004804214,0.3723786646600874,1,20.0
P13,1,2,DEVICE3-1,N,235174,406259,171085.0,,,,,,P13,P13,Novice,False,CON,1,DEVICE3-1,235174,406259,171085,0,2,P13_T2_DEVICE3-1_168,1,SIMETRIC Recording 36.tsv,Recording 36,8.0,703621.0,8539,8066,0.9446070968497482,134,715.7313432835821,380.5,1092.7519730704264,140.0,756.0,616.0,95908.0,9697.0,0.7832364029575941,0.5605868427974399,0,20.0
P13,1,3,DEVICE1-1,Y,450961,666802,215841.0,503630.0,528757.0,613250.0,625781.0,651857.0,P13,P13,Novice,False,MST,1,DEVICE1-1,450961,666802,215841,1,3,P13_T3_DEVICE1-1_169,1,SIMETRIC Recording 36.tsv,Recording 36,8.0,703621.0,10773,10182,0.9451406293511556,53,505.7358490566038,281.0,561.9541163497588,120.0,661.0,541.0,26804.0,2645.0,0.245551123280563,0.12418400581909832,0,20.0
P13,2,4,DEVICE1-2,Y,15951,238369,222418.0,106588.0,121495.0,163236.0,181721.0,224058.0,P13,P13,Novice,False,MST,2,DEVICE1-2,15951,238369,222418,1,4,P13_T4_DEVICE1-2_170,2,SIMETRIC Recording 37.tsv,Recording 37,9.0,714362.0,11101,10649,0.9592829474822088,34,1317.0588235294117,641.0,1790.7970282628173,175.0,1277.0,1102.0,44780.0,7514.0,0.152865325648104,0.20133262595653229,0,20.0
P13,2,5,DEVICE2-2,N,258823,392263,133440.0,,,,,,P13,P13,Novice,False,ATG,2,DEVICE2-2,258823,392263,133440,0,5,P13_T5_DEVICE2-2_171,2,SIMETRIC Recording 37.tsv,Recording 37,9.0,714362.0,6660,6344,0.9525525525525526,62,895.5,381.0,1367.1594550050977,145.75,962.0,816.25,55521.0,7934.0,0.4646282973621103,0.4160746402877698,0,20.0
P13,2,6,DEVICE3-2,N,416861,532914,116053.0,,,,,,P13,P13,Novice,False,CON,2,DEVICE3-2,416861,532914,116053,0,6,P13_T6_DEVICE3-2_172,2,SIMETRIC Recording 37.tsv,Recording 37,9.0,714362.0,5793,5432,0.9376834110132919,49,1169.9183673469388,662.0,1366.1632076234325,301.0,1503.0,1202.0,57326.0,6091.0,0.42222088183847034,0.493963964740248,0,20.0
P13,3,7,DEVICE1-3,N,549635,697516,147881.0,601513.0,615824.0,674857.0,690361.0,,P13,P13,Novice,False,MST,3,DEVICE1-3,549635,697516,147881,0,7,P13_T7_DEVICE1-3_173,2,SIMETRIC Recording 37.tsv,Recording 37,9.0,714362.0,7381,7023,0.951497087115567,31,1205.967741935484,561.0,1988.7184731860357,260.5,1302.5,1042.0,37385.0,10880.0,0.20962801171211987,0.2528046199308904,1,20.0
P13,3,8,DEVICE2-3,Y,76647,144712,68065.0,,,,,,P13,P13,Novice,False,ATG,3,DEVICE2-3,76647,144712,68065,1,8,P13_T8_DEVICE2-3_174,3,SIMETRIC Recording 38.tsv,Recording 38,1.0,1173103.0,3397,3076,0.9055048572269649,1,3025.0,3025.0,,3025.0,3025.0,0.0,3025.0,3025.0,0.014691838683611255,0.04444281201792404,0,20.0
P13,3,9,DEVICE3-3,N,163358,319269,155911.0,,,,,,P13,P13,Novice,False,CON,3,DEVICE3-3,163358,319269,155911,0,9,P13_T9_DEVICE3-3_175,3,SIMETRIC Recording 38.tsv,Recording 38,1.0,1173103.0,7781,7164,0.9207042796555712,114,998.061403508772,591.0,1206.41470793574,225.75,1357.0,1131.25,113779.0,6431.0,0.7311863819743315,0.7297689066198023,0,20.0
P13,4,10,DEVICE1-4,Y,336618,471755,135137.0,354244.0,386560.0,414958.0,426709.0,458045.0,P13,P13,Novice,False,MST,4,DEVICE1-4,336618,471755,135137,1,10,P13_T10_DEVICE1-4_176,3,SIMETRIC Recording 38.tsv,Recording 38,1.0,1173103.0,6745,6423,0.9522609340252038,17,1586.2941176470588,761.0,2393.791390365551,160.0,1843.0,1683.0,26967.0,9417.0,0.12579826398395702,0.19955304616796288,0,20.0
P13,4,11,DEVICE2-4,N,480940,572006,91066.0,,,,,,P13,P13,Novice,False,ATG,4,DEVICE2-4,480940,572006,91066,0,11,P13_T11_DEVICE2-4_177,3,SIMETRIC Recording 38.tsv,Recording 38,1.0,1173103.0,4545,4115,0.9053905390539054,51,584.5294117647059,260.0,721.6202700296376,170.5,551.0,380.5,29811.0,3206.0,0.5600333823820086,0.3273559835723541,0,20.0
P13,4,12,DEVICE3-4,Y,586250,672426,86176.0,,,,,,P13,P13,Novice,False,CON,4,DEVICE3-4,586250,672426,86176,1,12,P13_T12_DEVICE3-4_178,3,SIMETRIC Recording 38.tsv,Recording 38,1.0,1173103.0,4301,3855,0.8963031853057428,53,718.622641509434,341.0,1115.1761024508655,200.0,662.0,462.0,38087.0,6792.0,0.6150204233197177,0.4419676011882659,0,20.0
P13,5,13,DEVICE1-5 ,N,744966,921231,176265.0,802742.0,834078.0,864435.0,879124.0,900667.0,P13,P13,Novice,False,MST,5,DEVICE1-5,744966,921231,176265,0,13,P13_T13_DEVICE1-5_179,3,SIMETRIC Recording 38.tsv,Recording 38,1.0,1173103.0,8798,8103,0.92100477381223,70,404.72857142857146,220.5,541.2499468535254,80.25,506.0,425.75,28331.0,3646.0,0.39712932232717785,0.16072958329787534,0,20.0
P13,5,14,DEVICE3-5 ,N,941564,1002578,61014.0,,,,,,P13,P13,Novice,False,CON,5,DEVICE3-5,941564,1002578,61014,0,14,P13_T14_DEVICE3-5_180,3,SIMETRIC Recording 38.tsv,Recording 38,1.0,1173103.0,3046,2788,0.9152987524622456,34,570.4705882352941,200.0,1488.1336335255469,105.0,381.0,276.0,19396.0,8756.0,0.5572491559314255,0.3178942537778215,0,20.0
P13,5,15,DEVICE2-5 ,N,1024321,1156743,132422.0,,,,,,P13,P13,Novice,False,ATG,5,DEVICE2-5,1024321,1156743,132422,0,15,P13_T15_DEVICE2-5_181,3,SIMETRIC Recording 38.tsv,Recording 38,1.0,1173103.0,6609,6055,0.9161749129974277,89,512.8314606741573,280.0,605.3991214659184,100.0,681.0,581.0,45642.0,3226.0,0.672093760855447,0.34467082508948665,0,20.0
P15,1,1,DEVICE1-1,N,12472,327083,314611.0,32383.0,152878.0,204257.0,236018,261915.0,P15,P15,Novice,False,MST,1,DEVICE1-1,12472,327083,314611,0,1,P15_T1_DEVICE1-1_191,1,SIMETRIC Recording 42.tsv,Recording 42,15.0,2494508.0,15702,15389,0.9800662336008151,86,1065.8023255813953,330.5,1622.6698320960206,165.0,1162.0,997.0,91659.0,8716.0,0.2733534428230418,0.2913407350664789,0,20.0
P15,1,2,DEVICE3-1,Y,351802,470590,118788.0,,,,,,P15,P15,Novice,False,CON,1,DEVICE3-1,351802,470590,118788,1,2,P15_T2_DEVICE3-1_192,1,SIMETRIC Recording 42.tsv,Recording 42,15.0,2494508.0,5929,5803,0.9787485242030697,57,811.9298245614035,320.0,1220.2402845875583,100.0,1042.0,942.0,46280.0,6712.0,0.4798464491362764,0.38960164326362934,0,20.0
P15,1,3,DEVICE2-1,Y,498468,608782,110314.0,,,,,,P15,P15,Novice,False,ATG,1,DEVICE2-1,498468,608782,110314,1,3,P15_T3_DEVICE2-1_193,1,SIMETRIC Recording 42.tsv,Recording 42,15.0,2494508.0,5506,5352,0.9720305121685434,37,745.081081081081,381.0,1016.123909175844,120.0,842.0,722.0,27568.0,4428.0,0.33540620410827277,0.2499048171582936,0,20.0
P15,2,4,DEVICE2-2,Y,617285,773210,155925.0,,,,,,P15,P15,Novice,False,ATG,2,DEVICE2-2,617285,773210,155925,1,4,P15_T4_DEVICE2-2_194,1,SIMETRIC Recording 42.tsv,Recording 42,15.0,2494508.0,7782,7496,0.963248522230789,115,560.1304347826087,280.0,798.5885742406437,120.0,591.0,471.0,64415.0,5110.0,0.7375340708674042,0.41311527978194645,0,20.0
P15,2,5,DEVICE1-2,Y,798507,954542,156035.0,813862.0,852013.0,906379.0,893401/919575,933682.0,P15,P15,Novice,False,MST,2,DEVICE1-2,798507,954542,156035,1,5,P15_T5_DEVICE1-2_195,1,SIMETRIC Recording 42.tsv,Recording 42,15.0,2494508.0,7788,7603,0.9762455059065228,64,392.265625,221.0,471.4129804796242,100.0,421.0,321.0,25105.0,2605.0,0.4101643861954049,0.16089338930368186,0,20.0
P15,2,6,DEVICE3-2,Y,973506,1050758,77252.0,,,,,,P15,P15,Novice,False,CON,2,DEVICE3-2,973506,1050758,77252,1,6,P15_T6_DEVICE3-2_196,1,SIMETRIC Recording 42.tsv,Recording 42,15.0,2494508.0,3856,3639,0.9437240663900415,60,424.1166666666667,220.0,563.2445984504564,100.0,501.0,401.0,25447.0,2926.0,0.7766789209340859,0.32940247501682807,0,20.0
P15,3,7,DEVICE1-3,Y,1084336,1201290,116954.0,1096943.0,1121246.0,1147392.0,1161074,1183078.0,P15,P15,Novice,False,MST,3,DEVICE1-3,1084336,1201290,116954,1,7,P15_T7_DEVICE1-3_197,1,SIMETRIC Recording 42.tsv,Recording 42,15.0,2494508.0,5838,5632,0.9647139431312093,47,569.936170212766,201.0,823.1552604422263,90.0,541.0,451.0,26787.0,3486.0,0.4018674008584572,0.2290387673786275,0,20.0
P15,3,8,DEVICE2-3,Y,1222559,1324829,102270.0,,,,,,P15,P15,Novice,False,ATG,3,DEVICE2-3,1222559,1324829,102270,1,8,P15_T8_DEVICE2-3_198,1,SIMETRIC Recording 42.tsv,Recording 42,15.0,2494508.0,5104,4982,0.9760971786833855,103,420.1067961165049,220.0,578.7766325997933,100.0,481.0,381.0,43271.0,3506.0,1.0071379681235944,0.42310550503568983,0,20.0
P15,3,9,DEVICE3-3,N,1345258,1526070,180812.0,,,,,,P15,P15,Novice,False,CON,3,DEVICE3-3,1345258,1526070,180812,0,9,P15_T9_DEVICE3-3_199,1,SIMETRIC Recording 42.tsv,Recording 42,15.0,2494508.0,9024,8817,0.977061170212766,184,528.179347826087,230.5,798.0778584856473,100.0,561.0,461.0,97185.0,5530.0,1.0176315731256775,0.5374919806207552,0,20.0
P15,4,10,DEVICE1-4,Y,1576734,1690166,113432.0,1584974.0,1601621.0,1635403.0,1642915,1668749.0,P15,P15,Novice,False,MST,4,DEVICE1-4,1576734,1690166,113432,1,10,P15_T10_DEVICE1-4_200,1,SIMETRIC Recording 42.tsv,Recording 42,15.0,2494508.0,5661,5553,0.9809220985691574,25,513.6,160.0,837.9811553171509,120.0,642.0,522.0,12840.0,3967.0,0.2203963608152902,0.11319557091473306,0,20.0
P15,4,11,DEVICE3-4,Y,1711000,1788878,77878.0,,,,,,P15,P15,Novice,False,CON,4,DEVICE3-4,1711000,1788878,77878,1,11,P15_T11_DEVICE3-4_201,1,SIMETRIC Recording 42.tsv,Recording 42,15.0,2494508.0,3887,3780,0.972472343709802,75,392.38666666666666,180.0,598.6685428049014,80.5,461.0,380.5,29429.0,3706.0,0.9630447623205527,0.3778859241377539,0,20.0
P15,4,12,DEVICE2-4,N,1806215,1937243,131028.0,,,,,,P15,P15,Novice,False,ATG,4,DEVICE2-4,1806215,1937243,131028,0,12,P15_T12_DEVICE2-4_202,1,SIMETRIC Recording 42.tsv,Recording 42,15.0,2494508.0,6540,6320,0.9663608562691132,197,287.74619289340103,160.0,317.5510991311659,80.0,380.0,300.0,56686.0,2544.0,1.5034954360899961,0.4326250877675001,0,20.0
P15,5,13,DEVICE3-5 ,N,1974239,2039769,65530.0,,,,,,P15,P15,Novice,False,CON,5,DEVICE3-5,1974239,2039769,65530,0,13,P15_T13_DEVICE3-5_203,1,SIMETRIC Recording 42.tsv,Recording 42,15.0,2494508.0,3271,3170,0.969122592479364,54,389.5740740740741,200.5,521.9710323001145,100.0,421.0,321.0,21037.0,2885.0,0.8240500534106516,0.3210285365481459,0,20.0
P15,5,14,DEVICE1-5 ,Y,2113528,2271783,158255.0,2130598.0,2153630.0,2214746.0,2183889/2226849,2247770.0,P15,P15,Novice,False,MST,5,DEVICE1-5,2113528,2271783,158255,1,14,P15_T14_DEVICE1-5_204,1,SIMETRIC Recording 42.tsv,Recording 42,15.0,2494508.0,7898,7408,0.9379589769561915,59,291.4406779661017,161.0,293.4139873488417,100.5,351.0,250.5,17195.0,1623.0,0.37281602477014947,0.10865375501563931,0,20.0
P15,5,15,DEVICE2-5 ,Y,2337240,2415226,77986.0,,,,,,P15,P15,Novice,False,ATG,5,DEVICE2-5,2337240,2415226,77986,1,15,P15_T15_DEVICE2-5_205,1,SIMETRIC Recording 42.tsv,Recording 42,15.0,2494508.0,3893,3396,0.8723349601849474,99,177.63636363636363,120.0,160.37955328897925,80.0,220.5,140.5,17586.0,942.0,1.2694586207780882,0.22550201318185314,0,20.0
P16,1,1,DEVICE3-1,Y,22275,248590,226315.0,,,,,,P16,P16,Intermediate,False,CON,1,DEVICE3-1,22275,248590,226315,1,1,P16_T1_DEVICE3-1_206,1,SIMETRIC Recording 43.tsv,Recording 43,33.0,1063316.0,11295,10793,0.9555555555555556,87,1114.3333333333333,641.0,1320.6889381371489,320.0,1232.5,912.5,96947.0,6672.0,0.3844199456509732,0.4283719594370678,0,20.0
P16,1,2,DEVICE2-1,N,270078,676068,405990.0,,,,,,P16,P16,Intermediate,False,ATG,1,DEVICE2-1,270078,676068,405990,0,2,P16_T2_DEVICE2-1_207,1,SIMETRIC Recording 43.tsv,Recording 43,33.0,1063316.0,20263,19312,0.9530671667571435,200,903.695,581.0,949.0995637362931,240.0,1147.0,907.0,180739.0,4749.0,0.49262297100913816,0.4451809157861031,0,20.0
P16,1,3,DEVICE1-1,N,698581,1051697,353116.0,739727,894010.0,,950631,,P16,P16,Intermediate,False,MST,1,DEVICE1-1,698581,1051697,353116,0,3,P16_T3_DEVICE1-1_208,1,SIMETRIC Recording 43.tsv,Recording 43,33.0,1063316.0,17624,16933,0.9607921016795279,104,865.3846153846154,320.5,1262.1960236393998,140.75,1067.0,926.25,90000.0,7173.0,0.29452078070662335,0.2548737525345779,0,20.0
P16,2,4,DEVICE1-2,N,58522,470494,411972.0,142575,213713.0,244174.0,263644,460898.0,P16,P16,Intermediate,False,MST,2,DEVICE1-2,58522,470494,411972,0,4,P16_T4_DEVICE1-2_209,2,SIMETRIC Recording 44.tsv,Recording 44,15.0,929898.0,20561,19533,0.9500024317883371,87,1599.8735632183907,922.0,2080.995791400803,350.5,2073.5,1723.0,139189.0,13765.0,0.2111794005417844,0.3378603400231084,1,20.0
P16,2,5,DEVICE3-2,Y,488709,616786,128077.0,,,,,,P16,P16,Intermediate,False,CON,2,DEVICE3-2,488709,616786,128077,1,5,P16_T5_DEVICE3-2_210,2,SIMETRIC Recording 44.tsv,Recording 44,15.0,929898.0,6392,6074,0.950250312891114,32,1077.53125,641.0,1197.009633840958,350.25,1358.0,1007.75,34481.0,5490.0,0.2498496997899701,0.2692208593268112,0,20.0
P16,2,6,DEVICE2-2,N,638208,917264,279056.0,,,,,,P16,P16,Intermediate,False,ATG,2,DEVICE2-2,638208,917264,279056,0,6,P16_T6_DEVICE2-2_211,2,SIMETRIC Recording 44.tsv,Recording 44,15.0,929898.0,13928,13148,0.9439977024698449,45,913.1777777777778,380.0,1147.7245331700476,201.0,1402.0,1201.0,41093.0,5049.0,0.16125795539246604,0.14725718135428015,0,20.0
P16,3,7,DEVICE3-3,Y,14822,158930,144108.0,,,,,,P16,P16,Intermediate,False,CON,3,DEVICE3-3,14822,158930,144108,1,7,P16_T7_DEVICE3-3_212,3,SIMETRIC Recording 45.tsv,Recording 45,0.0,1960087.0,7193,6880,0.9564854719866537,28,1428.2142857142858,811.5,1307.8708271572925,395.75,2339.0,1943.25,39990.0,4889.0,0.19429872040414134,0.27750020817720045,0,20.0
P16,3,8,DEVICE2-3,Y,178806,301244,122438.0,,,,,,P16,P16,Intermediate,False,ATG,3,DEVICE2-3,178806,301244,122438,1,8,P16_T8_DEVICE2-3_213,3,SIMETRIC Recording 45.tsv,Recording 45,0.0,1960087.0,6110,5773,0.9448445171849427,6,2394.5,1833.5,2094.033882247372,741.5,3842.0,3100.5,14367.0,5410.0,0.049004394060667436,0.11734102157826819,0,20.0
P16,3,9,DEVICE1-3,Y,327078,572154,245076.0,354562,429485.0,461516.0,473927,548206.0,P16,P16,Intermediate,False,MST,3,DEVICE1-3,327078,572154,245076,1,9,P16_T9_DEVICE1-3_214,3,SIMETRIC Recording 45.tsv,Recording 45,0.0,1960087.0,12231,11546,0.9439947673943259,25,1227.84,521.0,1700.3330232633841,261.0,1162.0,901.0,30696.0,6772.0,0.10200917266480602,0.1252509425647554,0,20.0
P16,4,10,DEVICE3-4,Y,587587,726902,139315.0,,,,,,P16,P16,Intermediate,False,CON,4,DEVICE3-4,587587,726902,139315,1,10,P16_T10_DEVICE3-4_215,3,SIMETRIC Recording 45.tsv,Recording 45,0.0,1960087.0,6953,6646,0.9558463972386021,63,839.6507936507936,560.0,904.5016478297755,180.0,1172.0,992.0,52898.0,4428.0,0.45221261170728205,0.3797006783189176,0,20.0
P16,4,11,DEVICE1-4,Y,740609,1061190,320581.0,775202/848813,909508.0,985144.0,968047/991750,1041633.0,P16,P16,Intermediate,False,MST,4,DEVICE1-4,740609,1061190,320581,1,11,P16_T11_DEVICE1-4_216,3,SIMETRIC Recording 45.tsv,Recording 45,0.0,1960087.0,16000,15312,0.957,117,715.9401709401709,241.0,1053.5810059244607,100.0,982.0,882.0,83765.0,5731.0,0.36496236520567343,0.26129121813207895,0,20.0
P16,4,12,DEVICE2-4,Y,1098912,1206691,107779.0,,,,,,P16,P16,Intermediate,False,ATG,4,DEVICE2-4,1098912,1206691,107779,1,12,P16_T12_DEVICE2-4_217,3,SIMETRIC Recording 45.tsv,Recording 45,0.0,1960087.0,5379,5080,0.9444134597508831,26,767.4230769230769,310.5,875.8134583609423,105.75,1326.75,1221.0,19953.0,2464.0,0.2412343777544791,0.1851288284359662,0,20.0
P16,5,13,DEVICE3-5 ,Y,1239339,1347478,108139.0,,,,,,P16,P16,Intermediate,False,CON,5,DEVICE3-5,1239339,1347478,108139,1,13,P16_T13_DEVICE3-5_218,3,SIMETRIC Recording 45.tsv,Recording 45,0.0,1960087.0,5398,5160,0.955909596146721,62,522.1935483870968,220.5,735.9971453684323,105.0,656.0,551.0,32376.0,4028.0,0.5733361691896541,0.29939244860781034,0,20.0
P16,5,14,DEVICE1-5 ,N,1450985,1769588,318603.0,1488254,1621120.0,1650992.0,1665707,1748116.0,P16,P16,Intermediate,False,MST,5,DEVICE1-5,1450985,1769588,318603,0,14,P16_T14_DEVICE1-5_219,3,SIMETRIC Recording 45.tsv,Recording 45,0.0,1960087.0,15902,15163,0.9535278581310527,122,941.3360655737705,300.5,1533.2940320127382,120.0,841.25,721.25,114843.0,9257.0,0.3829216925138809,0.3604579994538658,0,20.0
P16,5,15,DEVICE2-5 ,N,1804844,1870559,65715.0,,,,,,P16,P16,Intermediate,False,ATG,5,DEVICE2-5,1804844,1870559,65715,0,15,P16_T15_DEVICE2-5_220,3,SIMETRIC Recording 45.tsv,Recording 45,0.0,1960087.0,3280,3028,0.9231707317073171,4,180.25,190.5,99.53349519968977,120.0,250.75,130.75,721.0,280.0,0.060868903598873925,0.010971619873697025,0,20.0
P17,1,1,DEVICE2-1,Y,26676,206080,179404.0,,,,,,P17,P17,Novice,False,ATG,1,DEVICE2-1,26676,206080,179404,1,1,P17_T1_DEVICE2-1_221,1,SIMETRIC Recording 46.tsv,Recording 46,44.0,2266906.0,8954,7945,0.8873129327674782,48,1436.7291666666667,821.5,2099.795499055708,140.0,1783.0,1643.0,68963.0,10820.0,0.26755256293059243,0.3844005707788009,1,20.0
P17,1,2,DEVICE1-1,Y,224031,522525,298494.0,266742.0,334680.0,378728.0,395833.0,463163.0,P17,P17,Novice,False,MST,1,DEVICE1-1,224031,522525,298494,1,2,P17_T2_DEVICE1-1_222,1,SIMETRIC Recording 46.tsv,Recording 46,44.0,2266906.0,14897,12807,0.8597032959656307,198,339.8181818181818,160.0,559.7255103864644,80.0,280.0,200.0,67284.0,4268.0,0.6633299161792197,0.22541156606162938,0,20.0
P17,1,3,DEVICE3-1,N,536941,696459,159518.0,,,,,,P17,P17,Novice,False,CON,1,DEVICE3-1,536941,696459,159518,0,3,P17_T3_DEVICE3-1_223,1,SIMETRIC Recording 46.tsv,Recording 46,44.0,2266906.0,7961,6090,0.7649792739605578,101,703.940594059406,300.0,1020.5596878358676,120.0,782.0,662.0,71098.0,5690.0,0.6331573866272144,0.44570518687546234,0,20.0
P17,2,4,DEVICE3-2,N,715780,954554,238774.0,,,,,,P17,P17,Novice,False,CON,2,DEVICE3-2,715780,954554,238774,0,4,P17_T4_DEVICE3-2_224,1,SIMETRIC Recording 46.tsv,Recording 46,44.0,2266906.0,11917,10137,0.8506335487119241,150,986.82,421.0,1434.630065124243,125.0,1137.0,1012.0,148023.0,9016.0,0.6282091014934624,0.6199293055357786,0,20.0
P17,2,5,DEVICE2-2,N,967445,1119878,152433.0,,,,,,P17,P17,Novice,False,ATG,2,DEVICE2-2,967445,1119878,152433,0,5,P17_T5_DEVICE2-2_225,1,SIMETRIC Recording 46.tsv,Recording 46,44.0,2266906.0,7608,6391,0.8400368033648791,59,1146.406779661017,641.0,1396.014513295816,200.0,1342.5,1142.5,67638.0,6872.0,0.3870552964253147,0.4437228159256854,0,20.0
P17,2,6,DEVICE1-2,Y,1133710,1622955,489245.0,1159340.0,1430260.0,1461570.0,1470615.0,1553860.0,P17,P17,Novice,False,MST,2,DEVICE1-2,1133710,1622955,489245,1,6,P17_T6_DEVICE1-2_226,1,SIMETRIC Recording 46.tsv,Recording 46,44.0,2266906.0,24418,16132,0.6606601687279875,280,623.1428571428571,240.0,909.6854241530634,100.0,706.75,606.75,174480.0,5410.0,0.5723103966315445,0.35663113572954247,0,20.0
P17,3,7,DEVICE3-3,Y,1656420,1887414,230994.0,,,,,,P17,P17,Novice,False,CON,3,DEVICE3-3,1656420,1887414,230994,1,7,P17_T7_DEVICE3-3_227,1,SIMETRIC Recording 46.tsv,Recording 46,44.0,2266906.0,11529,9222,0.799895914650013,122,967.2868852459017,470.5,1251.4139406690983,200.0,1187.75,987.75,118009.0,7333.0,0.5281522463786938,0.5108747413352728,0,20.0
P17,3,8,DEVICE2-3,N,1906808,2048286,141478.0,,,,,,P17,P17,Novice,False,ATG,3,DEVICE2-3,1906808,2048286,141478,0,8,P17_T8_DEVICE2-3_228,1,SIMETRIC Recording 46.tsv,Recording 46,44.0,2266906.0,7061,6369,0.9019968842940094,87,774.9310344827586,400.0,1179.1811288870495,180.5,802.0,621.5,67419.0,8255.0,0.6149365979162837,0.47653345396457397,0,20.0
P17,3,9,DEVICE1-3,Y,2068959,2247486,178527.0,2102751.0,2125489.0,2149185.0,2160147.0,2219748.0,P17,P17,Novice,False,MST,3,DEVICE1-3,2068959,2247486,178527,1,9,P17_T9_DEVICE1-3_229,1,SIMETRIC Recording 46.tsv,Recording 46,44.0,2266906.0,8910,8065,0.9051627384960719,28,1168.4642857142858,751.0,1492.7493025149033,200.75,1763.0,1562.25,32717.0,7053.0,0.1568390215485613,0.1832607952858671,0,20.0
P17,4,10,DEVICE3-4,Y,28324,153531,125207.0,,,,,,P17,P17,Novice,False,CON,4,DEVICE3-4,28324,153531,125207,1,10,P17_T10_DEVICE3-4_230,2,SIMETRIC Recording 47.tsv,Recording 47,8.0,1107311.0,6249,5336,0.8538966234597536,46,1330.608695652174,541.0,1817.595902751897,200.0,1728.0,1528.0,61208.0,8976.0,0.3673915995112095,0.48885445701917624,0,20.0
P17,4,11,DEVICE1-4,Y,174555,339154,164599.0,186138.0,220626.0,239962.0,252162.0,319489.0,P17,P17,Novice,False,MST,4,DEVICE1-4,174555,339154,164599,1,11,P17_T11_DEVICE1-4_231,2,SIMETRIC Recording 47.tsv,Recording 47,8.0,1107311.0,8215,7569,0.9213633597078514,12,1936.8333333333333,541.5,2756.7511126269083,130.75,2399.75,2269.0,23242.0,7132.0,0.07290445263944496,0.1412037740204983,0,20.0
P17,4,12,DEVICE2-4,Y,359528,448829,89301.0,,,,,,P17,P17,Novice,False,ATG,4,DEVICE2-4,359528,448829,89301,1,12,P17_T12_DEVICE2-4_232,2,SIMETRIC Recording 47.tsv,Recording 47,8.0,1107311.0,4457,3992,0.895669733004263,8,3534.0,3125.5,3082.64747069324,1237.25,5330.25,4093.0,28272.0,8215.0,0.08958466310567631,0.3165921994154601,0,20.0
P17,5,13,DEVICE3-5 ,Y,468169,579356,111187.0,,,,,,P17,P17,Novice,False,CON,5,DEVICE3-5,468169,579356,111187,1,13,P17_T13_DEVICE3-5_233,2,SIMETRIC Recording 47.tsv,Recording 47,8.0,1107311.0,5550,4949,0.8917117117117117,24,2314.9583333333335,1061.5,2577.58446880807,520.75,4428.25,3907.5,55559.0,9838.0,0.2158525726928508,0.49968971192675404,0,20.0
P17,5,14,DEVICE1-5 ,Y,700722,881613,180891.0,735669.0,754431.0,781545.0,790074.0,826068.0,P17,P17,Novice,False,MST,5,DEVICE1-5,700722,881613,180891,1,14,P17_T14_DEVICE1-5_234,2,SIMETRIC Recording 47.tsv,Recording 47,8.0,1107311.0,9028,6824,0.7558706247230838,26,1242.1923076923076,571.0,1506.442272886174,205.0,1592.75,1387.75,32297.0,5851.0,0.14373296626145027,0.17854398505177152,0,20.0
P17,5,15,DEVICE2-5 ,N,988497,1092880,104383.0,,,,,,P17,P17,Novice,False,ATG,5,DEVICE2-5,988497,1092880,104383,0,15,P17_T15_DEVICE2-5_235,2,SIMETRIC Recording 47.tsv,Recording 47,8.0,1107311.0,5209,4443,0.8529468228066808,27,1967.2592592592594,641.0,2688.4007341024344,230.5,2544.5,2314.0,53116.0,9737.0,0.2586628090781066,0.5088568061849151,0,20.0
P18,1,1,DEVICE1-1,Y,21554,259287,237733.0,54336.0,103508.0,150013.0,129722/158420,227862.0,P18,P18,Novice,False,MST,1,DEVICE1-1,21554,259287,237733,1,1,P18_T1_DEVICE1-1_236,1,SIMETRIC Recording 48.tsv,Recording 48,3.0,307419.0,11865,7199,0.6067425200168562,40,801.475,350.0,1145.4179169574654,145.0,997.0,852.0,32059.0,5791.0,0.1682559846550542,0.13485296530140956,0,20.0
P18,1,2,DEVICE3-1,Y,16732,113277,96545.0,,,,,,P18,P18,Novice,False,CON,1,DEVICE3-1,16732,113277,96545,1,2,P18_T2_DEVICE3-1_237,2,SIMETRIC Recording 49.tsv,Recording 49,18.0,2305670.0,4818,4429,0.9192611041926111,46,467.7826086956522,270.5,582.8798966451352,120.0,541.0,421.0,21518.0,3246.0,0.47646175358641046,0.2228805220363561,0,20.0
P18,1,3,DEVICE2-1,Y,145949,265048,119099.0,,,,,,P18,P18,Novice,False,ATG,1,DEVICE2-1,145949,265048,119099,1,3,P18_T3_DEVICE2-1_238,2,SIMETRIC Recording 49.tsv,Recording 49,18.0,2305670.0,5944,5458,0.9182368775235532,61,425.327868852459,200.0,513.7132378189048,100.0,641.0,541.0,25945.0,2564.0,0.512178943567956,0.21784397853886261,0,20.0
P18,2,4,DEVICE2-2,Y,281130,365845,84715.0,,,,,,P18,P18,Novice,False,ATG,2,DEVICE2-2,281130,365845,84715,1,4,P18_T4_DEVICE2-2_239,2,SIMETRIC Recording 49.tsv,Recording 49,18.0,2305670.0,4228,3989,0.9434720908230843,18,1359.0555555555557,631.0,2377.7230203364543,255.0,1012.0,757.0,24463.0,10118.0,0.21247712919789882,0.28876822286489995,1,20.0
P18,2,5,DEVICE1-2,Y,408986,571698,162712.0,432198.0,462085.0,485604.0,497798,545693.0,P18,P18,Novice,False,MST,2,DEVICE1-2,408986,571698,162712,1,5,P18_T5_DEVICE1-2_240,2,SIMETRIC Recording 49.tsv,Recording 49,18.0,2305670.0,8121,7533,0.9275951237532324,58,532.3448275862069,270.5,633.568771152583,125.75,601.0,475.25,30876.0,2444.0,0.3564580362849698,0.1897585918678401,0,20.0
P18,2,6,DEVICE3-2,Y,624217,705607,81390.0,,,,,,P18,P18,Novice,False,CON,2,DEVICE3-2,624217,705607,81390,1,6,P18_T6_DEVICE3-2_241,2,SIMETRIC Recording 49.tsv,Recording 49,18.0,2305670.0,4062,3797,0.9347612013786312,12,2416.0,801.5,5205.806653064528,75.0,1647.75,1572.75,28992.0,18633.0,0.1474382602285293,0.3562108367121268,1,20.0
P18,3,7,DEVICE1-3,Y,731989,1008905,276916.0,779502.0,809175.0,829859.0,837491,967218.0,P18,P18,Novice,False,MST,3,DEVICE1-3,731989,1008905,276916,1,7,P18_T7_DEVICE1-3_242,2,SIMETRIC Recording 49.tsv,Recording 49,18.0,2305670.0,13821,10176,0.7362708921206859,25,1517.84,381.0,2066.477511773759,160.0,2664.0,2504.0,37946.0,5710.0,0.09028008493550391,0.13703072411850525,0,20.0
P18,3,8,DEVICE2-3,Y,1101588,1199904,98316.0,,,,,,P18,P18,Novice,False,ATG,3,DEVICE2-3,1101588,1199904,98316,1,8,P18_T8_DEVICE2-3_243,2,SIMETRIC Recording 49.tsv,Recording 49,18.0,2305670.0,4907,4503,0.9176686366415325,69,538.8550724637681,160.0,1050.2443031667376,80.0,400.0,320.0,37181.0,5690.0,0.7018186256560478,0.3781785263843118,0,20.0
P18,3,9,DEVICE3-3,Y,1216216,1299301,83085.0,,,,,,P18,P18,Novice,False,CON,3,DEVICE3-3,1216216,1299301,83085,1,9,P18_T9_DEVICE3-3_244,2,SIMETRIC Recording 49.tsv,Recording 49,18.0,2305670.0,4147,3649,0.8799131902580178,34,605.7352941176471,210.0,1034.700932016869,105.0,461.0,356.0,20595.0,5390.0,0.4092194740326172,0.24787867846181622,0,20.0
P18,4,10,DEVICE1-4,N,1314288,1524946,210658.0,1337775.0,1370229.0,1388478.0,1398993,1497937.0,P18,P18,Novice,False,MST,4,DEVICE1-4,1314288,1524946,210658,0,10,P18_T10_DEVICE1-4_245,2,SIMETRIC Recording 49.tsv,Recording 49,18.0,2305670.0,10514,10441,0.9930568765455583,17,1899.8235294117646,201.0,4878.5353621155355,120.0,1142.0,1022.0,32297.0,20477.0,0.08069952244870834,0.153314851560349,1,20.0
P18,4,11,DEVICE3-4,Y,1546102,1619347,73245.0,,,,,,P18,P18,Novice,False,CON,4,DEVICE3-4,1546102,1619347,73245,1,11,P18_T11_DEVICE3-4_246,2,SIMETRIC Recording 49.tsv,Recording 49,18.0,2305670.0,3655,3627,0.9923392612859097,8,3426.25,911.5,5292.975230030298,671.75,3451.5,2779.75,27410.0,15668.0,0.10922247252372175,0.3742234964844017,1,20.0
P18,4,12,DEVICE2-4,N,1638537,1757072,118535.0,,,,,,P18,P18,Novice,False,ATG,4,DEVICE2-4,1638537,1757072,118535,0,12,P18_T12_DEVICE2-4_247,2,SIMETRIC Recording 49.tsv,Recording 49,18.0,2305670.0,5916,5863,0.9910412440838404,7,7756.714285714285,2324.0,14460.829733159455,1171.5,4608.5,3437.0,54297.0,40313.0,0.05905428776310794,0.45806723752478173,1,20.0
P18,5,13,DEVICE3-5 ,Y,1775073,1851702,76629.0,,,,,,P18,P18,Novice,False,CON,5,DEVICE3-5,1775073,1851702,76629,1,13,P18_T13_DEVICE3-5_248,2,SIMETRIC Recording 49.tsv,Recording 49,18.0,2305670.0,3824,3765,0.984571129707113,25,1376.04,400.0,2902.6984497188123,241.0,1041.0,800.0,34401.0,14626.0,0.32624724321079485,0.44892925654778215,1,20.0
P18,5,14,DEVICE1-5 ,Y,1941614,2096643,155029.0,1964876.0,2011758.0,2033737.0,2041771,2073358.0,P18,P18,Novice,False,MST,5,DEVICE1-5,1941614,2096643,155029,1,14,P18_T14_DEVICE1-5_249,2,SIMETRIC Recording 49.tsv,Recording 49,18.0,2305670.0,7737,7666,0.9908233165309551,5,9645.6,1904.0,17711.049977344654,1102.0,3326.0,2224.0,48228.0,41275.0,0.0322520302653052,0.31109018312702785,1,20.0
P18,5,15,DEVICE2-5 ,Y,2176323,2249794,73471.0,,,,,,P18,P18,Novice,False,ATG,5,DEVICE2-5,2176323,2249794,73471,1,15,P18_T15_DEVICE2-5_250,2,SIMETRIC Recording 49.tsv,Recording 49,18.0,2305670.0,3667,3609,0.9841832560676302,5,4992.8,1022.0,8852.740406224504,661.0,1964.0,1303.0,24964.0,20797.0,0.06805406214696955,0.33978032148738957,1,20.0
P19,1,1,DEVICE3-1,N,11665,550598,538933.0,,,,,,P19,P19,Novice,False,CON,1,DEVICE3-1,11665,550598,538933,0,1,P19_T1_DEVICE3-1_251,1,SIMETRIC Recording 50.tsv,Recording 50,11.0,785252.0,26898,26541,0.9867276377425831,179,1619.7765363128492,722.0,2101.2490521108925,270.5,2234.0,1963.5,289940.0,12503.0,0.3321377610946073,0.5379889522445276,1,20.0
P19,1,2,DEVICE2-1,N,568280,750439,182159.0,,,,,,P19,P19,Novice,False,ATG,1,DEVICE2-1,568280,750439,182159,0,2,P19_T2_DEVICE2-1_252,1,SIMETRIC Recording 50.tsv,Recording 50,11.0,785252.0,9091,9007,0.990760092399076,37,2127.5675675675675,1323.0,2490.139147612935,360.0,3045.0,2685.0,78720.0,11321.0,0.20311925296032587,0.432149934946942,1,20.0
P19,1,3,DEVICE1-1,Y,22860,380458,357598.0,73028.0,161152.0,293160.0,215302/303747,349029.0,P19,P19,Novice,False,MST,1,DEVICE1-1,22860,380458,357598,1,3,P19_T3_DEVICE1-1_253,2,SIMETRIC Recording 51.tsv,Recording 51,16.0,3488428.0,17847,17626,0.9876169664369362,12,5052.5,4819.0,4045.0249240719936,2669.5,6231.5,3562.0,60630.0,14546.0,0.03355723466014911,0.16954792812040337,1,20.0
P19,2,4,DEVICE1-2,N,406392,825442,419050.0,419170.0,661308.0,693461.0,707313,807054.0,P19,P19,Novice,False,MST,2,DEVICE1-2,406392,825442,419050,0,4,P19_T4_DEVICE1-2_254,2,SIMETRIC Recording 51.tsv,Recording 51,16.0,3488428.0,20915,20671,0.9883337317714559,46,2674.782608695652,2003.5,2239.687715464353,1127.0,4032.0,2905.0,123040.0,10679.0,0.10977210356759336,0.2936165135425367,1,20.0
P19,2,5,DEVICE3-2,N,847588,1220737,373149.0,,,,,,P19,P19,Novice,False,CON,2,DEVICE3-2,847588,1220737,373149,0,5,P19_T5_DEVICE3-2_255,2,SIMETRIC Recording 51.tsv,Recording 51,16.0,3488428.0,18624,18423,0.9892074742268041,86,2353.1162790697676,1092.0,3390.4340947769497,280.25,3181.0,2900.75,202368.0,19736.0,0.23047093788272244,0.5423249157843114,2,20.0
P19,2,6,DEVICE2-2,Y,1240543,1537735,297192.0,,,,,,P19,P19,Novice,False,ATG,2,DEVICE2-2,1240543,1537735,297192,1,6,P19_T6_DEVICE2-2_256,2,SIMETRIC Recording 51.tsv,Recording 51,16.0,3488428.0,14832,14721,0.9925161812297735,36,4678.527777777777,2995.5,6146.249804258627,420.75,7603.25,7182.5,168427.0,32239.0,0.12113381248485827,0.566727906538534,4,20.0
P19,3,7,DEVICE3-3,Y,1562470,1800826,238356.0,,,,,,P19,P19,Novice,False,CON,3,DEVICE3-3,1562470,1800826,238356,1,7,P19_T7_DEVICE3-3_257,2,SIMETRIC Recording 51.tsv,Recording 51,16.0,3488428.0,11896,11721,0.9852891728312038,44,2991.8636363636365,1452.5,6089.339925243011,576.0,3125.25,2549.25,131642.0,40053.0,0.1845978284582725,0.5522915303159979,1,20.0
P19,3,8,DEVICE2-3,Y,1818739,2019222,200483.0,,,,,,P19,P19,Novice,False,ATG,3,DEVICE2-3,1818739,2019222,200483,1,8,P19_T8_DEVICE2-3_258,2,SIMETRIC Recording 51.tsv,Recording 51,16.0,3488428.0,10006,9857,0.9851089346392164,32,3616.53125,1913.5,4473.900960620781,335.75,4924.5,4588.75,115729.0,20657.0,0.15961453090785752,0.5772509389823576,3,20.0
P19,3,9,DEVICE1-3,Y,2044630,2637590,592960.0,2082713.0,2455800.0,2475265.0,2484598/2500103,2619143.0,P19,P19,Novice,False,MST,3,DEVICE1-3,2044630,2637590,592960,1,9,P19_T9_DEVICE1-3_259,2,SIMETRIC Recording 51.tsv,Recording 51,16.0,3488428.0,29595,29374,0.9925325223855381,67,3269.1492537313434,2885.0,3042.5877405925335,861.5,4368.0,3506.5,219033.0,16370.0,0.11299244468429573,0.3693891662169455,2,20.0
P19,4,10,DEVICE3-4,Y,2655140,2791049,135909.0,,,,,,P19,P19,Novice,False,CON,4,DEVICE3-4,2655140,2791049,135909,1,10,P19_T10_DEVICE3-4_260,2,SIMETRIC Recording 51.tsv,Recording 51,16.0,3488428.0,6784,6715,0.9898290094339622,24,2908.5416666666665,2154.0,3779.7962790647703,296.0,4853.25,4557.25,69805.0,18273.0,0.17658874688210494,0.5136157281710556,1,20.0
P19,4,11,DEVICE1-4,Y,2804905,3072123,267218.0,2862402.0,2978674.0,3003050.0,3012786,3061414.0,P19,P19,Novice,False,MST,4,DEVICE1-4,2804905,3072123,267218,1,11,P19_T11_DEVICE1-4_261,2,SIMETRIC Recording 51.tsv,Recording 51,16.0,3488428.0,13337,12998,0.974581989952763,44,1718.0454545454545,301.0,2807.691851462613,145.0,2414.25,2269.25,75594.0,12442.0,0.16465956634657844,0.2828926195091648,1,20.0
P19,4,12,DEVICE2-4,Y,3086854,3474559,387705.0,,,,,,P19,P19,Novice,False,ATG,4,DEVICE2-4,3086854,3474559,387705,1,12,P19_T12_DEVICE2-4_262,2,SIMETRIC Recording 51.tsv,Recording 51,16.0,3488428.0,19350,19210,0.992764857881137,59,4443.203389830508,2564.0,5765.63127440544,300.5,6451.5,6151.0,262149.0,24484.0,0.1521775576791633,0.676155840136186,7,20.0
P19,5,13,DEVICE3-5 ,Y,30592,180750,150158.0,,,,,,P19,P19,Novice,False,CON,5,DEVICE3-5,30592,180750,150158,1,13,P19_T13_DEVICE3-5_263,3,SIMETRIC Recording 52.tsv,Recording 52,7.0,1029410.0,7494,7462,0.9957299172671471,9,11640.888888888889,13564.0,8922.839618703852,2444.0,17732.0,15288.0,104768.0,25646.0,0.05993686650061935,0.6977184032818764,5,20.0
P19,5,14,DEVICE2-5 ,Y,315878,610350,294472.0,,,,,,P19,P19,Novice,False,ATG,5,DEVICE2-5,315878,610350,294472,1,14,P19_T14_DEVICE2-5_264,3,SIMETRIC Recording 52.tsv,Recording 52,7.0,1029410.0,14697,14622,0.9948969177383139,38,5827.8421052631575,2324.5,7563.15835472984,296.0,8239.75,7943.75,221458.0,25406.0,0.12904452715368525,0.7520511288000218,7,20.0
P19,5,15,DEVICE1-5 ,Y,777396,959194,181798.0,802786.0,871006.0,892524.0,901773,948242.0,P19,P19,Novice,False,MST,5,DEVICE1-5,777396,959194,181798,1,15,P19_T15_DEVICE1-5_265,3,SIMETRIC Recording 52.tsv,Recording 52,7.0,1029410.0,9073,9022,0.9943789264851758,8,6814.875,6982.5,5497.645039664061,2183.5,11656.5,9473.0,54519.0,12723.0,0.04400488454218418,0.2998877875444174,4,20.0
P2,1,1,DEVICE3-1,Y,203230,356618,153388.0,,,,,,P2,P2,Intermediate,False,CON,1,DEVICE3-1,203230,356618,153388,1,1,P2_T1_DEVICE3-1_16,1,SIMETRIC Recording 16.tsv,Recording 16,2.0,3291257.0,7656,6774,0.8847962382445141,25,965.72,741.0,1501.0894799000712,180.0,1042.0,862.0,24143.0,7774.0,0.16298537043314992,0.15739823193470154,0,20.0
P2,1,2,DEVICE1-1,Y,386532,618752,232220.0,443976.0,495419.0,515731.0,530913,568260.0,P2,P2,Intermediate,False,MST,1,DEVICE1-1,386532,618752,232220,1,2,P2_T2_DEVICE1-1_17,1,SIMETRIC Recording 16.tsv,Recording 16,2.0,3291257.0,11590,10700,0.9232096635030198,8,2494.625,2154.0,2480.994267137961,811.5,3201.25,2389.75,19957.0,7694.0,0.03445009043148738,0.08594005684264922,0,20.0
P2,1,3,DEVICE2-1,Y,642983,848698,205715.0,,,,,,P2,P2,Intermediate,False,ATG,1,DEVICE2-1,642983,848698,205715,1,3,P2_T3_DEVICE2-1_18,1,SIMETRIC Recording 16.tsv,Recording 16,2.0,3291257.0,10268,9614,0.936306973120374,0,,,,,,,0.0,,0.0,0.0,0,20.0
P2,2,4,DEVICE2-2,Y,881216,996796,115580.0,,,,,,P2,P2,Intermediate,False,ATG,2,DEVICE2-2,881216,996796,115580,1,4,P2_T4_DEVICE2-2_19,1,SIMETRIC Recording 16.tsv,Recording 16,2.0,3291257.0,5769,5234,0.9072629571849541,2,1412.5,1412.5,325.9762261269984,1297.25,1527.75,230.5,2825.0,1643.0,0.017304031839418584,0.02444194497317875,0,20.0
P2,2,5,DEVICE3-2,Y,1021328,1152074,130746.0,,,,,,P2,P2,Intermediate,False,CON,2,DEVICE3-2,1021328,1152074,130746,1,5,P2_T5_DEVICE3-2_20,1,SIMETRIC Recording 16.tsv,Recording 16,2.0,3291257.0,6526,6161,0.9440698743487588,0,,,,,,,0.0,,0.0,0.0,0,20.0
P2,2,6,DEVICE1-2,Y,1183404,1466377,282973.0,1304285.0,1331758.0,1392199.0,1359231/1419672,1441651.0,P2,P2,Intermediate,False,MST,2,DEVICE1-2,1183404,1466377,282973,1,6,P2_T6_DEVICE1-2_21,1,SIMETRIC Recording 16.tsv,Recording 16,2.0,3291257.0,14123,12962,0.9177936699001629,0,,,,,,,0.0,,0.0,0.0,0,20.0
P2,3,7,DEVICE3-3,Y,1525021,1634513,109492.0,,,,,,P2,P2,Intermediate,False,CON,3,DEVICE3-3,1525021,1634513,109492,1,7,P2_T7_DEVICE3-3_22,1,SIMETRIC Recording 16.tsv,Recording 16,2.0,3291257.0,5465,5052,0.9244281793229643,2,7182.5,7182.5,5596.750173091524,5203.75,9161.25,3957.5,14365.0,11140.0,0.018266174697694808,0.13119679976619297,1,20.0
P2,3,8,DEVICE2-3,N,1727227,1868718,141491.0,,,,,,P2,P2,Intermediate,False,ATG,3,DEVICE2-3,1727227,1868718,141491,0,8,P2_T8_DEVICE2-3_23,1,SIMETRIC Recording 16.tsv,Recording 16,2.0,3291257.0,7062,6575,0.9310393656188048,8,1906.0,390.5,2306.5634301147793,191.0,4493.25,4302.25,15248.0,4848.0,0.0565406987016842,0.1077665717254101,0,20.0
P2,3,9,DEVICE1-3,Y,1922430,2120236,197806.0,1985618.0,2007597.0,2037817.0,2068037,2090016.0,P2,P2,Intermediate,False,MST,3,DEVICE1-3,1922430,2120236,197806,1,9,P2_T9_DEVICE1-3_24,1,SIMETRIC Recording 16.tsv,Recording 16,2.0,3291257.0,9872,9161,0.9279781199351702,2,6171.5,6171.5,7962.729462941712,3356.25,8986.75,5630.5,12343.0,11802.0,0.01011091675682234,0.06239952276472908,1,20.0
P2,4,10,DEVICE3-4,N,2150327,2309543,159216.0,,,,,,P2,P2,Intermediate,False,CON,4,DEVICE3-4,2150327,2309543,159216,0,10,P2_T10_DEVICE3-4_25,1,SIMETRIC Recording 16.tsv,Recording 16,2.0,3291257.0,7947,7437,0.9358248395620989,0,,,,,,,0.0,,0.0,0.0,0,20.0
P2,4,11,DEVICE1-4,Y,2351010,2507184,156174.0,2394967.0,2420113.0,2433995.0,2444973,2475269.0,P2,P2,Intermediate,False,MST,4,DEVICE1-4,2351010,2507184,156174,1,11,P2_T11_DEVICE1-4_26,1,SIMETRIC Recording 16.tsv,Recording 16,2.0,3291257.0,7795,7184,0.9216164207825529,0,,,,,,,0.0,,0.0,0.0,0,20.0
P2,4,12,DEVICE2-4,Y,2538277,2674361,136084.0,,,,,,P2,P2,Intermediate,False,ATG,4,DEVICE2-4,2538277,2674361,136084,1,12,P2_T12_DEVICE2-4_27,1,SIMETRIC Recording 16.tsv,Recording 16,2.0,3291257.0,6792,6338,0.9331566548881036,1,1823.0,1823.0,,1823.0,1823.0,0.0,1823.0,1823.0,0.007348402457305781,0.01339613767966844,0,20.0
P2,5,13,DEVICE1-5 ,Y,2710908,2864757,153849.0,2752117.0,2779591.0,2798816.0,2810084,2833446.0,P2,P2,Intermediate,False,MST,5,DEVICE1-5,2710908,2864757,153849,1,13,P2_T13_DEVICE1-5_28,1,SIMETRIC Recording 16.tsv,Recording 16,2.0,3291257.0,7678,7165,0.9331857254493358,0,,,,,,,0.0,,0.0,0.0,0,20.0
P2,5,14,DEVICE3-5 ,N,2988203,3127820,139617.0,,,,,,P2,P2,Intermediate,False,CON,5,DEVICE3-5,2988203,3127820,139617,0,14,P2_T14_DEVICE3-5_29,1,SIMETRIC Recording 16.tsv,Recording 16,2.0,3291257.0,6968,6581,0.9444603903559128,0,,,,,,,0.0,,0.0,0.0,0,20.0
P2,5,15,DEVICE2-5 ,N,3149601,3264247,114646.0,,,,,,P2,P2,Intermediate,False,ATG,5,DEVICE2-5,3149601,3264247,114646,0,15,P2_T15_DEVICE2-5_30,1,SIMETRIC Recording 16.tsv,Recording 16,2.0,3291257.0,5722,5256,0.9185599440754981,0,,,,,,,0.0,,0.0,0.0,0,20.0
P20,1,1,DEVICE2-1,Y,46243,152433,106190.0,,,,,,P20,P20,Novice,False,ATG,1,DEVICE2-1,46243,152433,106190,1,1,P20_T1_DEVICE2-1_266,1,SIMETRIC Recording 53.tsv,Recording 53,3.0,2352038.0,5300,5073,0.9571698113207547,53,587.3584905660377,221.0,915.9842141388266,120.0,481.0,361.0,31130.0,3967.0,0.49910537715415765,0.293153780958659,0,20.0
P20,1,2,DEVICE3-1,Y,164664,265184,,,,,,,P20,P20,Novice,False,CON,1,DEVICE3-1,164664,265184,100520,1,2,P20_T2_DEVICE3-1_267,1,SIMETRIC Recording 53.tsv,Recording 53,3.0,2352038.0,5017,4807,0.9581423161251744,58,650.448275862069,331.0,791.5588921449986,145.0,851.75,706.75,37726.0,4107.0,0.57699960206924,0.375308396339037,0,20.0
P20,1,3,DEVICE1-1,Y,314089,460454,146365.0,326317.0,350901.0,367530.0,377807.0,421744.0,P20,P20,Novice,False,MST,1,DEVICE1-1,314089,460454,146365,1,3,P20_T3_DEVICE1-1_268,1,SIMETRIC Recording 53.tsv,Recording 53,3.0,2352038.0,7305,2718,0.37207392197125255,57,303.3859649122807,100.0,573.6286987984589,61.0,300.0,239.0,17293.0,3366.0,0.3894373654903836,0.11814983090219656,0,20.0
P20,2,4,DEVICE1-2,Y,491428,679534,188106.0,538445.0,576013.0,617218.0,623669.0,657204.0,P20,P20,Novice,False,MST,2,DEVICE1-2,491428,679534,188106,1,4,P20_T4_DEVICE1-2_269,1,SIMETRIC Recording 53.tsv,Recording 53,3.0,2352038.0,9389,5443,0.5797209500479285,140,295.42857142857144,160.0,367.9093597878793,80.0,346.0,266.0,41360.0,2224.0,0.7442612144216559,0.21987602734628348,0,20.0
P20,2,5,DEVICE2-2,Y,701275,777587,76312.0,,,,,,P20,P20,Novice,False,ATG,2,DEVICE2-2,701275,777587,76312,1,5,P20_T5_DEVICE2-2_270,1,SIMETRIC Recording 53.tsv,Recording 53,3.0,2352038.0,3808,3667,0.9629726890756303,31,866.6451612903226,261.0,2515.1406660249586,90.0,661.5,571.5,26866.0,14185.0,0.4062270678268162,0.35205472271726596,1,20.0
P20,2,6,DEVICE3-2,Y,792684,847421,54737.0,,,,,,P20,P20,Novice,False,CON,2,DEVICE3-2,792684,847421,54737,1,6,P20_T6_DEVICE3-2_271,1,SIMETRIC Recording 53.tsv,Recording 53,3.0,2352038.0,2732,2396,0.87701317715959,52,483.53846153846155,170.0,850.296614026563,100.0,546.0,446.0,25144.0,5189.0,0.9499972596232895,0.45936021338399985,0,20.0
P20,3,7,DEVICE1-3,Y,890273,1003230,112957.0,909048.0,926200.0,936129.0,944095.0,981321.0,P20,P20,Novice,False,MST,3,DEVICE1-3,890273,1003230,112957,1,7,P20_T7_DEVICE1-3_272,1,SIMETRIC Recording 53.tsv,Recording 53,3.0,2352038.0,5638,429,0.07609081234480312,19,126.52631578947368,80.0,120.57149489044647,60.5,140.0,79.5,2404.0,581.0,0.16820560036119941,0.021282434908859123,0,20.0
P20,3,8,DEVICE2-3,Y,1049687,1145310,95623.0,,,,,,P20,P20,Novice,False,ATG,3,DEVICE2-3,1049687,1145310,95623,1,8,P20_T8_DEVICE2-3_273,1,SIMETRIC Recording 53.tsv,Recording 53,3.0,2352038.0,4772,4403,0.9226739312657167,53,582.811320754717,220.0,947.3815342341422,100.0,561.0,461.0,30889.0,4768.0,0.5542599583782144,0.32302897838386163,0,20.0
P20,3,9,DEVICE3-3,Y,1158661,1227015,68354.0,,,,,,P20,P20,Novice,False,CON,3,DEVICE3-3,1158661,1227015,68354,1,9,P20_T9_DEVICE3-3_274,1,SIMETRIC Recording 53.tsv,Recording 53,3.0,2352038.0,3411,3287,0.9636470243330402,16,1580.25,942.0,2915.9116699013134,210.0,1307.0,1097.0,25284.0,12122.0,0.23407554788307927,0.369897884542236,1,20.0
P20,4,10,DEVICE1-4,Y,1279265,1420730,141465.0,1290970.0,1315332.0,1328666.0,1338274.0,1406403.0,P20,P20,Novice,False,MST,4,DEVICE1-4,1279265,1420730,141465,1,10,P20_T10_DEVICE1-4_275,1,SIMETRIC Recording 53.tsv,Recording 53,3.0,2352038.0,7060,6972,0.9875354107648725,34,747.1764705882352,461.0,816.0588388838755,185.0,981.25,796.25,25404.0,3166.0,0.24034213409677305,0.17957798748807124,0,20.0
P20,4,11,DEVICE2-4,Y,1435074,1491446,56372.0,,,,,,P20,P20,Novice,False,ATG,4,DEVICE2-4,1435074,1491446,56372,1,11,P20_T11_DEVICE2-4_276,1,SIMETRIC Recording 53.tsv,Recording 53,3.0,2352038.0,2814,2699,0.9591329068941009,32,738.84375,370.5,930.6388755762737,140.0,972.0,832.0,23643.0,3727.0,0.5676577024054495,0.4194103455616263,0,20.0
P20,4,12,DEVICE3-4,Y,1508171,1570285,62114.0,,,,,,P20,P20,Novice,False,CON,4,DEVICE3-4,1508171,1570285,62114,1,12,P20_T12_DEVICE3-4_277,1,SIMETRIC Recording 53.tsv,Recording 53,3.0,2352038.0,3101,3000,0.9674298613350532,71,432.056338028169,181.0,550.4954881694944,80.0,461.0,381.0,30676.0,2665.0,1.1430595356924365,0.4938661171394533,0,20.0
P20,5,13,DEVICE1-5 ,Y,1630494,1741924,111430.0,1638947.0,1660625.0,1672018.0,1680481.0,1726411.0,P20,P20,Novice,False,MST,5,DEVICE1-5,1630494,1741924,111430,1,13,P20_T13_DEVICE1-5_278,1,SIMETRIC Recording 53.tsv,Recording 53,3.0,2352038.0,5561,5426,0.9757237906851286,13,1780.076923076923,300.0,5325.732742411108,180.0,381.0,201.0,23141.0,19495.0,0.11666517095934667,0.20767297855155703,1,20.0
P20,5,14,DEVICE3-5 ,Y,1767251,1829989,62738.0,,,,,,P20,P20,Novice,False,CON,5,DEVICE3-5,1767251,1829989,62738,1,14,P20_T14_DEVICE3-5_279,1,SIMETRIC Recording 53.tsv,Recording 53,3.0,2352038.0,3131,2943,0.9399552858511657,27,828.0370370370371,120.0,1940.3594726727529,70.5,510.5,440.0,22357.0,9257.0,0.4303611846090089,0.35635500015939303,0,20.0
P20,5,15,DEVICE2-5 ,N,2102215,2157377,55162.0,,,,,,P20,P20,Novice,False,ATG,5,DEVICE2-5,2102215,2157377,55162,0,15,P20_T15_DEVICE2-5_280,1,SIMETRIC Recording 53.tsv,Recording 53,3.0,2352038.0,2753,2700,0.9807482746095169,16,1074.4375,691.0,1223.4466597145406,110.25,1473.0,1362.75,17191.0,3947.0,0.2900547478336536,0.3116456981255212,0,20.0
P20,5,16,DEVICE2-5 ,Y,2181458,2243213,61755.0,,,,,,P20,P20,Novice,False,ATG,5,DEVICE2-5,2181458,2243213,61755,1,16,P20_T16_DEVICE2-5_281,1,SIMETRIC Recording 53.tsv,Recording 53,3.0,2352038.0,3082,2978,0.9662556781310837,24,1224.75,230.5,2399.319672595619,110.75,335.25,224.5,29394.0,9117.0,0.3886324993927617,0.4759776536312849,0,20.0
P21,1,1,DEVICE1-1,N,32186,237423,205237.0,72641.0,95122.0,121467.0,137070.0,,P21,P21,Novice,False,MST,1,DEVICE1-1,32186,237423,205237,0,1,P21_T1_DEVICE1-1_282,1,SIMETRIC Recording 54.tsv,Recording 54,1.0,2088860.0,10243,9730,0.9499170164990726,19,2394.9473684210525,982.0,2877.357612534347,140.0,3917.0,3777.0,45504.0,9577.0,0.09257590005700726,0.22171440822073993,0,20.0
P21,1,2,DEVICE2-1,N,262280,376902,114622.0,,,,,,P21,P21,Novice,False,ATG,1,DEVICE2-1,262280,376902,114622,0,2,P21_T2_DEVICE2-1_283,1,SIMETRIC Recording 54.tsv,Recording 54,1.0,2088860.0,5720,5455,0.9536713286713286,18,2887.4444444444443,1382.5,3692.61779010377,135.0,4242.75,4107.75,51974.0,13544.0,0.15703791593236902,0.4534382579260526,1,20.0
P21,1,3,DEVICE3-1,Y,393914,481731,87817.0,,,,,,P21,P21,Novice,False,CON,1,DEVICE3-1,393914,481731,87817,1,3,P21_T3_DEVICE3-1_284,1,SIMETRIC Recording 54.tsv,Recording 54,1.0,2088860.0,4383,4192,0.9564225416381474,18,2501.277777777778,1853.5,3035.2737216533665,245.0,3386.5,3141.5,45023.0,10199.0,0.20497170251773575,0.5126911645808898,1,20.0
P21,2,4,DEVICE3-2,Y,505486,551359,45873.0,,,,,,P21,P21,Novice,False,CON,2,DEVICE3-2,505486,551359,45873,1,4,P21_T4_DEVICE3-2_285,1,SIMETRIC Recording 54.tsv,Recording 54,1.0,2088860.0,2290,2190,0.9563318777292577,4,3982.0,3906.5,2700.8101253759646,1773.0,6115.5,4342.5,15928.0,6672.0,0.08719726200597301,0.3472194973077845,0,20.0
P21,2,5,DEVICE1-2,Y,573070,683106,110036.0,578602.0,596774.0,622401.0,633960.0,672271.0,P21,P21,Novice,False,MST,2,DEVICE1-2,573070,683106,110036,1,5,P21_T5_DEVICE1-2_286,1,SIMETRIC Recording 54.tsv,Recording 54,1.0,2088860.0,5492,5294,0.9639475600873999,5,2608.6,641.0,3754.4108459250965,100.0,3346.0,3246.0,13043.0,8876.0,0.0454396742884147,0.11853393434875859,0,20.0
P21,2,6,DEVICE2-2,Y,697038,843239,146201.0,,,,,,P21,P21,Novice,False,ATG,2,DEVICE2-2,697038,843239,146201,1,6,P21_T6_DEVICE2-2_287,1,SIMETRIC Recording 54.tsv,Recording 54,1.0,2088860.0,7297,6998,0.9590242565437851,41,1881.9024390243903,861.0,2408.84785535407,240.0,2604.0,2364.0,77158.0,9978.0,0.2804358383321592,0.5277528881471399,0,20.0
P21,3,7,DEVICE3-3,Y,874888,909827,34939.0,,,,,,P21,P21,Novice,False,CON,3,DEVICE3-3,874888,909827,34939,1,7,P21_T7_DEVICE3-3_288,1,SIMETRIC Recording 54.tsv,Recording 54,1.0,2088860.0,1744,1669,0.9569954128440367,4,3191.0,3045.5,2780.25334577025,1021.75,5214.75,4193.0,12764.0,6192.0,0.11448524571395861,0.3653224190732419,0,20.0
P21,3,8,DEVICE2-3,Y,926991,981717,54726.0,,,,,,P21,P21,Novice,False,ATG,3,DEVICE2-3,926991,981717,54726,1,8,P21_T8_DEVICE2-3_289,1,SIMETRIC Recording 54.tsv,Recording 54,1.0,2088860.0,2732,2560,0.9370424597364568,5,3818.8,3907.0,3597.2297257750997,220.0,7353.0,7133.0,19094.0,7434.0,0.09136425099587034,0.34890180170302965,0,20.0
P21,3,9,DEVICE1-3,Y,1002318,1131222,128904.0,1021684.0,1039572.0,1064931.0,1081416.0,1116590.0,P21,P21,Novice,False,MST,3,DEVICE1-3,1002318,1131222,128904,1,9,P21_T9_DEVICE1-3_290,1,SIMETRIC Recording 54.tsv,Recording 54,1.0,2088860.0,6433,5725,0.889942484066532,13,1413.3076923076924,341.0,1833.7325497745205,180.0,3546.0,3366.0,18373.0,4387.0,0.10085024514367281,0.14253242723266926,0,20.0
P21,4,10,DEVICE3-4,Y,1152299,1197608,45309.0,,,,,,P21,P21,Novice,False,CON,4,DEVICE3-4,1152299,1197608,45309,1,10,P21_T10_DEVICE3-4_291,1,SIMETRIC Recording 54.tsv,Recording 54,1.0,2088860.0,2262,1960,0.8664898320070734,5,3762.8,2985.0,3571.948305896937,1302.0,5230.0,3928.0,18814.0,9157.0,0.11035335143128297,0.41523759076563155,0,20.0
P21,4,11,DEVICE2-4,Y,1210698,1263201,52503.0,,,,,,P21,P21,Novice,False,ATG,4,DEVICE2-4,1210698,1263201,52503,1,11,P21_T11_DEVICE2-4_292,1,SIMETRIC Recording 54.tsv,Recording 54,1.0,2088860.0,2620,2294,0.8755725190839695,7,1995.142857142857,842.0,3130.1544386058354,210.5,1873.5,1663.0,13966.0,8876.0,0.13332571472106355,0.26600384739919625,0,20.0
P21,4,12,DEVICE1-4,Y,1283653,1393347,109694.0,1290839.0,1314515.0,1337185.0,1350366.0,1377187.0,P21,P21,Novice,False,MST,4,DEVICE1-4,1283653,1393347,109694,1,12,P21_T12_DEVICE1-4_293,1,SIMETRIC Recording 54.tsv,Recording 54,1.0,2088860.0,5475,5072,0.926392694063927,10,1909.5,1573.0,1555.691361135335,791.25,2635.0,1843.75,19095.0,4628.0,0.09116268893467282,0.17407515452075775,0,20.0
P21,5,13,DEVICE3-5 ,Y,1425935,1460494,34559.0,,,,,,P21,P21,Novice,False,CON,5,DEVICE3-5,1425935,1460494,34559,1,13,P21_T13_DEVICE3-5_294,1,SIMETRIC Recording 54.tsv,Recording 54,1.0,2088860.0,1725,1591,0.9223188405797101,5,2680.8,1222.0,3633.4084135973485,881.0,1904.0,1023.0,13404.0,9097.0,0.14468011227176714,0.3878584449781533,0,20.0
P21,5,14,DEVICE2-5 ,Y,1655035,1697598,42563.0,,,,,,P21,P21,Novice,False,ATG,5,DEVICE2-5,1655035,1697598,42563,1,14,P21_T14_DEVICE2-5_295,1,SIMETRIC Recording 54.tsv,Recording 54,1.0,2088860.0,2125,1961,0.9228235294117647,11,1169.5454545454545,1102.0,975.4387078270333,361.0,1723.5,1362.5,12865.0,2725.0,0.2584404294810046,0.3022578295702841,0,20.0
P21,5,15,DEVICE1-5 ,Y,1829026,1954866,125840.0,1841468.0,1875734.0,1896310.0,1907234.0,1937230.0,P21,P21,Novice,False,MST,5,DEVICE1-5,1829026,1954866,125840,1,15,P21_T15_DEVICE1-5_296,1,SIMETRIC Recording 54.tsv,Recording 54,1.0,2088860.0,6281,5627,0.8958764527941411,8,4022.375,3396.0,3149.4375433219366,1192.75,6717.25,5524.5,32179.0,8716.0,0.06357279084551812,0.25571360457724096,0,20.0
P22,1,1,DEVICE3-1,Y,11744,220206,208462.0,,,,,,P22,P22,Novice,False,CON,1,DEVICE3-1,11744,220206,208462,1,1,P22_T1_DEVICE3-1_297,1,SIMETRIC Recording 55.tsv,Recording 55,31.0,2639887.0,10404,8612,0.8277585544021531,86,1178.6279069767443,441.0,1558.83061032385,145.75,1562.75,1417.0,101362.0,7774.0,0.4125452120770213,0.4862372998436166,0,20.0
P22,1,2,DEVICE1-1,Y,235562,489510,253948.0,272134/329877,389137.0,412765.0,454238.0,473555.0,P22,P22,Novice,False,MST,1,DEVICE1-1,235562,489510,253948,1,2,P22_T2_DEVICE1-1_298,1,SIMETRIC Recording 55.tsv,Recording 55,31.0,2639887.0,12674,10420,0.8221555941297144,76,862.3421052631579,421.0,1016.4263088898815,135.25,1247.0,1111.75,65538.0,4728.0,0.2992738670909005,0.25807645659741363,0,20.0
P22,1,3,DEVICE2-1,Y,515339,644622,129283.0,,,,,,P22,P22,Novice,False,ATG,1,DEVICE2-1,515339,644622,129283,1,3,P22_T3_DEVICE2-1_299,1,SIMETRIC Recording 55.tsv,Recording 55,31.0,2639887.0,6453,5447,0.8441035177436851,24,763.75,340.5,1263.7731032593385,100.75,901.25,800.5,18330.0,6291.0,0.18563925651477767,0.14178198216316143,0,20.0
P22,2,4,DEVICE2-2,Y,654924,741278,86354.0,,,,,,P22,P22,Novice,False,ATG,2,DEVICE2-2,654924,741278,86354,1,4,P22_T4_DEVICE2-2_300,1,SIMETRIC Recording 55.tsv,Recording 55,31.0,2639887.0,4310,3146,0.7299303944315545,24,747.0833333333334,220.0,1141.5979234566694,100.0,641.25,541.25,17930.0,3907.0,0.2779257475044584,0.20763369386478914,0,20.0
P22,2,5,DEVICE3-2,Y,759217,815929,56712.0,,,,,,P22,P22,Novice,False,CON,2,DEVICE3-2,759217,815929,56712,1,5,P22_T5_DEVICE3-2_301,1,SIMETRIC Recording 55.tsv,Recording 55,31.0,2639887.0,2831,2383,0.8417520310844224,22,494.5,320.0,615.7527139703931,120.25,396.0,275.75,10879.0,2464.0,0.3879249541543236,0.191828889829313,0,20.0
P22,2,6,DEVICE1-2,Y,825470,988695,163225.0,876205,911870.0,930499.0,943080.0,978121.0,P22,P22,Novice,False,MST,2,DEVICE1-2,825470,988695,163225,1,6,P22_T6_DEVICE1-2_302,1,SIMETRIC Recording 55.tsv,Recording 55,31.0,2639887.0,8146,6881,0.8447090596611834,33,760.0909090909091,240.0,1249.9864340172946,160.0,742.0,582.0,25083.0,6332.0,0.20217491193138307,0.15367131260529943,0,20.0
P22,3,7,DEVICE3-3,Y,999417,1065062,65645.0,,,,,,P22,P22,Novice,False,CON,3,DEVICE3-3,999417,1065062,65645,1,7,P22_T7_DEVICE3-3_303,1,SIMETRIC Recording 55.tsv,Recording 55,31.0,2639887.0,3277,2642,0.8062252059810803,18,773.6111111111111,310.5,1240.4350820621196,85.0,942.0,857.0,13925.0,5149.0,0.27420214791682535,0.2121258283189885,0,20.0
P22,3,8,DEVICE2-3,Y,1106309,1161068,54759.0,,,,,,P22,P22,Novice,False,ATG,3,DEVICE2-3,1106309,1161068,54759,1,8,P22_T8_DEVICE2-3_304,1,SIMETRIC Recording 55.tsv,Recording 55,31.0,2639887.0,2733,2226,0.814489571899012,15,555.5333333333333,261.0,705.3925823526182,110.0,721.0,611.0,8333.0,2645.0,0.2739275735495535,0.1521758980258953,0,20.0
P22,3,9,DEVICE1-3,Y,1174085,1331544,157459.0,1197231,1216605.0,1228154.0,1247118.0,1318606.0,P22,P22,Novice,False,MST,3,DEVICE1-3,1174085,1331544,157459,1,9,P22_T9_DEVICE1-3_305,1,SIMETRIC Recording 55.tsv,Recording 55,31.0,2639887.0,7859,6057,0.7707087415701743,39,707.9487179487179,401.0,963.2700323355241,131.0,891.5,760.5,27610.0,5650.0,0.24768352396496865,0.17534723324802012,0,20.0
P22,4,10,DEVICE3-4,N,1415773,1549540,133767.0,,,,,,P22,P22,Novice,False,CON,4,DEVICE3-4,1415773,1549540,133767,0,10,P22_T10_DEVICE3-4_306,1,SIMETRIC Recording 55.tsv,Recording 55,31.0,2639887.0,6676,6040,0.9047333732774117,76,770.3552631578947,360.5,918.1845668338854,140.75,1082.0,941.25,58547.0,4789.0,0.5681520853424238,0.43767894921766953,0,20.0
P22,4,11,DEVICE1-4,Y,1656594,1864628,208034.0,1679022,1694514.0,1714472.0,1818202.0,1848582.0,P22,P22,Novice,False,MST,4,DEVICE1-4,1656594,1864628,208034,1,11,P22_T11_DEVICE1-4_307,1,SIMETRIC Recording 55.tsv,Recording 55,31.0,2639887.0,10383,9429,0.9081190407396706,17,971.1176470588235,220.0,1268.7019391071008,120.0,1623.0,1503.0,16509.0,4388.0,0.08171741157695377,0.07935722045434881,0,20.0
P22,4,12,DEVICE2-4,Y,1874000,1982648,108648.0,,,,,,P22,P22,Novice,False,ATG,4,DEVICE2-4,1874000,1982648,108648,1,12,P22_T12_DEVICE2-4_308,1,SIMETRIC Recording 55.tsv,Recording 55,31.0,2639887.0,5423,4659,0.8591185690577171,74,518.7567567567568,320.5,586.115160286871,100.0,701.75,601.75,38388.0,3286.0,0.6810985936234445,0.3533244974596863,0,20.0
P22,5,13,DEVICE3-5 ,N,2001732,2124031,122299.0,,,,,,P22,P22,Novice,False,CON,5,DEVICE3-5,2001732,2124031,122299,0,13,P22_T13_DEVICE3-5_309,1,SIMETRIC Recording 55.tsv,Recording 55,31.0,2639887.0,6104,5102,0.8358453473132372,50,915.58,360.5,1247.505512482197,146.0,1022.0,876.0,45779.0,5870.0,0.40883408695083356,0.37432031333044424,0,20.0
P22,5,14,DEVICE1-5 ,Y,2139124,2320414,181290.0,2189806,2217545.0,2241582.0,2265725.0,2304149.0,P22,P22,Novice,False,MST,5,DEVICE1-5,2139124,2320414,181290,1,14,P22_T14_DEVICE1-5_310,1,SIMETRIC Recording 55.tsv,Recording 55,31.0,2639887.0,9048,7814,0.8636162687886826,23,1006.2173913043479,221.0,1605.7563484516838,100.0,941.5,841.5,23143.0,5530.0,0.12686855314689172,0.1276573445860224,0,20.0
P22,5,15,DEVICE2-5 ,Y,2450666,2524150,73484.0,,,,,,P22,P22,Novice,False,ATG,5,DEVICE2-5,2450666,2524150,73484,1,15,P22_T15_DEVICE2-5_311,1,SIMETRIC Recording 55.tsv,Recording 55,31.0,2639887.0,3667,3189,0.8696482137987456,27,864.4814814814815,300.0,1125.3655601068676,120.0,1132.0,1012.0,23341.0,4107.0,0.367426922867563,0.31763377061673287,0,20.0
P23,1,1,DEVICE2-1,N,30318,195908,165590.0,,,,,,P23,P23,Novice,False,ATG,1,DEVICE2-1,30318,195908,165590,0,1,P23_T1_DEVICE2-1_312,1,SIMETRIC Recording 57.tsv,Recording 57,13.0,3375540.0,8265,6137,0.7425287356321839,16,2410.5,751.0,3021.887666123059,210.75,4703.5,4492.75,38568.0,8475.0,0.09662419228214264,0.23291261549610484,0,20.0
P23,1,2,DEVICE3-1,Y,215572,321938,106366.0,,,,,,P23,P23,Novice,False,CON,1,DEVICE3-1,215572,321938,106366,1,2,P23_T2_DEVICE3-1_313,1,SIMETRIC Recording 57.tsv,Recording 57,13.0,3375540.0,5309,4362,0.8216236579393483,9,4454.666666666667,2164.0,4933.449756509131,1282.0,6712.0,5430.0,40092.0,15248.0,0.08461350431528872,0.3769249572231728,1,20.0
P23,1,3,DEVICE1-1,Y,337154,524962,187808.0,372169.0,396260.0,417991.0,430924.0,495463.0,P23,P23,Novice,False,MST,1,DEVICE1-1,337154,524962,187808,1,3,P23_T3_DEVICE1-1_314,1,SIMETRIC Recording 57.tsv,Recording 57,13.0,3375540.0,9373,8881,0.9475088018777339,5,3706.8,2264.0,4451.040631133354,581.0,4488.0,3907.0,18534.0,11060.0,0.02662293406031692,0.09868589197478275,1,20.0
P23,2,4,DEVICE1-2,Y,553762,726671,172909.0,579160.0,599362.0,615226.0,627412.0,709966.0,P23,P23,Novice,False,MST,2,DEVICE1-2,553762,726671,172909,1,4,P23_T4_DEVICE1-2_315,1,SIMETRIC Recording 57.tsv,Recording 57,13.0,3375540.0,8630,8025,0.9298957126303592,2,5249.0,5249.0,6488.41182416776,2955.0,7543.0,4588.0,10498.0,9837.0,0.011566777900514144,0.060714017199798735,0,20.0
P23,2,5,DEVICE2-2,Y,748006,867230,119224.0,,,,,,P23,P23,Novice,False,ATG,2,DEVICE2-2,748006,867230,119224,1,5,P23_T5_DEVICE2-2_316,1,SIMETRIC Recording 57.tsv,Recording 57,13.0,3375540.0,5951,5413,0.9095950260460427,4,6521.75,2695.0,9358.841216553825,511.0,8705.75,8194.75,26087.0,20216.0,0.03355029188753942,0.21880661611756022,1,20.0
P23,2,6,DEVICE3-2,Y,882499,975517,93018.0,,,,,,P23,P23,Novice,False,CON,2,DEVICE3-2,882499,975517,93018,1,6,P23_T6_DEVICE3-2_317,1,SIMETRIC Recording 57.tsv,Recording 57,13.0,3375540.0,4642,4275,0.9209392503231366,6,7286.666666666667,8445.5,5852.823922404182,2324.25,11290.75,8966.5,43720.0,14186.0,0.06450364445591175,0.47001655593541036,2,20.0
P23,3,7,DEVICE3-3,Y,990334,1071818,81484.0,,,,,,P23,P23,Novice,False,CON,3,DEVICE3-3,990334,1071818,81484,1,7,P23_T7_DEVICE3-3_318,1,SIMETRIC Recording 57.tsv,Recording 57,13.0,3375540.0,4067,3442,0.8463240717973937,7,5003.0,1001.0,8963.77357292489,220.0,4378.0,4158.0,35021.0,24724.0,0.08590643561926269,0.4297898974031712,1,20.0
P23,3,8,DEVICE2-3,Y,1087778,1206226,118448.0,,,,,,P23,P23,Novice,False,ATG,3,DEVICE2-3,1087778,1206226,118448,1,8,P23_T8_DEVICE2-3_319,1,SIMETRIC Recording 57.tsv,Recording 57,13.0,3375540.0,5912,5501,0.9304803788903924,14,3046.8571428571427,571.0,8149.147835176415,230.75,1673.0,1442.25,42656.0,31216.0,0.11819532621910037,0.36012427394299606,1,20.0
P23,3,9,DEVICE1-3,N,1227010,1597945,370935.0,1236479.0,1302974.0,1314254.0,1323585.0,1549985.0,P23,P23,Novice,False,MST,3,DEVICE1-3,1227010,1597945,370935,0,9,P23_T9_DEVICE1-3_320,1,SIMETRIC Recording 57.tsv,Recording 57,13.0,3375540.0,18514,16245,0.8774440963595117,39,2626.25641025641,1102.0,4039.0080447004802,321.0,2625.0,2304.0,102424.0,17872.0,0.10513971450523676,0.2761238491919069,2,20.0
P23,4,10,DEVICE3-4,Y,1633966,1708547,74581.0,,,,,,P23,P23,Novice,False,CON,4,DEVICE3-4,1633966,1708547,74581,1,10,P23_T10_DEVICE3-4_321,1,SIMETRIC Recording 57.tsv,Recording 57,13.0,3375540.0,3723,3433,0.922105828632823,6,3536.1666666666665,1152.0,6808.400176742453,365.5,1277.0,911.5,21217.0,17391.0,0.08044944422842279,0.2844826430324077,1,20.0
P23,4,11,DEVICE1-4,Y,1722161,1900216,178055.0,1764907.0,1791499.0,1801462.0,1812067.0,1879474.0,P23,P23,Novice,False,MST,4,DEVICE1-4,1722161,1900216,178055,1,11,P23_T11_DEVICE1-4_322,1,SIMETRIC Recording 57.tsv,Recording 57,13.0,3375540.0,8887,8321,0.9363114661865647,13,1911.076923076923,1462.0,2058.9391063335856,280.0,3106.0,2826.0,24844.0,6411.0,0.07301114824071214,0.13952992053017327,0,20.0
P23,4,12,DEVICE2-4,Y,1909878,2021696,111818.0,,,,,,P23,P23,Novice,False,ATG,4,DEVICE2-4,1909878,2021696,111818,1,12,P23_T12_DEVICE2-4_323,1,SIMETRIC Recording 57.tsv,Recording 57,13.0,3375540.0,5581,5320,0.953234187421609,4,10814.5,1613.0,19468.29772561878,495.75,11931.75,11436.0,43258.0,39972.0,0.035772415890107136,0.38686079164356363,1,20.0
P23,5,13,DEVICE1-5 ,N,2060654,2377981,317327.0,2084520.0,2101845.0,2123846.0,2132307.0,2283669.0,P23,P23,Novice,False,MST,5,DEVICE1-5,2060654,2377981,317327,0,13,P23_T13_DEVICE1-5_324,1,SIMETRIC Recording 57.tsv,Recording 57,13.0,3375540.0,15838,13666,0.8628614724081324,59,2065.762711864407,762.0,2687.0290050086983,301.0,2805.0,2504.0,121880.0,12222.0,0.1859280804974049,0.38408329578006284,2,20.0
P23,5,14,DEVICE1-5 ,Y,2412618,2573031,160413.0,2442682.0,2472161.0,2490379.0,2502948.0,2555547.0,P23,P23,Novice,False,MST,5,DEVICE1-5,2412618,2573031,160413,1,14,P23_T14_DEVICE1-5_325,1,SIMETRIC Recording 57.tsv,Recording 57,13.0,3375540.0,8007,7054,0.8809791432496565,12,2335.9166666666665,801.5,4648.566395984765,310.25,2083.25,1773.0,28031.0,16851.0,0.07480690467730171,0.1747426954174537,1,20.0
P23,5,15,DEVICE3-5 ,Y,2847033,2967290,120257.0,,,,,,P23,P23,Novice,False,CON,5,DEVICE3-5,2847033,2967290,120257,1,15,P23_T15_DEVICE3-5_326,1,SIMETRIC Recording 57.tsv,Recording 57,13.0,3375540.0,6002,5637,0.9391869376874376,8,5480.125,1112.5,8362.78703436497,535.75,6607.5,6071.75,43841.0,19095.0,0.06652419401781184,0.3645608987418612,2,20.0
P23,5,16,DEVICE2-5 ,Y,3200910,3305018,104108.0,,,,,,P23,P23,Novice,False,ATG,5,DEVICE2-5,3200910,3305018,104108,1,16,P23_T16_DEVICE2-5_327,1,SIMETRIC Recording 57.tsv,Recording 57,13.0,3375540.0,5196,4725,0.9093533487297921,7,6314.0,2264.0,11835.340749917877,690.5,3726.5,3036.0,44198.0,32899.0,0.06723786836746455,0.4245399008721712,1,20.0
P24,1,1,DEVICE3-1,Y,14582,133033,118451.0,,,,,,P24,P24,Intermediate,False,CON,1,DEVICE3-1,14582,133033,118451,1,1,P24_T1_DEVICE3-1_328,1,SIMETRIC Recording 59.tsv,Recording 59,3.0,614154.0,5912,5158,0.8724627875507442,44,680.3181818181819,270.5,1144.866840489509,100.0,756.0,656.0,29934.0,6812.0,0.37146161703995745,0.2527120919198656,0,20.0
P24,1,2,DEVICE2-1,N,196911,321872,124961.0,,,,,,P24,P24,Intermediate,False,ATG,1,DEVICE2-1,196911,321872,124961,0,2,P24_T2_DEVICE2-1_329,1,SIMETRIC Recording 59.tsv,Recording 59,3.0,614154.0,6237,5541,0.8884078884078884,24,921.5,260.0,1416.861166528814,180.0,1247.0,1067.0,22116.0,6131.0,0.19205992269588112,0.17698321876425444,0,20.0
P24,1,3,DEVICE1-1,Y,370382,468567,98185.0,388997,400218.0,417883.0,427958,447466.0,P24,P24,Intermediate,False,MST,1,DEVICE1-1,370382,468567,98185,1,3,P24_T3_DEVICE1-1_330,1,SIMETRIC Recording 59.tsv,Recording 59,3.0,614154.0,4900,3422,0.6983673469387756,31,189.3548387096774,101.0,147.76750846901285,70.0,291.0,221.0,5870.0,521.0,0.31573050873351327,0.0597850995569588,0,20.0
P24,2,4,DEVICE1-2,Y,482198,555654,73456.0,490171,498414.0,511198.0,521823,541770.0,P24,P24,Intermediate,False,MST,2,DEVICE1-2,482198,555654,73456,1,4,P24_T4_DEVICE1-2_331,1,SIMETRIC Recording 59.tsv,Recording 59,3.0,614154.0,3666,1008,0.27495908346972175,17,163.7058823529412,140.0,140.73235444713947,60.0,180.0,120.0,2783.0,501.0,0.23143106077107384,0.03788662600740579,0,20.0
P24,2,5,DEVICE3-2,Y,14988,68557,53569.0,,,,,,P24,P24,Intermediate,False,CON,2,DEVICE3-2,14988,68557,53569,1,5,P24_T5_DEVICE3-2_332,2,SIMETRIC Recording 60.tsv,Recording 60,3.0,1678860.0,2674,2436,0.9109947643979057,36,385.6111111111111,180.5,459.0769794009203,100.0,471.0,371.0,13882.0,2224.0,0.6720304653810972,0.259142414456122,0,20.0
P24,2,6,DEVICE2-2,Y,81041,151926,70885.0,,,,,,P24,P24,Intermediate,False,ATG,2,DEVICE2-2,81041,151926,70885,1,6,P24_T6_DEVICE2-2_333,2,SIMETRIC Recording 60.tsv,Recording 60,3.0,1678860.0,3538,3122,0.8824194460146976,28,349.9642857142857,140.5,585.6024110797648,80.0,316.0,236.0,9799.0,2906.0,0.3950059956267193,0.1382379911123651,0,20.0
P24,3,7,DEVICE3-3,Y,167600,225034,57434.0,,,,,,P24,P24,Intermediate,False,CON,3,DEVICE3-3,167600,225034,57434,1,7,P24_T7_DEVICE3-3_334,2,SIMETRIC Recording 60.tsv,Recording 60,3.0,1678860.0,2867,2522,0.8796651552145099,57,245.3684210526316,140.0,378.7066161658911,80.0,220.0,140.0,13986.0,2124.0,0.9924435003656371,0.24351429466866317,0,20.0
P24,3,8,DEVICE2-3,Y,238886,295718,56832.0,,,,,,P24,P24,Intermediate,False,ATG,3,DEVICE2-3,238886,295718,56832,1,8,P24_T8_DEVICE2-3_335,2,SIMETRIC Recording 60.tsv,Recording 60,3.0,1678860.0,2837,2435,0.8583010222065562,46,269.10869565217394,150.0,323.2353960444905,80.25,255.75,175.5,12379.0,1763.0,0.8094031531531531,0.2178174268018018,0,20.0
P24,3,9,DEVICE1-3,Y,311714,495574,183860.0,344298/399102/409814,428814.0,442409.0,447001/455940,478050.0,P24,P24,Intermediate,False,MST,3,DEVICE1-3,311714,495574,183860,1,9,P24_T9_DEVICE1-3_336,2,SIMETRIC Recording 60.tsv,Recording 60,3.0,1678860.0,9176,7618,0.8302092414995641,114,207.67543859649123,121.0,216.0270179601246,85.75,240.0,154.25,23675.0,1663.0,0.620036984662243,0.12876645273577722,0,20.0
P24,4,10,DEVICE3-4,Y,517724,565561,47837.0,,,,,,P24,P24,Intermediate,False,CON,4,DEVICE3-4,517724,565561,47837,1,10,P24_T10_DEVICE3-4_337,2,SIMETRIC Recording 60.tsv,Recording 60,3.0,1678860.0,2387,1862,0.7800586510263929,36,171.41666666666666,120.0,114.45757167739369,100.0,240.25,140.25,6171.0,581.0,0.7525555532328532,0.12900056441666494,0,20.0
P24,4,11,DEVICE1-4,Y,598744,710301,111557.0,616879,651878.0,666312.0,674999,696138.0,P24,P24,Intermediate,False,MST,4,DEVICE1-4,598744,710301,111557,1,11,P24_T11_DEVICE1-4_338,2,SIMETRIC Recording 60.tsv,Recording 60,3.0,1678860.0,5568,2752,0.4942528735632184,64,155.609375,110.5,148.05764827357478,80.0,180.25,100.25,9959.0,1102.0,0.5736977509255358,0.0892727484604283,0,20.0
P24,4,12,DEVICE2-4,N,730613,777765,47152.0,,,,,,P24,P24,Intermediate,False,ATG,4,DEVICE2-4,730613,777765,47152,0,12,P24_T12_DEVICE2-4_339,2,SIMETRIC Recording 60.tsv,Recording 60,3.0,1678860.0,2353,1824,0.7751806204844879,21,230.9047619047619,141.0,224.53438595500353,80.0,241.0,161.0,4849.0,821.0,0.44536817102137766,0.10283763148965049,0,20.0
P24,5,13,DEVICE3-5 ,Y,822532,875935,53403.0,,,,,,P24,P24,Intermediate,False,CON,5,DEVICE3-5,822532,875935,53403,1,13,P24_T13_DEVICE3-5_340,2,SIMETRIC Recording 60.tsv,Recording 60,3.0,1678860.0,2665,2188,0.8210131332082552,26,322.0769230769231,160.5,512.4749299684365,100.25,335.75,235.5,8374.0,2665.0,0.4868640338557759,0.1568076699810872,0,20.0
P24,5,14,DEVICE1-5 ,Y,1087718,1206070,118352.0,1107571,1126142.0,1137220.0,1142670/1154854,1175970.0,P24,P24,Intermediate,False,MST,5,DEVICE1-5,1087718,1206070,118352,1,14,P24_T14_DEVICE1-5_341,2,SIMETRIC Recording 60.tsv,Recording 60,3.0,1678860.0,5907,5097,0.8628745556119858,7,1451.142857142857,300.0,2452.359845031681,160.5,1372.5,1212.0,10158.0,6732.0,0.05914559956739218,0.08582871434365283,0,20.0
P24,5,15,DEVICE2-5 ,Y,1514938,1568135,53197.0,,,,,,P24,P24,Intermediate,False,ATG,5,DEVICE2-5,1514938,1568135,53197,1,15,P24_T15_DEVICE2-5_342,2,SIMETRIC Recording 60.tsv,Recording 60,3.0,1678860.0,2655,2289,0.8621468926553673,40,252.925,150.0,242.71428676532418,80.0,330.0,250.0,10117.0,1102.0,0.7519221008703498,0.19017989736263324,0,20.0
P25,1,1,DEVICE1-1,N,13582,319107,305525.0,40335,139728.0,240174.0,121817/252709,279869.0,P25,P25,Novice,False,MST,1,DEVICE1-1,13582,319107,305525,0,1,P25_T1_DEVICE1-1_343,1,SIMETRIC Recording 61.tsv,Recording 61,2.0,786825.0,15249,15205,0.9971145648895009,31,1796.032258064516,561.0,2571.6401184700653,290.0,1573.0,1283.0,55677.0,9316.0,0.10146469192373783,0.18223385974961132,0,20.0
P25,1,2,DEVICE3-1,N,336197,553706,217509.0,,,,,,P25,P25,Novice,False,CON,1,DEVICE3-1,336197,553706,217509,0,2,P25_T2_DEVICE3-1_344,1,SIMETRIC Recording 61.tsv,Recording 61,2.0,786825.0,10856,10825,0.997144436256448,36,2171.1666666666665,771.5,3863.29493345475,275.75,2610.0,2334.25,78162.0,21739.0,0.16551039267340661,0.3593506475594113,1,20.0
P25,1,3,DEVICE2-1,N,584781,773350,188569.0,,,,,,P25,P25,Novice,False,ATG,1,DEVICE2-1,584781,773350,188569,0,3,P25_T3_DEVICE2-1_345,1,SIMETRIC Recording 61.tsv,Recording 61,2.0,786825.0,9411,9373,0.9959621719264691,24,2736.5833333333335,1392.5,3109.799908517346,556.0,4267.75,3711.75,65678.0,11421.0,0.1272743664122947,0.3482969098844455,1,20.0
P25,2,4,DEVICE2-2,Y,10895,194349,183454.0,,,,,,P25,P25,Novice,False,ATG,2,DEVICE2-2,10895,194349,183454,1,4,P25_T4_DEVICE2-2_346,2,SIMETRIC Recording 62.tsv,Recording 62,15.0,2472168.0,9157,9107,0.9945396964071203,25,2070.04,1082.0,2369.174847212984,360.0,3126.0,2766.0,51751.0,9216.0,0.1362739433318434,0.2820925136546491,0,20.0
P25,2,5,DEVICE1-2,N,228979,565360,336381.0,271857/470723,483790.0,509422.0,521563,,P25,P25,Novice,False,MST,2,DEVICE1-2,228979,565360,336381,0,5,P25_T5_DEVICE1-2_347,2,SIMETRIC Recording 62.tsv,Recording 62,15.0,2472168.0,16789,16739,0.9970218595508964,40,4316.3,1182.0,6786.386112784541,476.0,4328.0,3852.0,172652.0,29193.0,0.11891278044836065,0.513263234249259,7,20.0
P25,2,6,DEVICE3-2,Y,588655,724021,135366.0,,,,,,P25,P25,Novice,False,CON,2,DEVICE3-2,588655,724021,135366,1,6,P25_T6_DEVICE3-2_348,2,SIMETRIC Recording 62.tsv,Recording 62,15.0,2472168.0,6756,6728,0.9958555358200119,19,2577.2105263157896,1503.0,2814.8729708648066,440.5,4628.0,4187.5,48967.0,9577.0,0.14036020861959428,0.36173780713029857,0,20.0
P25,3,7,DEVICE1-3,Y,740193,968563,228370.0,760624,781267.0,883672.0,901669,933841.0,P25,P25,Novice,False,MST,3,DEVICE1-3,740193,968563,228370,1,7,P25_T7_DEVICE1-3_349,2,SIMETRIC Recording 62.tsv,Recording 62,15.0,2472168.0,11398,11363,0.996929285839621,5,3426.0,1523.0,5652.918140217493,180.0,1843.0,1663.0,17130.0,13444.0,0.0218942943468932,0.0750098524324561,1,20.0
P25,3,8,DEVICE2-3,Y,981905,1094657,112752.0,,,,,,P25,P25,Novice,False,ATG,3,DEVICE2-3,981905,1094657,112752,1,8,P25_T8_DEVICE2-3_350,2,SIMETRIC Recording 62.tsv,Recording 62,15.0,2472168.0,5628,5609,0.9966240227434258,31,1451.5806451612902,802.0,1785.2481764765657,270.5,1963.5,1693.0,44999.0,7434.0,0.27493969064850293,0.39909713353199944,0,20.0
P25,3,9,DEVICE3-3,Y,1113994,1197580,83586.0,,,,,,P25,P25,Novice,False,CON,3,DEVICE3-3,1113994,1197580,83586,1,9,P25_T9_DEVICE3-3_351,2,SIMETRIC Recording 62.tsv,Recording 62,15.0,2472168.0,4171,4150,0.9949652361543995,12,2516.3333333333335,1553.0,2464.962855458045,671.75,4052.25,3380.5,30196.0,7454.0,0.1435647117938411,0.3612566697772354,0,20.0
P25,4,10,DEVICE1-4,Y,1220896,1417556,196660.0,1250884,1280485.0,1346561.0,1361170,1400317.0,P25,P25,Novice,False,MST,4,DEVICE1-4,1220896,1417556,196660,1,10,P25_T10_DEVICE1-4_352,2,SIMETRIC Recording 62.tsv,Recording 62,15.0,2472168.0,9815,9780,0.9964340295466123,10,3067.3,2133.5,3200.3972340251066,240.0,5309.25,5069.25,30673.0,8936.0,0.050849181328180615,0.15596969388792842,0,20.0
P25,4,11,DEVICE3-4,Y,1433150,1505720,72570.0,,,,,,P25,P25,Novice,False,CON,4,DEVICE3-4,1433150,1505720,72570,1,11,P25_T11_DEVICE3-4_353,2,SIMETRIC Recording 62.tsv,Recording 62,15.0,2472168.0,3622,3606,0.9955825510767532,6,3272.3333333333335,2935.0,2247.1639607885018,1933.25,4839.0,2905.75,19634.0,6351.0,0.08267879288962382,0.270552569932479,0,20.0
P25,4,12,DEVICE2-4,Y,1522854,1673430,150576.0,,,,,,P25,P25,Novice,False,ATG,4,DEVICE2-4,1522854,1673430,150576,1,12,P25_T12_DEVICE2-4_354,2,SIMETRIC Recording 62.tsv,Recording 62,15.0,2472168.0,7515,7450,0.9913506320691949,20,2863.2,1743.0,3284.130640391441,521.0,2719.5,2198.5,57264.0,9958.0,0.13282329189246628,0.3802996493465094,0,20.0
P25,5,13,DEVICE3-5 ,N,1744305,1805622,61317.0,,,,,,P25,P25,Novice,False,CON,5,DEVICE3-5,1744305,1805622,61317,0,13,P25_T13_DEVICE3-5_355,2,SIMETRIC Recording 62.tsv,Recording 62,15.0,2472168.0,3061,3038,0.9924861156484809,10,1763.0,1312.0,1890.094177547775,535.25,2098.75,1563.5,17630.0,6391.0,0.16308690901381345,0.28752222059135313,0,20.0
P25,5,14,DEVICE1-5 ,Y,1966397,2139642,173245.0,1974908,2017712.0,2055915.0,2067037,2122159.0,P25,P25,Novice,False,MST,5,DEVICE1-5,1966397,2139642,173245,1,14,P25_T14_DEVICE1-5_356,2,SIMETRIC Recording 62.tsv,Recording 62,15.0,2472168.0,8646,8638,0.9990747166319686,4,8074.5,5099.0,8052.939028702503,3411.25,9762.25,6351.0,32298.0,19876.0,0.023088689428266328,0.18642962278853648,1,20.0
P25,5,15,DEVICE2-5 ,N,2254193,2299856,45663.0,,,,,,P25,P25,Novice,False,ATG,5,DEVICE2-5,2254193,2299856,45663,0,15,P25_T15_DEVICE2-5_357,2,SIMETRIC Recording 62.tsv,Recording 62,15.0,2472168.0,2280,2261,0.9916666666666667,13,1625.8461538461538,360.0,2196.1316310789844,180.0,2364.0,2184.0,21136.0,7233.0,0.2846943915204871,0.46286928147515494,0,20.0
P25,5,16,DEVICE2-5 ,Y,2318097,2382646,64549.0,,,,,,P25,P25,Novice,False,ATG,5,DEVICE2-5,2318097,2382646,64549,1,16,P25_T16_DEVICE2-5_358,2,SIMETRIC Recording 62.tsv,Recording 62,15.0,2472168.0,3222,3211,0.9965859714463067,7,3185.714285714286,1643.0,3394.958994071735,1312.5,3776.5,2464.0,22300.0,10259.0,0.10844474740119908,0.3454739810066771,1,20.0
P26,1,1,DEVICE3-1,N,18717,303144,284427.0,,,,,,P26,P26,Novice,False,CON,1,DEVICE3-1,18717,303144,284427,0,1,P26_T1_DEVICE3-1_359,1,SIMETRIC Recording 63.tsv,Recording 63,14.0,303062.0,14192,12696,0.8945885005636979,417,427.5011990407674,181.0,566.1349820557043,100.0,541.0,441.0,178268.0,4388.0,1.4661055385037285,0.6267618756306539,0,20.0
P26,1,2,DEVICE3-1,N,4872,705435,700563.0,,,,,,P26,P26,Novice,False,CON,1,DEVICE3-1,4872,705435,700563,0,2,P26_T2_DEVICE3-1_360,2,SIMETRIC Recording 64.tsv,Recording 64,7.0,1014903.0,34965,30450,0.8708708708708709,1203,367.6009975062344,181.0,484.1784974263649,100.0,421.0,321.0,442224.0,3827.0,1.7171903169308114,0.6312408734118131,0,20.0
P26,1,3,DEVICE2-1,N,724772,1008732,283960.0,,,,,,P26,P26,Novice,False,ATG,1,DEVICE2-1,724772,1008732,283960,0,3,P26_T3_DEVICE2-1_361,2,SIMETRIC Recording 64.tsv,Recording 64,7.0,1014903.0,14173,10305,0.7270867141748395,392,361.8520408163265,160.0,447.1480739609367,80.0,481.0,401.0,141846.0,2865.0,1.3804761233976617,0.4995281025496549,0,20.0
P26,1,4,DEVICE2-1,N,19690,253427,233737.0,,,,,,P26,P26,Novice,False,ATG,1,DEVICE2-1,19690,253427,233737,0,4,P26_T4_DEVICE2-1_362,3,SIMETRIC Recording 65.tsv,Recording 65,6.0,263683.0,11666,7427,0.6366363792216698,226,394.4911504424779,220.5,493.62323231072986,100.0,461.0,361.0,89155.0,2945.0,0.9668986938311008,0.38143297809076016,0,20.0
P26,1,5,DEVICE2-1,N,23920,116215,92295.0,,,,,,P26,P26,Novice,False,ATG,1,DEVICE2-1,23920,116215,92295,0,5,P26_T5_DEVICE2-1_363,4,SIMETRIC Recording 66.tsv,Recording 66,9.0,133551.0,4606,2784,0.6044290056448112,95,292.0736842105263,140.0,326.1826678576749,80.0,361.0,281.0,27747.0,1963.0,1.0293081965436914,0.3006338371526085,0,20.0
P26,1,6,DEVICE1-1,Y,21878,562856,540978.0,49129,378381,457459.0,476322.0,551699.0,P26,P26,Novice,False,MST,1,DEVICE1-1,21878,562856,540978,1,6,P26_T6_DEVICE1-1_364,5,SIMETRIC Recording 67.tsv,Recording 67,12.0,937208.0,27000,19858,0.7354814814814815,504,487.1924603174603,200.0,796.262065529116,100.0,521.0,421.0,245545.0,7614.0,0.931646018876923,0.45389091608161514,0,20.0
P26,2,7,DEVICE1-2,N,583146,881261,298115.0,613499,636883,733530.0,779185.0,,P26,P26,Novice,False,MST,2,DEVICE1-2,583146,881261,298115,0,7,P26_T7_DEVICE1-2_365,5,SIMETRIC Recording 67.tsv,Recording 67,12.0,937208.0,14879,6978,0.46898313058673297,66,300.5,160.0,344.0788035856366,100.0,410.25,310.25,19833.0,1824.0,0.221391073914429,0.06652801771128591,0,20.0
P26,2,8,DEVICE3-2,N,12523,65019,52496.0,,,,,,P26,P26,Novice,False,CON,2,DEVICE3-2,12523,65019,52496,0,8,P26_T8_DEVICE3-2_366,6,SIMETRIC Recording 68.tsv,Recording 68,9.0,1538553.0,2620,2371,0.9049618320610687,8,3538.875,1954.0,4111.40717785807,966.75,4378.0,3411.25,28311.0,12342.0,0.15239256324291373,0.5392982322462664,1,20.0
P26,2,9,DEVICE2-2,N,84636,183051,98415.0,,,,,,P26,P26,Novice,False,ATG,2,DEVICE2-2,84636,183051,98415,0,9,P26_T9_DEVICE2-2_367,6,SIMETRIC Recording 68.tsv,Recording 68,9.0,1538553.0,4912,4181,0.8511807817589576,17,3381.4117647058824,721.0,6333.898799898286,180.0,3326.0,3146.0,57484.0,21439.0,0.1727378956459889,0.584097952547884,2,20.0
P26,3,10,DEVICE3-3,N,195326,263180,67854.0,,,,,,P26,P26,Novice,False,CON,3,DEVICE3-3,195326,263180,67854,0,10,P26_T10_DEVICE3-3_368,6,SIMETRIC Recording 68.tsv,Recording 68,9.0,1538553.0,3386,2713,0.8012404016538689,7,3818.5714285714284,862.0,7050.390718656257,531.5,2484.5,1953.0,26730.0,19596.0,0.10316267279747694,0.39393403483950834,1,20.0
P26,3,11,DEVICE2-3,N,280963,351605,70642.0,,,,,,P26,P26,Novice,False,ATG,3,DEVICE2-3,280963,351605,70642,0,11,P26_T11_DEVICE2-3_369,6,SIMETRIC Recording 68.tsv,Recording 68,9.0,1538553.0,3526,2907,0.8244469653998866,36,852.6111111111111,331.0,2581.406441433239,240.0,536.0,296.0,30694.0,15809.0,0.5096118456442343,0.4345007219501147,1,20.0
P26,3,12,DEVICE1-3,N,373770,606645,232875.0,402465,436418,595892.0,,,P26,P26,Novice,False,MST,3,DEVICE1-3,373770,606645,232875,0,12,P26_T12_DEVICE1-3_370,6,SIMETRIC Recording 68.tsv,Recording 68,9.0,1538553.0,11622,8078,0.6950610910342454,8,3468.875,2615.0,3341.955391576272,1052.0,5099.25,4047.25,27751.0,10218.0,0.03435319377348363,0.11916693505099302,1,20.0
P26,3,13,DEVICE3-4,N,620689,704294,83605.0,,,,,,P26,P26,Novice,False,CON,4,DEVICE3-4,620689,704294,83605,0,13,P26_T13_DEVICE3-4_371,6,SIMETRIC Recording 68.tsv,Recording 68,9.0,1538553.0,4173,3348,0.8023005032350827,39,1135.2820512820513,521.0,1692.7591607338338,200.5,1352.0,1151.5,44276.0,7894.0,0.4664792775551701,0.5295855511034029,0,20.0
P26,4,14,DEVICE1-4,Y,714070,1177712,463642.0,739986,965215,1058890.0,1083121.0,1163263.0,P26,P26,Novice,False,MST,4,DEVICE1-4,714070,1177712,463642,1,14,P26_T14_DEVICE1-4_372,6,SIMETRIC Recording 68.tsv,Recording 68,9.0,1538553.0,23140,20539,0.8875972342264478,68,3194.5882352941176,1021.5,4661.999299625673,235.25,4012.5,3777.25,217232.0,21459.0,0.14666488368180622,0.4685339119406784,7,20.0
P26,4,15,DEVICE2-4,N,1191890,1283678,91788.0,,,,,,P26,P26,Novice,False,ATG,4,DEVICE2-4,1191890,1283678,91788,0,15,P26_T15_DEVICE2-4_373,6,SIMETRIC Recording 68.tsv,Recording 68,9.0,1538553.0,4581,4229,0.9231608819035145,21,1690.7142857142858,922.0,2015.358185108968,140.0,3366.0,3226.0,35505.0,7213.0,0.22878807687279384,0.3868152699699307,0,20.0
P26,5,16,DEVICE3-5 ,Y,1303346,1386832,83486.0,,,,,,P26,P26,Novice,False,CON,5,DEVICE3-5,1303346,1386832,83486,1,16,P26_T16_DEVICE3-5_374,6,SIMETRIC Recording 68.tsv,Recording 68,9.0,1538553.0,4167,3663,0.8790496760259179,8,3338.5,2945.0,2805.227874624703,1056.75,4994.25,3937.5,26708.0,8555.0,0.09582444960831756,0.3199099250173682,0,20.0
P26,5,17,DEVICE2-5 ,N,83498,192143,108645.0,,,,,,P26,P26,Novice,False,ATG,5,DEVICE2-5,83498,192143,108645,0,17,P26_T17_DEVICE2-5_375,7,SIMETRIC Recording 69.tsv,Recording 69,15.0,1316497.0,5423,4849,0.8941545270145675,25,1964.28,902.0,2658.085848249952,240.0,3085.0,2845.0,49107.0,12002.0,0.23010722996916563,0.45199502968383265,1,20.0
P26,5,18,DEVICE1-5 ,Y,294854,1200547,905693.0,328136/707668,582548/808748,990178.0,1007384.0,1181113.0,P26,P26,Novice,False,MST,5,DEVICE1-5,294854,1200547,905693,1,18,P26_T18_DEVICE1-5_376,7,SIMETRIC Recording 69.tsv,Recording 69,15.0,1316497.0,45203,36471,0.8068269805101431,260,1608.0576923076924,441.0,3399.179936382008,180.75,1237.25,1056.5,418095.0,29414.0,0.2870729927249079,0.4616299342050783,9,20.0
P27,1,1,DEVICE2-1,N,10698,170748,160050.0,,,,,,P27,P27,Novice,False,ATG,1,DEVICE2-1,10698,170748,160050,0,1,P27_T1_DEVICE2-1_377,1,SIMETRIC Recording 70.tsv,Recording 70,24.0,1422177.0,7988,7519,0.9412869303955934,39,791.1282051282051,340.0,1051.407307011021,160.0,911.0,751.0,30854.0,4067.0,0.24367385192127458,0.19277725710715402,0,20.0
P27,1,2,DEVICE3-1,Y,203610,329047,125437.0,,,,,,P27,P27,Novice,False,CON,1,DEVICE3-1,203610,329047,125437,1,2,P27_T2_DEVICE3-1_378,1,SIMETRIC Recording 70.tsv,Recording 70,24.0,1422177.0,6261,5516,0.8810094234147899,46,919.9565217391304,350.5,1467.3019678083647,180.25,1002.0,821.75,42318.0,7193.0,0.3667179540327017,0.33736457345121457,0,20.0
P27,1,3,DEVICE1-1,Y,347747,541375,193628.0,366917.0,415477.0,485526.0,494670.0,536187.0,P27,P27,Novice,False,MST,1,DEVICE1-1,347747,541375,193628,1,3,P27_T3_DEVICE1-1_379,1,SIMETRIC Recording 70.tsv,Recording 70,24.0,1422177.0,9664,8871,0.917942880794702,64,1101.984375,350.5,1665.4591005560599,160.75,927.0,766.25,70527.0,7974.0,0.3305307083686244,0.3642396760799058,0,20.0
P27,2,4,DEVICE1-2,Y,560156,691252,131096.0,583029.0,599357.0,635718.0,645243.0,684975.0,P27,P27,Novice,False,MST,2,DEVICE1-2,560156,691252,131096,1,4,P27_T4_DEVICE1-2_380,1,SIMETRIC Recording 70.tsv,Recording 70,24.0,1422177.0,6543,6077,0.9287788476234143,31,1203.5483870967741,541.0,1525.397474730432,220.5,1853.5,1633.0,37310.0,7353.0,0.2364679318972356,0.28460059803502774,0,20.0
P27,2,5,DEVICE2-2,Y,721222,817835,96613.0,,,,,,P27,P27,Novice,False,ATG,2,DEVICE2-2,721222,817835,96613,1,5,P27_T5_DEVICE2-2_381,1,SIMETRIC Recording 70.tsv,Recording 70,24.0,1422177.0,4822,4367,0.9056408129406885,24,1112.8333333333333,761.0,1197.2417817876099,100.75,1743.25,1642.5,26708.0,4548.0,0.24841377454379845,0.27644312877149035,0,20.0
P27,2,6,DEVICE3-2,Y,833170,866430,33260.0,,,,,,P27,P27,Novice,False,CON,2,DEVICE3-2,833170,866430,33260,1,6,P27_T6_DEVICE3-2_382,1,SIMETRIC Recording 70.tsv,Recording 70,24.0,1422177.0,1660,1566,0.9433734939759036,7,1508.4285714285713,921.0,2216.7146002694208,340.5,1232.5,892.0,10559.0,6412.0,0.21046301864101025,0.31746843054720386,0,20.0
P27,3,7,DEVICE1-3,Y,885505,998901,113396.0,899152.0,910803.0,935146.0,950864.0,967674.0,P27,P27,Novice,False,MST,3,DEVICE1-3,885505,998901,113396,1,7,P27_T7_DEVICE1-3_383,1,SIMETRIC Recording 70.tsv,Recording 70,24.0,1422177.0,5660,5137,0.9075971731448763,19,1138.8947368421052,1001.0,1052.8415990777237,261.0,1432.5,1171.5,21639.0,3767.0,0.16755441109033828,0.19082683692546473,0,20.0
P27,3,8,DEVICE2-3,Y,1015789,1089988,74199.0,,,,,,P27,P27,Novice,False,ATG,3,DEVICE2-3,1015789,1089988,74199,1,8,P27_T8_DEVICE2-3_384,1,SIMETRIC Recording 70.tsv,Recording 70,24.0,1422177.0,3703,3352,0.9052119902781528,20,950.6,460.5,1418.832893242671,155.0,1017.0,862.0,19012.0,5770.0,0.26954541166323,0.2562298683270664,0,20.0
P27,3,9,DEVICE3-3,Y,1100075,1187946,87871.0,,,,,,P27,P27,Novice,False,CON,3,DEVICE3-3,1100075,1187946,87871,1,9,P27_T9_DEVICE3-3_385,1,SIMETRIC Recording 70.tsv,Recording 70,24.0,1422177.0,4385,3989,0.9096921322690992,64,436.078125,240.5,478.27120235903016,100.0,586.0,486.0,27909.0,2645.0,0.728340408098235,0.3176133195252131,0,20.0
P27,4,10,DEVICE1-4,Y,1200642,1297272,96630.0,1211841.0,1233475.0,1260011.0,1268274.0,1281765.0,P27,P27,Novice,False,MST,4,DEVICE1-4,1200642,1297272,96630,1,10,P27_T10_DEVICE1-4_386,1,SIMETRIC Recording 70.tsv,Recording 70,24.0,1422177.0,4823,4361,0.9042089985486212,37,505.7567567567568,220.0,748.3031696001519,120.0,481.0,361.0,18713.0,3466.0,0.38290386008485977,0.19365621442616165,0,20.0
P27,4,11,DEVICE2-4,N,1333696,1417442,83746.0,,,,,,P27,P27,Novice,False,ATG,4,DEVICE2-4,1333696,1417442,83746,0,11,P27_T11_DEVICE2-4_387,1,SIMETRIC Recording 70.tsv,Recording 70,24.0,1422177.0,4180,3869,0.9255980861244019,55,628.3454545454546,220.0,889.8137595021368,120.0,682.0,562.0,34559.0,4708.0,0.6567477849688343,0.41266448546796264,0,20.0
P27,4,12,DEVICE3-4,Y,17545,137770,120225.0,,,,,,P27,P27,Novice,False,CON,4,DEVICE3-4,17545,137770,120225,1,12,P27_T12_DEVICE3-4_388,2,SIMETRIC Recording 71.tsv,Recording 71,17.0,1298927.0,6001,5882,0.9801699716713881,0,,,,,,,0.0,,0.0,0.0,0,20.0
P27,5,13,DEVICE1-5 ,Y,158255,253527,95272.0,170998.0,187868.0,200818.0,211548.0,244869.0,P27,P27,Novice,False,MST,5,DEVICE1-5,158255,253527,95272,1,13,P27_T13_DEVICE1-5_389,2,SIMETRIC Recording 71.tsv,Recording 71,17.0,1298927.0,4755,4630,0.9737118822292324,0,,,,,,,0.0,,0.0,0.0,0,20.0
P27,5,14,DEVICE3-5 ,Y,568308,711813,143505.0,,,,,,P27,P27,Novice,False,CON,5,DEVICE3-5,568308,711813,143505,1,14,P27_T14_DEVICE3-5_390,2,SIMETRIC Recording 71.tsv,Recording 71,17.0,1298927.0,7162,6929,0.9674671879363307,0,,,,,,,0.0,,0.0,0.0,0,20.0
P27,5,15,DEVICE2-5 ,N,902753,1078590,175837.0,,,,,,P27,P27,Novice,False,ATG,5,DEVICE2-5,902753,1078590,175837,0,15,P27_T15_DEVICE2-5_391,2,SIMETRIC Recording 71.tsv,Recording 71,17.0,1298927.0,8776,8071,0.9196672743846855,3,567.6666666666666,701.0,398.1134679125203,410.5,791.5,381.0,1703.0,882.0,0.017061255594670064,0.009685106092574372,0,20.0
P27,5,16,DEVICE2-5 ,Y,1138068,1199885,61817.0,,,,,,P27,P27,Novice,False,ATG,5,DEVICE2-5,1138068,1199885,61817,1,16,P27_T16_DEVICE2-5_392,2,SIMETRIC Recording 71.tsv,Recording 71,17.0,1298927.0,3085,2924,0.9478119935170178,1,4447.0,4447.0,,4447.0,4447.0,0.0,4447.0,4447.0,0.016176779850203018,0.07193813999385282,0,20.0
P28,1,1,DEVICE1-1,Y,26889,143434,116545.0,64528.0,88184.0,97810.0,109490.0,130509.0,P28,P28,Intermediate,False,MST,1,DEVICE1-1,26889,143434,116545,1,1,P28_T1_DEVICE1-1_393,1,SIMETRIC Recording 72.tsv,Recording 72,13.0,1954449.0,5817,3883,0.6675262162626784,73,342.75342465753425,140.0,670.4011398828051,80.0,260.0,180.0,25021.0,4849.0,0.6263674975331417,0.21468960487365396,0,20.0
P28,1,2,DEVICE2-1,N,170223,207699,37476.0,,,,,,P28,P28,Intermediate,False,ATG,1,DEVICE2-1,170223,207699,37476,0,2,P28_T2_DEVICE2-1_394,1,SIMETRIC Recording 72.tsv,Recording 72,13.0,1954449.0,1870,1809,0.967379679144385,5,1710.8,1422.0,1857.8792210474824,160.0,2184.0,2024.0,8554.0,4648.0,0.13341872131497493,0.2282527484256591,0,20.0
P28,1,3,DEVICE2-1,N,225958,286546,60588.0,,,,,,P28,P28,Intermediate,False,ATG,1,DEVICE2-1,225958,286546,60588,0,3,P28_T3_DEVICE2-1_395,1,SIMETRIC Recording 72.tsv,Recording 72,13.0,1954449.0,3012,2817,0.9352589641434262,7,3085.4285714285716,2324.0,3437.4852172842316,310.5,5309.5,4999.0,21598.0,7934.0,0.11553442925991946,0.35647322902224865,0,20.0
P28,1,4,DEVICE3-1,Y,300151,504320,204169.0,,,,,,P28,P28,Intermediate,False,CON,1,DEVICE3-1,300151,504320,204169,1,4,P28_T4_DEVICE3-1_396,1,SIMETRIC Recording 72.tsv,Recording 72,13.0,1954449.0,10190,4520,0.4435721295387635,250,126.524,100.0,94.64476716547634,60.0,140.0,80.0,31631.0,701.0,1.2244758019092026,0.15492557636075996,0,20.0
P28,2,5,DEVICE3-2,Y,570099,645897,75798.0,,,,,,P28,P28,Intermediate,False,CON,2,DEVICE3-2,570099,645897,75798,1,5,P28_T5_DEVICE3-2_397,1,SIMETRIC Recording 72.tsv,Recording 72,13.0,1954449.0,3783,3596,0.9505683320116309,48,742.5625,371.0,1015.7681278853258,100.0,771.25,671.25,35643.0,4989.0,0.6332620913480567,0.47023668170664135,0,20.0
P28,2,6,DEVICE1-2,Y,664896,744470,79574.0,673409.0,693518.0,701231.0,712455.0,729242.0,P28,P28,Intermediate,False,MST,2,DEVICE1-2,664896,744470,79574,1,6,P28_T6_DEVICE1-2_398,1,SIMETRIC Recording 72.tsv,Recording 72,13.0,1954449.0,3972,3759,0.9463746223564955,26,578.6153846153846,130.0,1006.6376935888335,65.0,370.0,305.0,15044.0,3927.0,0.32673988991379094,0.18905672707165658,0,20.0
P28,2,7,DEVICE2-2,Y,758452,824142,65690.0,,,,,,P28,P28,Intermediate,False,ATG,2,DEVICE2-2,758452,824142,65690,1,7,P28_T7_DEVICE2-2_399,1,SIMETRIC Recording 72.tsv,Recording 72,13.0,1954449.0,3278,3094,0.9438682123245882,19,1041.7368421052631,300.0,1530.2327289266696,140.0,1552.5,1412.5,19793.0,5570.0,0.2892373268381793,0.3013091794793728,0,20.0
P28,3,8,DEVICE3-3,Y,832138,888231,56093.0,,,,,,P28,P28,Intermediate,False,CON,3,DEVICE3-3,832138,888231,56093,1,8,P28_T8_DEVICE3-3_400,1,SIMETRIC Recording 72.tsv,Recording 72,13.0,1954449.0,2800,2693,0.9617857142857142,18,1650.7222222222222,220.0,2939.002187729217,100.0,1306.75,1206.75,29713.0,9778.0,0.3208956554293762,0.5297095894318364,0,20.0
P28,3,9,DEVICE2-3,Y,903435,1048130,144695.0,,,,,,P28,P28,Intermediate,False,ATG,3,DEVICE2-3,903435,1048130,144695,1,9,P28_T9_DEVICE2-3_401,1,SIMETRIC Recording 72.tsv,Recording 72,13.0,1954449.0,7222,6929,0.9594295209083357,35,1872.4571428571428,842.0,2629.5673804645817,100.5,2614.5,2514.0,65536.0,10700.0,0.24188810947164727,0.4529251183523964,2,20.0
P28,3,10,DEVICE1-3,Y,1062230,1166468,104238.0,1071671.0,1114073.0,1122224.0,1136138.0,1151797.0,P28,P28,Intermediate,False,MST,3,DEVICE1-3,1062230,1166468,104238,1,10,P28_T10_DEVICE1-3_402,1,SIMETRIC Recording 72.tsv,Recording 72,13.0,1954449.0,5203,4975,0.9561791274264847,21,1370.0,561.0,1742.4319211952013,141.0,2043.0,1902.0,28770.0,6512.0,0.2014620387958326,0.2760029931502907,0,20.0
P28,4,11,DEVICE3-4,Y,1175773,1261736,85963.0,,,,,,P28,P28,Intermediate,False,CON,4,DEVICE3-4,1175773,1261736,85963,1,11,P28_T11_DEVICE3-4_403,1,SIMETRIC Recording 72.tsv,Recording 72,13.0,1954449.0,4291,4107,0.9571195525518528,40,1001.725,330.5,1722.076251140927,115.0,1051.25,936.25,40069.0,8215.0,0.4653164733664484,0.4661191442830055,0,20.0
P28,4,12,DEVICE2-4,Y,1288059,1377577,89518.0,,,,,,P28,P28,Intermediate,False,ATG,4,DEVICE2-4,1288059,1377577,89518,1,12,P28_T12_DEVICE2-4_404,1,SIMETRIC Recording 72.tsv,Recording 72,13.0,1954449.0,4468,4219,0.9442703670546105,15,1501.4,961.0,1756.09793901951,471.0,1522.5,1051.5,22521.0,6873.0,0.1675640653276436,0.25158068768292413,0,20.0
P28,4,13,DEVICE1-4,Y,1396491,1456974,60483.0,1403875.0,1417675.0,1424360.0,1430270.0,1442142.0,P28,P28,Intermediate,False,MST,4,DEVICE1-4,1396491,1456974,60483,1,13,P28_T13_DEVICE1-4_405,1,SIMETRIC Recording 72.tsv,Recording 72,13.0,1954449.0,3019,2861,0.9476647896654521,5,1322.4,741.0,1540.4600936083998,702.0,1062.0,360.0,6612.0,4007.0,0.08266785708380868,0.1093199742076286,0,20.0
P28,5,14,DEVICE3-5 ,Y,1477819,1522832,45013.0,,,,,,P28,P28,Intermediate,False,CON,5,DEVICE3-5,1477819,1522832,45013,1,14,P28_T14_DEVICE3-5_406,1,SIMETRIC Recording 72.tsv,Recording 72,13.0,1954449.0,2247,2105,0.9368046283934134,10,1534.7,631.0,1971.7852627054049,190.25,2414.0,2223.75,15347.0,5510.0,0.22215804323195523,0.34094594894808167,0,20.0
P28,5,15,DEVICE2-5 ,Y,1679195,1721267,42072.0,,,,,,P28,P28,Intermediate,False,ATG,5,DEVICE2-5,1679195,1721267,42072,1,15,P28_T15_DEVICE2-5_407,1,SIMETRIC Recording 72.tsv,Recording 72,13.0,1954449.0,2100,1913,0.910952380952381,9,1444.7777777777778,641.0,1955.7247875006453,221.0,1523.0,1302.0,13003.0,5490.0,0.21391899600684539,0.30906541167522344,0,20.0
P28,5,16,DEVICE1-5 ,Y,1779064,1851117,72053.0,1789180.0,1798890.0,1809156.0,1819254.0,1834657.0,P28,P28,Intermediate,False,MST,5,DEVICE1-5,1779064,1851117,72053,1,16,P28_T16_DEVICE1-5_408,1,SIMETRIC Recording 72.tsv,Recording 72,13.0,1954449.0,3596,3108,0.864293659621802,9,538.6666666666666,280.0,599.1952937064843,260.0,401.0,141.0,4848.0,2043.0,0.12490805379373517,0.06728380497689201,0,20.0
P29,1,1,DEVICE3-1,Y,93605,218195,124590.0,,,,,,P29,P29,Expert,False,CON,1,DEVICE3-1,93605,218195,124590,1,1,P29_T1_DEVICE3-1_409,1,SIMETRIC Recording 74.tsv,Recording 74,4.0,2751422.0,6218,4896,0.7873914441942746,97,571.9278350515464,180.0,1058.1811069730168,80.0,481.0,401.0,55477.0,6051.0,0.7785536559916526,0.44527650694277227,0,20.0
P29,1,2,DEVICE1-1,Y,265648,375836,110188.0,288110.0,315955.0,329845.0,340586.0,365077.0,P29,P29,Expert,False,MST,1,DEVICE1-1,265648,375836,110188,1,2,P29_T2_DEVICE1-1_410,1,SIMETRIC Recording 74.tsv,Recording 74,4.0,2751422.0,5499,4419,0.8036006546644845,53,450.5660377358491,140.0,772.8701132152196,80.0,561.0,481.0,23880.0,4428.0,0.48099611572948053,0.21672051403056594,0,20.0
P29,1,3,DEVICE2-1,N,407477,561138,153661.0,,,,,,P29,P29,Expert,False,ATG,1,DEVICE2-1,407477,561138,153661,0,3,P29_T3_DEVICE2-1_411,1,SIMETRIC Recording 74.tsv,Recording 74,4.0,2751422.0,7669,5973,0.7788499152431868,84,362.23809523809524,170.5,437.81529414158206,80.0,471.0,391.0,30428.0,2264.0,0.5466579027860029,0.19802031745205353,0,20.0
P29,2,4,DEVICE2-2,Y,584392,758281,173889.0,,,,,,P29,P29,Expert,False,ATG,2,DEVICE2-2,584392,758281,173889,1,4,P29_T4_DEVICE2-2_412,1,SIMETRIC Recording 74.tsv,Recording 74,4.0,2751422.0,8679,7015,0.8082728424933748,177,398.99435028248587,160.0,557.6916557762406,80.0,421.0,341.0,70622.0,3166.0,1.017890723392509,0.4061326478385637,0,20.0
P29,2,5,DEVICE3-2,N,773185,864030,90845.0,,,,,,P29,P29,Expert,False,CON,2,DEVICE3-2,773185,864030,90845,0,5,P29_T5_DEVICE3-2_413,1,SIMETRIC Recording 74.tsv,Recording 74,4.0,2751422.0,4534,3302,0.7282752536391707,79,245.48101265822785,120.0,317.28244558418993,80.0,270.5,190.5,19393.0,2224.0,0.8696130772194397,0.21347349881666575,0,20.0
P29,2,6,DEVICE1-2,Y,906909,1011634,104725.0,923918.0,949771.0,965579.0,973094.0,995462.0,P29,P29,Expert,False,MST,2,DEVICE1-2,906909,1011634,104725,1,6,P29_T6_DEVICE1-2_414,1,SIMETRIC Recording 74.tsv,Recording 74,4.0,2751422.0,5227,3736,0.7147503348000765,69,251.7391304347826,141.0,268.0785471030455,80.0,281.0,201.0,17370.0,1243.0,0.6588684650274529,0.16586297445691095,0,20.0
P29,3,7,DEVICE3-3,Y,1028439,1120455,92016.0,,,,,,P29,P29,Expert,False,CON,3,DEVICE3-3,1028439,1120455,92016,1,7,P29_T7_DEVICE3-3_415,1,SIMETRIC Recording 74.tsv,Recording 74,4.0,2751422.0,4593,3645,0.7935989549314174,148,249.1891891891892,160.5,261.6673734039076,80.0,300.0,220.0,36880.0,1282.0,1.6084159276647538,0.40079986089375763,0,20.0
P29,3,8,DEVICE2-3,Y,1142217,1342700,200483.0,,,,,,P29,P29,Expert,False,ATG,3,DEVICE2-3,1142217,1342700,200483,1,8,P29_T8_DEVICE2-3_416,1,SIMETRIC Recording 74.tsv,Recording 74,4.0,2751422.0,10006,7795,0.779032580451729,338,288.301775147929,181.0,347.06780744430694,100.0,341.0,241.0,97446.0,2805.0,1.6859284827142451,0.48605617433897136,0,20.0
P29,3,9,DEVICE1-3,Y,1379847,1463475,83628.0,1388911.0,1409603.0,1420065.0,1429196.0,1451518.0,P29,P29,Expert,False,MST,3,DEVICE1-3,1379847,1463475,83628,1,9,P29_T9_DEVICE1-3_417,1,SIMETRIC Recording 74.tsv,Recording 74,4.0,2751422.0,4174,2776,0.6650694777192142,39,226.5897435897436,160.0,249.99618080753464,80.0,241.0,161.0,8837.0,1182.0,0.4663509829243794,0.10567034964366002,0,20.0
P29,4,10,DEVICE3-4,Y,1474602,1535282,60680.0,,,,,,P29,P29,Expert,False,CON,4,DEVICE3-4,1474602,1535282,60680,1,10,P29_T10_DEVICE3-4_418,1,SIMETRIC Recording 74.tsv,Recording 74,4.0,2751422.0,3029,2151,0.7101353582040277,66,282.8636363636364,140.0,305.10976014258495,80.0,391.0,311.0,18669.0,1542.0,1.087673038892551,0.3076631509558339,0,20.0
P29,4,11,DEVICE1-4,Y,1564935,1639474,74539.0,1578997.0,1597716.0,1607213.0,1614484.0,1627808.0,P29,P29,Expert,False,MST,4,DEVICE1-4,1564935,1639474,74539,1,11,P29_T11_DEVICE1-4_419,1,SIMETRIC Recording 74.tsv,Recording 74,4.0,2751422.0,3721,2668,0.7170115560333243,47,270.6595744680851,161.0,345.76746877154966,80.0,281.0,201.0,12721.0,2124.0,0.6305424006224929,0.17066233783656878,0,20.0
P29,4,12,DEVICE2-4,Y,1658990,1729559,70569.0,,,,,,P29,P29,Expert,False,ATG,4,DEVICE2-4,1658990,1729559,70569,1,12,P29_T12_DEVICE2-4_420,1,SIMETRIC Recording 74.tsv,Recording 74,4.0,2751422.0,3522,2686,0.7626348665530949,62,327.7096774193548,180.0,384.7899314953837,100.0,410.0,310.0,20318.0,2264.0,0.8785727444061839,0.28791679065878784,0,20.0
P29,5,13,DEVICE3-5 ,Y,1748255,1897302,149047.0,,,,,,P29,P29,Expert,False,CON,5,DEVICE3-5,1748255,1897302,149047,1,13,P29_T13_DEVICE3-5_421,1,SIMETRIC Recording 74.tsv,Recording 74,4.0,2751422.0,7439,5555,0.7467401532464041,178,316.2584269662921,140.5,392.3634608122454,80.0,415.0,335.0,56294.0,2384.0,1.1942541614390092,0.37769294249464935,0,20.0
P29,5,14,DEVICE1-5 ,Y,2117727,2206287,88560.0,2131831.0,2151494.0,2162395.0,2168487.0,2190776.0,P29,P29,Expert,False,MST,5,DEVICE1-5,2117727,2206287,88560,1,14,P29_T14_DEVICE1-5_422,1,SIMETRIC Recording 74.tsv,Recording 74,4.0,2751422.0,4420,2683,0.6070135746606334,46,276.5652173913044,161.0,280.39833984085436,80.0,296.0,216.0,12722.0,1182.0,0.5194218608852755,0.14365401987353207,0,20.0
P29,5,15,DEVICE2-5 ,Y,2436142,2627968,191826.0,,,,,,P29,P29,Expert,False,ATG,5,DEVICE2-5,2436142,2627968,191826,1,15,P29_T15_DEVICE2-5_423,1,SIMETRIC Recording 74.tsv,Recording 74,4.0,2751422.0,9574,6931,0.7239398370587007,240,251.10416666666666,140.0,296.67617833975436,81.0,286.0,205.0,60265.0,2645.0,1.2511338400425387,0.31416492029234827,0,20.0
P3,1,1,DEVICE1-1,Y,47694,206452,158758.0,56781,96639.0,124460.0,133940.0,173191.0,P3,P3,Expert,False,MST,1,DEVICE1-1,47694,206452,158758,1,1,P3_T1_DEVICE1-1_31,1,SIMETRIC Recording 17.tsv,Recording 17,38.0,3925340.0,7924,7391,0.9327359919232711,5,4532.2,2705.0,5130.6893981218545,541.0,7073.0,6532.0,22661.0,12262.0,0.03149447586893259,0.14273926353317629,1,20.0
P3,1,2,DEVICE2-1,Y,244340,394412,150072.0,,,,,,P3,P3,Expert,False,ATG,1,DEVICE2-1,244340,394412,150072,1,2,P3_T2_DEVICE2-1_32,1,SIMETRIC Recording 17.tsv,Recording 17,38.0,3925340.0,7491,7175,0.9578160459217728,16,2284.125,471.0,4055.2868517529064,170.0,2228.75,2058.75,36546.0,15869.0,0.10661549123087584,0.2435231089077243,1,20.0
P3,1,3,DEVICE3-1,Y,419897,630198,210301.0,,,,,,P3,P3,Expert,False,CON,1,DEVICE3-1,419897,630198,210301,1,3,P3_T3_DEVICE3-1_33,1,SIMETRIC Recording 17.tsv,Recording 17,38.0,3925340.0,10497,10012,0.9537963227588835,44,2243.090909090909,401.0,3347.2953109219516,120.0,2324.25,2204.25,98696.0,11781.0,0.20922392190241607,0.4693082771836558,1,20.0
P3,2,4,DEVICE3-2,Y,640036,804532,164496.0,,,,,,P3,P3,Expert,False,CON,2,DEVICE3-2,640036,804532,164496,1,4,P3_T4_DEVICE3-2_34,1,SIMETRIC Recording 17.tsv,Recording 17,38.0,3925340.0,8210,8001,0.9745432399512789,41,2200.9756097560976,561.0,4338.658810553124,140.0,1803.0,1663.0,90240.0,16951.0,0.2492461822779885,0.5485847680186752,3,20.0
P3,2,5,DEVICE1-2,N,817143,1229395,412252.0,846589,1095249.0,1131240.0,1160686.0,1219580.0,P3,P3,Expert,False,MST,2,DEVICE1-2,817143,1229395,412252,0,5,P3_T5_DEVICE1-2_35,1,SIMETRIC Recording 17.tsv,Recording 17,38.0,3925340.0,20575,20019,0.9729769137302552,106,2075.198113207547,320.5,4380.916021672726,140.25,1648.0,1507.75,219971.0,27169.0,0.257124283205418,0.5335838273677266,6,20.0
P3,2,6,DEVICE2-2,Y,1251613,1388251,136638.0,,,,,,P3,P3,Expert,False,ATG,2,DEVICE2-2,1251613,1388251,136638,1,6,P3_T6_DEVICE2-2_36,1,SIMETRIC Recording 17.tsv,Recording 17,38.0,3925340.0,6820,6693,0.9813782991202346,11,6930.727272727273,2204.0,9416.817010974664,1042.0,7884.5,6842.5,76238.0,26167.0,0.08050469122791609,0.5579560590758061,2,20.0
P3,3,7,DEVICE1-3,Y,1406075,1798696,392621.0,1437299/1570808,1578701.0,1602890.0,1614509.0,1752077.0,P3,P3,Expert,False,MST,3,DEVICE1-3,1406075,1798696,392621,1,7,P3_T7_DEVICE1-3_37,1,SIMETRIC Recording 17.tsv,Recording 17,38.0,3925340.0,19596,18603,0.9493263931414574,120,1439.925,370.0,2761.078044735,115.25,1608.0,1492.75,172791.0,21418.0,0.305638261835205,0.44009617417305746,3,20.0
P3,3,8,DEVICE3-3,N,1806817,2125120,318303.0,,,,,,P3,P3,Expert,False,CON,3,DEVICE3-3,1806817,2125120,318303,0,8,P3_T8_DEVICE3-3_38,1,SIMETRIC Recording 17.tsv,Recording 17,38.0,3925340.0,15886,15419,0.9706030467077931,108,2075.0185185185187,701.5,4100.078891380227,200.0,2004.0,1804.0,224102.0,25246.0,0.33929934684875734,0.7040524280324094,5,20.0
P3,3,9,DEVICE2-3,Y,2136817,2337215,200398.0,,,,,,P3,P3,Expert,False,ATG,3,DEVICE2-3,2136817,2337215,200398,1,9,P3_T9_DEVICE2-3_39,1,SIMETRIC Recording 17.tsv,Recording 17,38.0,3925340.0,10002,9596,0.9594081183763248,59,1648.2542372881355,240.0,3251.057178684583,80.5,1542.5,1462.0,97247.0,14165.0,0.2944141159093404,0.4852693140650106,3,20.0
P3,4,10,DEVICE1-4,N,2348365,2718084,369719.0,2394171,2446521.0,2475976.0,2484732.0,2698453.0,P3,P3,Expert,False,MST,4,DEVICE1-4,2348365,2718084,369719,0,10,P3_T10_DEVICE1-4_40,1,SIMETRIC Recording 17.tsv,Recording 17,38.0,3925340.0,18453,17566,0.9519319351866905,80,940.675,461.0,1418.1078209262341,155.0,1117.0,962.0,75254.0,8174.0,0.21638054847059524,0.20354377243257718,0,20.0
P3,4,11,DEVICE3-4,Y,2750595,2921336,170741.0,,,,,,P3,P3,Expert,False,CON,4,DEVICE3-4,2750595,2921336,170741,1,11,P3_T11_DEVICE3-4_41,1,SIMETRIC Recording 17.tsv,Recording 17,38.0,3925340.0,8522,8196,0.9617460689978878,19,3367.2105263157896,681.0,6130.071529208804,130.0,3566.0,3436.0,63977.0,25326.0,0.11127965749292787,0.37470203407500247,1,20.0
P3,4,12,DEVICE2-4,Y,2932859,3057733,124874.0,,,,,,P3,P3,Expert,False,ATG,4,DEVICE2-4,2932859,3057733,124874,1,12,P3_T12_DEVICE2-4_42,1,SIMETRIC Recording 17.tsv,Recording 17,38.0,3925340.0,6233,5931,0.9515482111342852,65,712.9846153846154,261.0,1149.974449339904,100.0,741.0,641.0,46344.0,5169.0,0.5205246888863975,0.3711260951038647,0,20.0
P3,5,13,DEVICE3-5 ,Y,3082798,3201032,118234.0,,,,,,P3,P3,Expert,False,CON,5,DEVICE3-5,3082798,3201032,118234,1,13,P3_T13_DEVICE3-5_43,1,SIMETRIC Recording 17.tsv,Recording 17,38.0,3925340.0,5901,5480,0.928656159972886,48,797.25,350.5,1039.3219659644312,100.75,1157.0,1056.25,38268.0,4107.0,0.40597459275673664,0.3236632440753083,0,20.0
P3,5,14,DEVICE2-5 ,Y,3331043,3441204,110161.0,,,,,,P3,P3,Expert,False,ATG,5,DEVICE2-5,3331043,3441204,110161,1,14,P3_T14_DEVICE2-5_44,1,SIMETRIC Recording 17.tsv,Recording 17,38.0,3925340.0,5499,5186,0.9430805601018367,37,1204.2702702702702,300.0,2107.467301033382,80.0,942.0,862.0,44558.0,10138.0,0.33587204182968566,0.40448071459046303,1,20.0
P3,5,15,DEVICE1-5 ,N,3506598,3909035,402437.0,3522957,3640743.0,3666918.0,3686549.0,,P3,P3,Expert,False,MST,5,DEVICE1-5,3506598,3909035,402437,0,15,P3_T15_DEVICE1-5_45,1,SIMETRIC Recording 17.tsv,Recording 17,38.0,3925340.0,20086,19051,0.9484715722393707,66,1500.0,340.0,3416.253534997749,160.0,1402.0,1242.0,99000.0,24284.0,0.16400082497384683,0.24600123746077027,2,20.0
P30,1,1,DEVICE2-1,N,23355,218928,195573.0,,,,,,P30,P30,Novice,False,ATG,1,DEVICE2-1,23355,218928,195573,0,1,P30_T1_DEVICE2-1_424,1,SIMETRIC Recording 1.tsv,Recording 1,2.0,643927.0,9761,8454,0.8660997848581088,173,369.1791907514451,160.0,545.0004024165717,81.0,421.0,340.0,63868.0,4428.0,0.8845801823360075,0.326568595869573,0,20.0
P30,1,2,DEVICE3-1,Y,243131,351390,108259.0,,,,,,P30,P30,Novice,False,CON,1,DEVICE3-1,243131,351390,108259,1,2,P30_T2_DEVICE3-1_425,1,SIMETRIC Recording 1.tsv,Recording 1,2.0,643927.0,5403,5089,0.9418841384416066,56,952.3392857142857,280.5,1243.054965167901,115.0,1322.0,1207.0,53331.0,4989.0,0.5172780092186331,0.49262416981498075,0,20.0
P30,1,3,DEVICE1-1,Y,379972,479540,99568.0,399499.0,434883.0,442127.0,451240,471184.0,P30,P30,Novice,False,MST,1,DEVICE1-1,379972,479540,99568,1,3,P30_T3_DEVICE1-1_426,1,SIMETRIC Recording 1.tsv,Recording 1,2.0,643927.0,4969,4599,0.925538337693701,30,1035.8666666666666,451.0,1330.6537603317615,95.25,1317.0,1221.75,31076.0,5210.0,0.3013016230114093,0.31210830789008515,0,20.0
P30,2,4,DEVICE1-2,Y,508439,604068,95629.0,530049.0,555480.0,562710.0,576004,595067.0,P30,P30,Novice,False,MST,2,DEVICE1-2,508439,604068,95629,1,4,P30_T4_DEVICE1-2_427,1,SIMETRIC Recording 1.tsv,Recording 1,2.0,643927.0,4773,4429,0.9279279279279279,25,895.12,681.0,1023.767483367195,220.0,1142.0,922.0,22378.0,4628.0,0.2614269729893651,0.23400851206224052,0,20.0
P30,2,5,DEVICE2-2,Y,10983,128989,118006.0,,,,,,P30,P30,Novice,False,ATG,2,DEVICE2-2,10983,128989,118006,1,5,P30_T5_DEVICE2-2_428,2,SIMETRIC Recording 2.tsv,Recording 2,2.0,1695590.0,5889,5587,0.9487179487179487,25,1878.6,982.0,1949.8857445159874,300.0,2705.0,2405.0,46965.0,5970.0,0.21185363456095452,0.3979882378862092,0,20.0
P30,2,6,DEVICE3-2,N,151273,227262,75989.0,,,,,,P30,P30,Novice,False,CON,2,DEVICE3-2,151273,227262,75989,0,6,P30_T6_DEVICE3-2_429,2,SIMETRIC Recording 2.tsv,Recording 2,2.0,1695590.0,3793,3586,0.9454257843395729,13,2532.076923076923,1102.0,2617.1920214082643,721.0,5249.0,4528.0,32917.0,6812.0,0.17107739278053402,0.4331811183197568,0,20.0
P30,3,7,DEVICE3-3,Y,248508,333641,85133.0,,,,,,P30,P30,Novice,False,CON,3,DEVICE3-3,248508,333641,85133,1,7,P30_T7_DEVICE3-3_430,2,SIMETRIC Recording 2.tsv,Recording 2,2.0,1695590.0,4249,3956,0.9310425982584137,20,1457.7,731.5,2280.5439586573248,330.75,932.0,601.25,29154.0,7815.0,0.2349265267287656,0.3424523980125216,0,20.0
P30,3,8,DEVICE2-3,N,349026,426003,76977.0,,,,,,P30,P30,Novice,False,ATG,3,DEVICE2-3,349026,426003,76977,0,8,P30_T8_DEVICE2-3_431,2,SIMETRIC Recording 2.tsv,Recording 2,2.0,1695590.0,3842,3559,0.9263404476834982,13,1160.5384615384614,380.0,1690.1325202177006,160.0,1643.0,1483.0,15087.0,5791.0,0.168881613988594,0.1959936084804552,0,20.0
P30,3,9,DEVICE1-3,Y,469360,636638,167278.0,487494.0,539165.0,581234.0,589228/599015,624522.0,P30,P30,Novice,False,MST,3,DEVICE1-3,469360,636638,167278,1,9,P30_T9_DEVICE1-3_432,2,SIMETRIC Recording 2.tsv,Recording 2,2.0,1695590.0,8349,7927,0.9494550245538388,45,1524.0222222222221,281.0,2063.9730936504798,100.0,2224.0,2124.0,68581.0,7073.0,0.2690132593646505,0.40998218534415765,0,20.0
P30,4,10,DEVICE3-4,Y,650135,758214,108079.0,,,,,,P30,P30,Novice,False,CON,4,DEVICE3-4,650135,758214,108079,1,10,P30_T10_DEVICE3-4_433,2,SIMETRIC Recording 2.tsv,Recording 2,2.0,1695590.0,5395,5028,0.9319740500463392,31,1607.4193548387098,782.0,1839.0497324106188,161.0,2124.0,1963.0,49830.0,5911.0,0.28682722823120127,0.46105163815357286,0,20.0
P30,4,11,DEVICE1-4,Y,782563,855570,73007.0,796547.0,817142.0,820947.0,830054,848251.0,P30,P30,Novice,False,MST,4,DEVICE1-4,782563,855570,73007,1,11,P30_T11_DEVICE1-4_434,2,SIMETRIC Recording 2.tsv,Recording 2,2.0,1695590.0,3644,3403,0.9338638858397366,10,1458.6,571.0,2095.3257609365764,225.25,1682.75,1457.5,14586.0,6873.0,0.1369731669565932,0.19978906132288685,0,20.0
P30,4,12,DEVICE2-4,Y,866615,940473,73858.0,,,,,,P30,P30,Novice,False,ATG,4,DEVICE2-4,866615,940473,73858,1,12,P30_T12_DEVICE2-4_435,2,SIMETRIC Recording 2.tsv,Recording 2,2.0,1695590.0,3686,3448,0.9354313619099295,18,1487.111111111111,490.5,2261.106727686008,125.0,2153.75,2028.75,26768.0,8295.0,0.24371090470903625,0.362425194291749,0,20.0
P30,5,13,DEVICE1-5 ,Y,997602,1088670,91068.0,1016922.0,1041051.0,1043896.0,1051834,1073093.0,P30,P30,Novice,False,MST,5,DEVICE1-5,997602,1088670,91068,1,13,P30_T13_DEVICE1-5_436,2,SIMETRIC Recording 2.tsv,Recording 2,2.0,1695590.0,4545,4286,0.943014301430143,15,1150.0666666666666,200.0,2053.2236488948183,90.0,1372.5,1282.5,17251.0,7734.0,0.16471208327842932,0.1894298765757456,0,20.0
P30,5,14,DEVICE3-5 ,Y,1304904,1383222,78318.0,,,,,,P30,P30,Novice,False,CON,5,DEVICE3-5,1304904,1383222,78318,1,14,P30_T14_DEVICE3-5_437,2,SIMETRIC Recording 2.tsv,Recording 2,2.0,1695590.0,3908,3686,0.9431934493346981,38,897.3947368421053,210.5,1399.7772320733789,140.0,871.75,731.75,34101.0,6953.0,0.485201358563804,0.43541714548379684,0,20.0
P30,5,15,DEVICE2-5 ,Y,1533095,1606718,73623.0,,,,,,P30,P30,Novice,False,ATG,5,DEVICE2-5,1533095,1606718,73623,1,15,P30_T15_DEVICE2-5_438,2,SIMETRIC Recording 2.tsv,Recording 2,2.0,1695590.0,3675,3448,0.9382312925170068,20,960.65,220.5,1755.9962017402872,130.25,540.5,410.25,19213.0,6953.0,0.27165423848525594,0.26096464420086113,0,20.0
P4,1,1,DEVICE2-1,Y,185605,349246,163641.0,,,,,,P4,P4,Intermediate,False,ATG,1,DEVICE2-1,185605,349246,163641,1,1,P4_T1_DEVICE2-1_46,1,SIMETRIC Recording 18.tsv,Recording 18,24.0,924036.0,8167,7834,0.9592261540345292,35,1823.2,420.0,2815.097311033534,120.0,2735.0,2615.0,63812.0,11461.0,0.2138828288754041,0.38995117360563675,2,20.0
P4,1,2,DEVICE3-1,Y,358925,465910,106985.0,,,,,,P4,P4,Intermediate,False,CON,1,DEVICE3-1,358925,465910,106985,1,2,P4_T2_DEVICE3-1_47,1,SIMETRIC Recording 18.tsv,Recording 18,24.0,924036.0,5340,5109,0.9567415730337079,15,2849.133333333333,1001.0,5757.050843055306,221.0,2104.0,1883.0,42737.0,22460.0,0.14020657101462822,0.39946721503014443,1,20.0
P4,1,3,DEVICE1-1,Y,473691,742064,268373.0,492280.0,532965.0,553676.0,565621/641793,703687.0,P4,P4,Intermediate,False,MST,1,DEVICE1-1,473691,742064,268373,1,3,P4_T3_DEVICE1-1_48,1,SIMETRIC Recording 18.tsv,Recording 18,24.0,924036.0,13388,12898,0.9634000597550045,59,1665.7118644067796,821.0,2281.7433825525445,270.0,2034.0,1764.0,98277.0,13504.0,0.21984327782601082,0.3661955561848621,1,20.0
P4,2,4,DEVICE1-2,Y,749161,902435,153274.0,773362.0,821092.0,839915.0,854033,878234.0,P4,P4,Intermediate,False,MST,2,DEVICE1-2,749161,902435,153274,1,4,P4_T4_DEVICE1-2_49,1,SIMETRIC Recording 18.tsv,Recording 18,24.0,924036.0,7649,7184,0.9392077395738005,23,1829.3478260869565,621.0,2986.803560644962,180.0,2244.0,2064.0,42075.0,12222.0,0.15005806594725785,0.2745083967274293,1,20.0
P4,2,5,DEVICE2-2,Y,142342,268251,125909.0,,,,,,P4,P4,Intermediate,False,ATG,2,DEVICE2-2,142342,268251,125909,1,5,P4_T5_DEVICE2-2_50,2,SIMETRIC Recording 19.tsv,Recording 19,28.0,1475277.0,6284,5961,0.9485996180776576,9,1231.111111111111,1242.0,930.4641912030313,421.0,1843.0,1422.0,11080.0,2905.0,0.07148019601458196,0.08800006353795202,0,20.0
P4,2,6,DEVICE3-2,Y,279331,345680,66349.0,,,,,,P4,P4,Intermediate,False,CON,2,DEVICE3-2,279331,345680,66349,1,6,P4_T6_DEVICE3-2_51,2,SIMETRIC Recording 19.tsv,Recording 19,28.0,1475277.0,3312,3166,0.9559178743961353,24,1064.5,271.0,1624.395914472984,100.0,1568.0,1468.0,25548.0,6231.0,0.3617236130160213,0.3850547860555547,0,20.0
P4,3,7,DEVICE3-3,Y,354144,433933,79789.0,,,,,,P4,P4,Intermediate,False,CON,3,DEVICE3-3,354144,433933,79789,1,7,P4_T7_DEVICE3-3_52,2,SIMETRIC Recording 19.tsv,Recording 19,28.0,1475277.0,3983,3782,0.9495355259854381,25,1288.72,321.0,3017.59810003475,201.0,1222.0,1021.0,32218.0,15287.0,0.31332639837571596,0.40378999611475264,1,20.0
P4,3,8,DEVICE2-3,Y,442948,516966,74018.0,,,,,,P4,P4,Intermediate,False,ATG,3,DEVICE2-3,442948,516966,74018,1,8,P4_T8_DEVICE2-3_53,2,SIMETRIC Recording 19.tsv,Recording 19,28.0,1475277.0,3695,3447,0.9328822733423545,17,1587.4705882352941,621.0,3285.2400239108683,140.0,1262.0,1122.0,26987.0,13865.0,0.22967386311437757,0.3646005025804534,1,20.0
P4,3,9,DEVICE1-3,Y,523058,638814,115756.0,542761.0,566159.0,576011.0,594482,622806.0,P4,P4,Intermediate,False,MST,3,DEVICE1-3,523058,638814,115756,1,9,P4_T9_DEVICE1-3_54,2,SIMETRIC Recording 19.tsv,Recording 19,28.0,1475277.0,5777,5502,0.9523974381166695,16,1641.625,411.0,3760.4404684380615,110.0,901.5,791.5,26266.0,15188.0,0.13822177684094128,0.22690832440651024,1,20.0
P4,4,10,DEVICE3-4,Y,649444,712133,62689.0,,,,,,P4,P4,Intermediate,False,CON,4,DEVICE3-4,649444,712133,62689,1,10,P4_T10_DEVICE3-4_55,2,SIMETRIC Recording 19.tsv,Recording 19,28.0,1475277.0,3128,2986,0.9546035805626598,22,1201.1363636363637,250.5,2674.426031799552,100.0,781.0,681.0,26425.0,11521.0,0.350938761186173,0.4215253074702101,1,20.0
P4,4,11,DEVICE1-4,Y,720090,850624,130534.0,742256.0,768117.0,793977.0,802597,824763.0,P4,P4,Intermediate,False,MST,4,DEVICE1-4,720090,850624,130534,1,11,P4_T11_DEVICE1-4_56,2,SIMETRIC Recording 19.tsv,Recording 19,28.0,1475277.0,6515,6260,0.9608595548733692,22,1518.1818181818182,300.5,2318.0260000259996,145.0,2128.5,1983.5,33400.0,8194.0,0.16853846507423353,0.2558720333399727,0,20.0
P4,4,12,DEVICE2-4,Y,854774,956668,101894.0,,,,,,P4,P4,Intermediate,False,ATG,4,DEVICE2-4,854774,956668,101894,1,12,P4_T12_DEVICE2-4_57,2,SIMETRIC Recording 19.tsv,Recording 19,28.0,1475277.0,5086,4847,0.9530082579630358,21,2159.1428571428573,521.0,3377.9089580051486,160.0,2444.0,2284.0,45342.0,12422.0,0.20609653168979528,0.444991854279938,1,20.0
P4,5,13,DEVICE1-5 ,Y,970074,1083368,113294.0,1003323.0,1026721.0,1037804.0,1048887,1068590.0,P4,P4,Intermediate,False,MST,5,DEVICE1-5,970074,1083368,113294,1,13,P4_T13_DEVICE1-5_58,2,SIMETRIC Recording 19.tsv,Recording 19,28.0,1475277.0,5655,5314,0.9396993810786914,10,2238.0,330.5,5285.040775623212,115.0,1282.75,1167.75,22380.0,17191.0,0.08826592758663301,0.19753914593888466,1,20.0
P4,5,14,DEVICE3-5 ,Y,1180664,1254106,73442.0,,,,,,P4,P4,Intermediate,False,CON,5,DEVICE3-5,1180664,1254106,73442,1,14,P4_T14_DEVICE3-5_59,2,SIMETRIC Recording 19.tsv,Recording 19,28.0,1475277.0,3665,3450,0.9413369713506139,5,4395.8,2845.0,5328.257989249395,400.0,5590.0,5190.0,21979.0,13064.0,0.06808093461507041,0.29927017238092646,1,20.0
P4,5,15,DEVICE2-5 ,Y,1326164,1418854,92690.0,,,,,,P4,P4,Intermediate,False,ATG,5,DEVICE2-5,1326164,1418854,92690,1,15,P4_T15_DEVICE2-5_60,2,SIMETRIC Recording 19.tsv,Recording 19,28.0,1475277.0,4627,4386,0.9479144153879403,18,2268.3888888888887,1803.5,2639.0084844588414,170.0,2775.0,2605.0,40831.0,9096.0,0.19419570611716475,0.4405113820261085,0,20.0
P5,1,1,DEVICE2-1,N,0,194968,194968.0,,,,,,P5,P5,Intermediate,False,ATG,1,DEVICE2-1,0,194968,194968,0,1,P5_T1_DEVICE2-1_61,1,SIMETRIC Recording 21.tsv,Recording 21,27.0,3647747.0,9730,8458,0.8692702980472765,36,1422.5,861.5,1870.6733165207806,155.0,1327.25,1172.25,51210.0,7574.0,0.18464568544581675,0.2626584875466743,0,20.0
P5,1,2,DEVICE1-1,N,213075,643125,430050.0,254863,324627.0,475651,488073.0,,P5,P5,Intermediate,False,MST,1,DEVICE1-1,213075,643125,430050,0,2,P5_T2_DEVICE1-1_62,1,SIMETRIC Recording 21.tsv,Recording 21,27.0,3647747.0,21463,18775,0.8747612169780553,59,926.7118644067797,621.0,1051.5713537835595,170.0,1322.0,1152.0,54676.0,4529.0,0.1371933496105104,0.12713870480176723,0,20.0
P5,1,3,DEVICE3-1,N,670282,785521,115239.0,,,,,,P5,P5,Intermediate,False,CON,1,DEVICE3-1,670282,785521,115239,0,3,P5_T3_DEVICE3-1_63,1,SIMETRIC Recording 21.tsv,Recording 21,27.0,3647747.0,5751,5236,0.9104503564597461,18,1208.7777777777778,681.5,1309.7902641063233,190.0,1468.0,1278.0,21758.0,4368.0,0.1561971207664072,0.1888076085353049,0,20.0
P5,2,4,DEVICE3-2,N,795725,884764,89039.0,,,,,,P5,P5,Intermediate,False,CON,2,DEVICE3-2,795725,884764,89039,0,4,P5_T4_DEVICE3-2_64,1,SIMETRIC Recording 21.tsv,Recording 21,27.0,3647747.0,4444,3836,0.8631863186318632,10,961.7,491.0,967.663514749718,310.0,1357.0,1047.0,9617.0,3006.0,0.11231033592021473,0.10800885005447051,0,20.0
P5,2,5,DEVICE2-2,N,905856,1016562,110706.0,,,,,,P5,P5,Intermediate,False,ATG,2,DEVICE2-2,905856,1016562,110706,0,5,P5_T5_DEVICE2-2_65,1,SIMETRIC Recording 21.tsv,Recording 21,27.0,3647747.0,5525,4303,0.7788235294117647,112,272.74107142857144,140.0,426.13627109316104,100.0,300.25,200.25,30547.0,2946.0,1.0116886166964754,0.275929037269886,0,20.0
P5,2,6,DEVICE1-2,N,1040582,1613017,572435.0,1119749/1212620/1300998,1414201.0,1198718/1278082/1539321,1548258.0,1582568.0,P5,P5,Intermediate,False,MST,2,DEVICE1-2,1040582,1613017,572435,0,6,P5_T6_DEVICE1-2_66,1,SIMETRIC Recording 21.tsv,Recording 21,27.0,3647747.0,28570,21700,0.759537976898845,475,245.6442105263158,120.0,368.337566669772,80.0,260.5,180.5,116681.0,4608.0,0.829788534942832,0.20383274956982014,0,20.0
P5,3,7,DEVICE3-3,N,1615115,1753825,138710.0,,,,,,P5,P5,Intermediate,False,CON,3,DEVICE3-3,1615115,1753825,138710,0,7,P5_T7_DEVICE3-3_67,1,SIMETRIC Recording 21.tsv,Recording 21,27.0,3647747.0,6923,3209,0.4635273725263614,124,131.3709677419355,100.0,123.13119896437884,60.0,141.0,81.0,16290.0,962.0,0.8939514094153269,0.11743926176915867,0,20.0
P5,3,8,DEVICE2-3,N,1768888,1897111,128223.0,,,,,,P5,P5,Intermediate,False,ATG,3,DEVICE2-3,1768888,1897111,128223,0,8,P5_T8_DEVICE2-3_68,1,SIMETRIC Recording 21.tsv,Recording 21,27.0,3647747.0,6400,2428,0.379375,54,131.3148148148148,100.0,114.11824785441323,80.0,155.0,75.0,7091.0,681.0,0.42114129290376917,0.05530209088853014,0,20.0
P5,3,9,DEVICE1-3,N,1923500,2271055,347555.0,1936409,2064508.0,2177711,2196579.0,2246229.0,P5,P5,Intermediate,False,MST,3,DEVICE1-3,1923500,2271055,347555,0,9,P5_T9_DEVICE1-3_69,1,SIMETRIC Recording 21.tsv,Recording 21,27.0,3647747.0,17346,5330,0.30727545255390293,150,179.47333333333333,120.0,218.93787837222172,65.75,200.75,135.0,26921.0,1863.0,0.4315863676252679,0.07745824401893225,0,20.0
P5,4,10,DEVICE3-4,N,2282135,2365435,83300.0,,,,,,P5,P5,Intermediate,False,CON,4,DEVICE3-4,2282135,2365435,83300,0,10,P5_T10_DEVICE3-4_70,1,SIMETRIC Recording 21.tsv,Recording 21,27.0,3647747.0,4158,2047,0.4923039923039923,22,719.5,210.0,1286.4221239361445,85.0,611.5,526.5,15829.0,5450.0,0.26410564225690275,0.19002400960384153,0,20.0
P5,4,11,DEVICE1-4,Y,2396211,2773556,377345.0,2412099,2573960.0,2662339,2678227.0,2750717.0,P5,P5,Intermediate,False,MST,4,DEVICE1-4,2396211,2773556,377345,1,11,P5_T11_DEVICE1-4_71,1,SIMETRIC Recording 21.tsv,Recording 21,27.0,3647747.0,18833,16181,0.8591833483778474,44,2312.2272727272725,1122.0,2630.4758245277503,226.0,3937.25,3711.25,101738.0,9597.0,0.1166041685990274,0.26961533874836024,0,20.0
P5,4,12,DEVICE2-4,N,2787695,2882663,94968.0,,,,,,P5,P5,Intermediate,False,ATG,4,DEVICE2-4,2787695,2882663,94968,0,12,P5_T12_DEVICE2-4_72,1,SIMETRIC Recording 21.tsv,Recording 21,27.0,3647747.0,4740,3121,0.6584388185654009,14,888.7142857142857,190.0,1698.5663379437392,105.0,1007.0,902.0,12442.0,6532.0,0.1474180776682672,0.1310125515963272,0,20.0
P5,5,13,DEVICE3-5 ,Y,2931326,2977490,46164.0,,,,,,P5,P5,Intermediate,False,CON,5,DEVICE3-5,2931326,2977490,46164,1,13,P5_T13_DEVICE3-5_73,1,SIMETRIC Recording 21.tsv,Recording 21,27.0,3647747.0,2304,1801,0.7816840277777778,6,2811.6666666666665,631.5,5404.077892357462,356.0,1042.0,686.0,16870.0,13824.0,0.12997140629061607,0.3654362706871155,1,20.0
P5,5,14,DEVICE2-5 ,Y,3061250,3161056,99806.0,,,,,,P5,P5,Intermediate,False,ATG,5,DEVICE2-5,3061250,3161056,99806,1,14,P5_T14_DEVICE2-5_74,1,SIMETRIC Recording 21.tsv,Recording 21,27.0,3647747.0,4981,3913,0.7855852238506325,92,194.25,120.0,216.06559977607125,80.0,200.0,120.0,17871.0,1122.0,0.9217882692423301,0.17905737130032262,0,20.0
P5,5,15,DEVICE1-5 ,Y,3209580,3520393,310813.0,3225183,3321790.0,3425064,3454854.0,3498547.0,P5,P5,Intermediate,False,MST,5,DEVICE1-5,3209580,3520393,310813,1,15,P5_T15_DEVICE1-5_75,1,SIMETRIC Recording 21.tsv,Recording 21,27.0,3647747.0,15512,8874,0.5720732336255802,89,194.01123595505618,101.0,201.34205937239912,80.0,240.0,160.0,17267.0,1222.0,0.28634580921647423,0.05555430435663888,0,20.0
P6,1,1,DEVICE3-1,Y,93207,264782,171575.0,,,,,,P6,P6,Intermediate,False,CON,1,DEVICE3-1,93207,264782,171575,1,1,P6_T1_DEVICE3-1_76,1,SIMETRIC Recording 22.tsv,Recording 22,20.0,860597.0,8564,6940,0.8103689864549276,38,2083.184210526316,461.0,4841.114210900957,150.0,2790.0,2640.0,79161.0,29473.0,0.22147748797901795,0.461378405944922,1,20.0
P6,1,2,DEVICE2-1,N,324683,860597,535914.0,,,,,,P6,P6,Intermediate,False,ATG,1,DEVICE2-1,324683,860597,535914,0,2,P6_T2_DEVICE2-1_77,1,SIMETRIC Recording 22.tsv,Recording 22,20.0,860597.0,26748,24444,0.9138627187079408,102,2701.4803921568628,531.0,5310.297123440051,180.0,3220.25,3040.25,275551.0,36847.0,0.19032904533190026,0.5141701840220633,5,20.0
P6,1,3,DEVICE1-1,Y,27128,333862,306734.0,120316,175298,200494,222331,254442,P6,P6,Intermediate,False,MST,1,DEVICE1-1,27128,333862,306734,1,3,P6_T3_DEVICE1-1_78,2,SIMETRIC Recording 23.tsv,Recording 23,31.0,4040722.0,15309,12052,0.787249330459207,19,3081.2631578947367,781.0,7317.577853984391,330.5,1563.0,1232.5,58544.0,31598.0,0.061942921228165124,0.190862441072721,2,20.0
P6,2,4,DEVICE1-2,Y,353147,789826,436679.0,392846/580139,475550/630671/681405,559366/706369,736970,561097/761129,P6,P6,Intermediate,False,MST,2,DEVICE1-2,353147,789826,436679,1,4,P6_T4_DEVICE1-2_79,2,SIMETRIC Recording 23.tsv,Recording 23,31.0,4040722.0,21795,16301,0.7479238357421427,76,2166.0,470.5,3982.5685681479486,155.25,2244.25,2089.0,164616.0,26368.0,0.1740408858681091,0.37697255879032426,3,20.0
P6,2,5,DEVICE3-2,Y,810416,884898,74482.0,,,,,,P6,P6,Intermediate,False,CON,2,DEVICE3-2,810416,884898,74482,1,5,P6_T5_DEVICE3-2_80,2,SIMETRIC Recording 23.tsv,Recording 23,31.0,4040722.0,3718,2454,0.6600322754168908,13,2298.076923076923,1002.0,3517.485547507349,581.0,1523.0,942.0,29875.0,12282.0,0.17453881474718724,0.40110362235170915,1,20.0
P6,2,6,DEVICE2-2,Y,894871,1168696,273825.0,,,,,,P6,P6,Intermediate,False,ATG,2,DEVICE2-2,894871,1168696,273825,1,6,P6_T6_DEVICE2-2_81,2,SIMETRIC Recording 23.tsv,Recording 23,31.0,4040722.0,13666,11964,0.8754573393824089,60,2536.483333333333,1232.5,4069.660313529143,440.75,3125.25,2684.5,152189.0,27169.0,0.21911804984935634,0.5557892814753949,2,20.0
P6,3,7,DEVICE3-3,Y,1185576,1268913,83337.0,,,,,,P6,P6,Intermediate,False,CON,3,DEVICE3-3,1185576,1268913,83337,1,7,P6_T7_DEVICE3-3_82,2,SIMETRIC Recording 23.tsv,Recording 23,31.0,4040722.0,4160,3207,0.7709134615384615,8,3501.25,2674.5,3552.095830029686,906.5,4758.5,3852.0,28010.0,9017.0,0.09599577618584781,0.3361052113706997,0,20.0
P6,3,8,DEVICE2-3,Y,1272560,1438779,166219.0,,,,,,P6,P6,Intermediate,False,ATG,3,DEVICE2-3,1272560,1438779,166219,1,8,P6_T8_DEVICE2-3_83,2,SIMETRIC Recording 23.tsv,Recording 23,31.0,4040722.0,8296,6581,0.7932738669238187,21,4520.523809523809,2184.0,6010.955944099471,721.0,5951.0,5230.0,94931.0,23403.0,0.12633934748735104,0.5711200283962724,2,20.0
P6,3,9,DEVICE1-3,Y,1444650,1823580,378930.0,1459354/1642444,1524593/1676116/1720310,1540727/1752578,1560369/1763101,1601056/1696459/1793967,P6,P6,Intermediate,False,MST,3,DEVICE1-3,1444650,1823580,378930,1,9,P6_T9_DEVICE1-3_84,2,SIMETRIC Recording 23.tsv,Recording 23,31.0,4040722.0,18912,14219,0.7518506768189509,27,4441.37037037037,1904.0,8718.952134235416,420.5,3736.5,3316.0,119917.0,43579.0,0.07125326577468134,0.3164621434037949,2,20.0
P6,4,10,DEVICE3-4,Y,1829135,1950019,120884.0,,,,,,P6,P6,Intermediate,False,CON,4,DEVICE3-4,1829135,1950019,120884,1,10,P6_T10_DEVICE3-4_85,2,SIMETRIC Recording 23.tsv,Recording 23,31.0,4040722.0,6034,4901,0.8122306927411336,71,963.3802816901408,340.0,2502.785022251339,110.5,892.0,781.5,68400.0,17932.0,0.5873399291883128,0.5658317064293041,2,20.0
P6,4,11,DEVICE1-4,Y,1960221,2099686,139465.0,1981835,2030940,2042865,2058999,2084955,P6,P6,Intermediate,False,MST,4,DEVICE1-4,1960221,2099686,139465,1,11,P6_T11_DEVICE1-4_86,2,SIMETRIC Recording 23.tsv,Recording 23,31.0,4040722.0,6960,4780,0.6867816091954023,31,1627.4193548387098,461.0,2773.1983553795008,270.5,1653.0,1382.5,50450.0,11861.0,0.22227799089377262,0.36173950453518805,2,20.0
P6,4,12,DEVICE2-4,N,2104337,2380547,276210.0,,,,,,P6,P6,Intermediate,False,ATG,4,DEVICE2-4,2104337,2380547,276210,0,12,P6_T12_DEVICE2-4_87,2,SIMETRIC Recording 23.tsv,Recording 23,31.0,4040722.0,13786,10022,0.7269693892354563,112,1367.7857142857142,330.5,3457.0677895314266,140.0,1207.25,1067.25,153192.0,32398.0,0.4054885775315883,0.5546214836537418,1,20.0
P6,5,13,DEVICE3-5 ,Y,2414643,2495696,81053.0,,,,,,P6,P6,Intermediate,False,CON,5,DEVICE3-5,2414643,2495696,81053,1,13,P6_T13_DEVICE3-5_88,2,SIMETRIC Recording 23.tsv,Recording 23,31.0,4040722.0,4045,3099,0.7661310259579728,15,2591.4,1582.0,3106.5408369162915,410.5,2755.0,2344.5,38871.0,10779.0,0.18506409386450842,0.4795750928404871,1,20.0
P6,5,14,DEVICE1-5 ,N,2675310,3542177,866867.0,2702439/2943355/3219318,2747248/3011566/3057002/3085043/3325804,2773349/3438774,2803223/3484646,2840841/3027545/3515492,P6,P6,Intermediate,False,MST,5,DEVICE1-5,2675310,3542177,866867,0,14,P6_T14_DEVICE1-5_89,2,SIMETRIC Recording 23.tsv,Recording 23,31.0,4040722.0,43265,33665,0.7781116375823414,280,1313.6321428571428,330.5,2429.6050367920766,120.0,1282.0,1162.0,367817.0,16951.0,0.32300225986223957,0.4243061507705334,6,20.0
P6,5,15,DEVICE2-5 ,Y,3557821,3854556,296735.0,,,,,,P6,P6,Intermediate,False,ATG,5,DEVICE2-5,3557821,3854556,296735,1,15,P6_T15_DEVICE2-5_90,2,SIMETRIC Recording 23.tsv,Recording 23,31.0,4040722.0,14810,11905,0.8038487508440243,46,2899.086956521739,1392.5,4738.118059718023,220.25,3051.0,2830.75,133358.0,21439.0,0.15502047281244208,0.4494178307243837,4,20.0
P9,1,1,DEVICE2-1,Y,12698,121623,108925.0,,,,,,P9,P9,Expert,False,ATG,1,DEVICE2-1,12698,121623,108925,1,1,P9_T1_DEVICE2-1_106,1,SIMETRIC Recording 30.tsv,Recording 30,3.0,2057005.0,5437,4940,0.9085892955674085,65,580.1076923076923,260.0,1111.4985678560965,100.0,541.0,441.0,37707.0,6972.0,0.5967408767500574,0.3461739729171448,0,20.0
P9,1,2,DEVICE3-1,Y,131295,215313,84018.0,,,,,,P9,P9,Expert,False,CON,1,DEVICE3-1,131295,215313,84018,1,2,P9_T2_DEVICE3-1_107,1,SIMETRIC Recording 30.tsv,Recording 30,3.0,2057005.0,4194,3867,0.9220314735336195,58,611.3793103448276,300.0,837.9309695552892,120.0,701.0,581.0,35460.0,4427.0,0.6903282629912638,0.4220524173391416,0,20.0
P9,1,3,DEVICE1-1,Y,229571,395200,165629.0,266640.0,291397.0,302509.0,320574.0,372527.0,P9,P9,Expert,False,MST,1,DEVICE1-1,229571,395200,165629,1,3,P9_T3_DEVICE1-1_108,1,SIMETRIC Recording 30.tsv,Recording 30,3.0,2057005.0,8267,7749,0.9373412362404742,59,472.3220338983051,220.0,952.1165974794224,90.0,470.5,380.5,27867.0,5290.0,0.3562178120981229,0.16824952152098968,0,20.0
P9,2,4,DEVICE1-2,Y,427144,537042,109898.0,440675.0,466142.0,476669.0,495345.0,509607.0,P9,P9,Expert,False,MST,2,DEVICE1-2,427144,537042,109898,1,4,P9_T4_DEVICE1-2_109,1,SIMETRIC Recording 30.tsv,Recording 30,3.0,2057005.0,5485,4901,0.8935278030993619,89,260.8988764044944,140.0,442.9474380100107,80.0,261.0,181.0,23220.0,3286.0,0.8098418533549292,0.2112868296056343,0,20.0
P9,2,5,DEVICE2-2,Y,556329,649422,93093.0,,,,,,P9,P9,Expert,False,ATG,2,DEVICE2-2,556329,649422,93093,1,5,P9_T5_DEVICE2-2_110,1,SIMETRIC Recording 30.tsv,Recording 30,3.0,2057005.0,4647,4036,0.8685173230040887,78,305.64102564102564,140.0,531.3684116922919,80.0,301.0,221.0,23840.0,4327.0,0.8378718056137411,0.2560879980234819,0,20.0
P9,2,6,DEVICE3-2,Y,685785,764907,79122.0,,,,,,P9,P9,Expert,False,CON,2,DEVICE3-2,685785,764907,79122,1,6,P9_T6_DEVICE3-2_111,1,SIMETRIC Recording 30.tsv,Recording 30,3.0,2057005.0,3949,3328,0.8427449987338567,71,197.50704225352112,120.0,200.23214193526445,80.0,260.5,180.5,14023.0,1262.0,0.8973483986754632,0.17723262809332424,0,20.0
P9,3,7,DEVICE3-3,Y,778330,839221,60891.0,,,,,,P9,P9,Expert,False,CON,3,DEVICE3-3,778330,839221,60891,1,7,P9_T7_DEVICE3-3_112,1,SIMETRIC Recording 30.tsv,Recording 30,3.0,2057005.0,3040,2621,0.8621710526315789,74,200.3108108108108,120.0,214.45764186780093,80.0,221.0,141.0,14823.0,1182.0,1.2152863313133304,0.24343499039266886,0,20.0
P9,3,8,DEVICE2-3,Y,856301,912050,55749.0,,,,,,P9,P9,Expert,False,ATG,3,DEVICE2-3,856301,912050,55749,1,8,P9_T8_DEVICE2-3_113,1,SIMETRIC Recording 30.tsv,Recording 30,3.0,2057005.0,2782,2114,0.7598849748382459,66,147.45454545454547,100.0,132.88655448778994,60.25,160.0,99.75,9732.0,641.0,1.1838777377172685,0.1745681536888554,0,20.0
P9,3,9,DEVICE1-3,Y,932678,1110952,178274.0,943884.0,966296.0,977841.0,991424.0,1079033.0,P9,P9,Expert,False,MST,3,DEVICE1-3,932678,1110952,178274,1,9,P9_T9_DEVICE1-3_114,1,SIMETRIC Recording 30.tsv,Recording 30,3.0,2057005.0,8897,5131,0.5767112509834775,68,144.63235294117646,100.0,129.3794493833516,60.0,160.0,100.0,9835.0,661.0,0.3814353186667714,0.055167887633642596,0,20.0
P9,4,10,DEVICE3-4,Y,1151905,1213945,62040.0,,,,,,P9,P9,Expert,False,CON,4,DEVICE3-4,1151905,1213945,62040,1,10,P9_T10_DEVICE3-4_115,1,SIMETRIC Recording 30.tsv,Recording 30,3.0,2057005.0,3097,2862,0.924120116241524,18,959.5,321.0,1787.7070180409712,165.0,756.25,591.25,17271.0,7594.0,0.2901353965183752,0.27838491295938106,0,20.0
P9,4,11,DEVICE1-4,Y,1244043,1344216,100173.0,1258305.0,1271548.0,1283433.0,1289885.0,1320446.0,P9,P9,Expert,False,MST,4,DEVICE1-4,1244043,1344216,100173,1,11,P9_T11_DEVICE1-4_116,1,SIMETRIC Recording 30.tsv,Recording 30,3.0,2057005.0,5000,4653,0.9306,56,306.25,181.0,373.90865437721794,101.0,341.0,240.0,17150.0,2184.0,0.559032873129486,0.1712038173959051,0,20.0
P9,4,12,DEVICE2-4,Y,1359879,1412110,52231.0,,,,,,P9,P9,Expert,False,ATG,4,DEVICE2-4,1359879,1412110,52231,1,12,P9_T12_DEVICE2-4_117,1,SIMETRIC Recording 30.tsv,Recording 30,3.0,2057005.0,2607,2351,0.9018028385116993,63,278.53968253968253,121.0,398.05506287110205,80.0,320.5,240.5,17548.0,2886.0,1.2061802377898183,0.3359690605196148,0,20.0
P9,5,13,DEVICE3-5 ,Y,1434964,1520047,85083.0,,,,,,P9,P9,Expert,False,CON,5,DEVICE3-5,1434964,1520047,85083,1,13,P9_T13_DEVICE3-5_118,1,SIMETRIC Recording 30.tsv,Recording 30,3.0,2057005.0,4246,3661,0.8622232689590202,59,279.47457627118644,121.0,550.621947905188,80.0,280.5,200.5,16489.0,3987.0,0.6934405227836348,0.19379899627422634,0,20.0
P9,5,14,DEVICE1-5 ,Y,1614053,1766180,152127.0,1643256.0,1661253.0,1684344.0,1702341.0,1729167.0,P9,P9,Expert,False,MST,5,DEVICE1-5,1614053,1766180,152127,1,14,P9_T14_DEVICE1-5_119,1,SIMETRIC Recording 30.tsv,Recording 30,3.0,2057005.0,7593,5196,0.6843145001975504,33,223.42424242424244,120.0,342.5072107181678,80.0,220.0,140.0,7373.0,1964.0,0.21692401743280285,0.048466084258547135,0,20.0
P9,5,15,DEVICE2-5 ,Y,1828399,1907952,79553.0,,,,,,P9,P9,Expert,False,ATG,5,DEVICE2-5,1828399,1907952,79553,1,15,P9_T15_DEVICE2-5_120,1,SIMETRIC Recording 30.tsv,Recording 30,3.0,2057005.0,3970,3674,0.9254408060453401,13,1891.076923076923,721.0,3189.3098120005643,140.0,1082.0,942.0,24584.0,10239.0,0.1634130705315953,0.30902668661144145,1,20.0
