Id,Round,Time,Device,FTIS,Start time (ms),End Time (ms),Duration (ms),Needle In (ms),Wire In (ms),Needle Out (ms),Catheter Over Needle (ms),Wire Out (ms),Participant_raw,Participant,Expertise,Abort_participant,Device_name,Repetition,Device_code_clean,Attempt_start_ms,Attempt_end_ms,Attempt_duration_ms,Success,Attempt_sequence,Attempt_ID,Session_index,File,Recording,Recording_min_timestamp_ms,Recording_max_timestamp_ms,Eye_sample_count,Valid_eye_sample_count,Valid_sample_proportion,Fixation_count,Mean_fixation_duration_ms,Median_fixation_duration_ms,SD_fixation_duration_ms,Q1_fixation_duration_ms,Q3_fixation_duration_ms,IQR_fixation_duration_ms,Total_fixation_duration_ms,Max_fixation_duration_ms,Fixation_rate_per_second,Fixation_time_proportion,Long_fixations_review,Sample_interval_ms
P30,1,1,DEVICE2-1,N,23355,218928,195573.0,,,,,,P30,P30,Novice,False,ATG,1,DEVICE2-1,23355,218928,195573,0,1,P30_T1_DEVICE2-1_424,1,SIMETRIC Recording 1.tsv,Recording 1,2.0,643927.0,9761,8454,0.8660997848581088,173,369.1791907514451,160.0,545.0004024165717,81.0,421.0,340.0,63868.0,4428.0,0.8845801823360075,0.326568595869573,0,20.0
P30,1,2,DEVICE3-1,Y,243131,351390,108259.0,,,,,,P30,P30,Novice,False,CON,1,DEVICE3-1,243131,351390,108259,1,2,P30_T2_DEVICE3-1_425,1,SIMETRIC Recording 1.tsv,Recording 1,2.0,643927.0,5403,5089,0.9418841384416066,56,952.3392857142857,280.5,1243.054965167901,115.0,1322.0,1207.0,53331.0,4989.0,0.5172780092186331,0.49262416981498075,0,20.0
P30,1,3,DEVICE1-1,Y,379972,479540,99568.0,399499.0,434883.0,442127.0,451240,471184.0,P30,P30,Novice,False,MST,1,DEVICE1-1,379972,479540,99568,1,3,P30_T3_DEVICE1-1_426,1,SIMETRIC Recording 1.tsv,Recording 1,2.0,643927.0,4969,4599,0.925538337693701,30,1035.8666666666666,451.0,1330.6537603317615,95.25,1317.0,1221.75,31076.0,5210.0,0.3013016230114093,0.31210830789008515,0,20.0
P30,2,4,DEVICE1-2,Y,508439,604068,95629.0,530049.0,555480.0,562710.0,576004,595067.0,P30,P30,Novice,False,MST,2,DEVICE1-2,508439,604068,95629,1,4,P30_T4_DEVICE1-2_427,1,SIMETRIC Recording 1.tsv,Recording 1,2.0,643927.0,4773,4429,0.9279279279279279,25,895.12,681.0,1023.767483367195,220.0,1142.0,922.0,22378.0,4628.0,0.2614269729893651,0.23400851206224052,0,20.0
P30,2,5,DEVICE2-2,Y,10983,128989,118006.0,,,,,,P30,P30,Novice,False,ATG,2,DEVICE2-2,10983,128989,118006,1,5,P30_T5_DEVICE2-2_428,2,SIMETRIC Recording 1.tsv,Recording 1,2.0,643927.0,5889,5383,0.9140770928850399,146,382.6849315068493,160.0,581.5762381123319,100.0,395.0,295.0,55872.0,4428.0,1.2372252258359744,0.47346745080758607,0,20.0
P30,2,6,DEVICE3-2,N,151273,227262,75989.0,,,,,,P30,P30,Novice,False,CON,2,DEVICE3-2,151273,227262,75989,0,6,P30_T6_DEVICE3-2_429,2,SIMETRIC Recording 1.tsv,Recording 1,2.0,643927.0,3793,2979,0.7853941471131031,3,93.33333333333333,100.0,30.550504633038933,80.0,110.0,30.0,280.0,120.0,0.039479398333969386,0.0036847438445038096,0,20.0
P30,3,7,DEVICE3-3,Y,248508,333641,85133.0,,,,,,P30,P30,Novice,False,CON,3,DEVICE3-3,248508,333641,85133,1,7,P30_T7_DEVICE3-3_430,2,SIMETRIC Recording 1.tsv,Recording 1,2.0,643927.0,4249,4013,0.9444575194163333,52,988.2307692307693,291.0,1271.804686808329,120.0,1322.0,1202.0,51388.0,4989.0,0.6108089694947906,0.6036202177768902,0,20.0
P30,3,8,DEVICE2-3,N,349026,426003,76977.0,,,,,,P30,P30,Novice,False,ATG,3,DEVICE2-3,349026,426003,76977,0,8,P30_T8_DEVICE2-3_431,2,SIMETRIC Recording 1.tsv,Recording 1,2.0,643927.0,3842,3556,0.9255596043727226,30,1035.8666666666666,451.0,1330.6537603317615,95.25,1317.0,1221.75,31076.0,5210.0,0.38972680151213995,0.40370500279304206,0,20.0
P30,3,9,DEVICE1-3,Y,469360,636638,167278.0,487494.0,539165.0,581234.0,589228/599015,624522.0,P30,P30,Novice,False,MST,3,DEVICE1-3,469360,636638,167278,1,9,P30_T9_DEVICE1-3_432,2,SIMETRIC Recording 1.tsv,Recording 1,2.0,643927.0,8349,7631,0.9140016768475266,28,824.2857142857143,460.5,988.0928077996505,185.75,1082.0,896.25,23080.0,4628.0,0.16738602804911584,0.13797391169191406,0,20.0
P4,1,1,DEVICE2-1,Y,185605,349246,163641.0,,,,,,P4,P4,Intermediate,False,ATG,1,DEVICE2-1,185605,349246,163641,1,1,P4_T1_DEVICE2-1_46,1,SIMETRIC Recording 18.tsv,Recording 18,24.0,924036.0,8167,7834,0.9592261540345292,35,1823.2,420.0,2815.097311033534,120.0,2735.0,2615.0,63812.0,11461.0,0.2138828288754041,0.38995117360563675,2,20.0
P4,1,2,DEVICE3-1,Y,358925,465910,106985.0,,,,,,P4,P4,Intermediate,False,CON,1,DEVICE3-1,358925,465910,106985,1,2,P4_T2_DEVICE3-1_47,1,SIMETRIC Recording 18.tsv,Recording 18,24.0,924036.0,5340,5109,0.9567415730337079,15,2849.133333333333,1001.0,5757.050843055306,221.0,2104.0,1883.0,42737.0,22460.0,0.14020657101462822,0.39946721503014443,1,20.0
P4,1,3,DEVICE1-1,Y,473691,742064,268373.0,492280.0,532965.0,553676.0,565621/641793,703687.0,P4,P4,Intermediate,False,MST,1,DEVICE1-1,473691,742064,268373,1,3,P4_T3_DEVICE1-1_48,1,SIMETRIC Recording 18.tsv,Recording 18,24.0,924036.0,13388,12898,0.9634000597550045,59,1665.7118644067796,821.0,2281.7433825525445,270.0,2034.0,1764.0,98277.0,13504.0,0.21984327782601082,0.3661955561848621,1,20.0
P4,2,4,DEVICE1-2,Y,749161,902435,153274.0,773362.0,821092.0,839915.0,854033,878234.0,P4,P4,Intermediate,False,MST,2,DEVICE1-2,749161,902435,153274,1,4,P4_T4_DEVICE1-2_49,1,SIMETRIC Recording 18.tsv,Recording 18,24.0,924036.0,7649,7184,0.9392077395738005,23,1829.3478260869565,621.0,2986.803560644962,180.0,2244.0,2064.0,42075.0,12222.0,0.15005806594725785,0.2745083967274293,1,20.0
P4,2,5,DEVICE2-2,Y,142342,268251,125909.0,,,,,,P4,P4,Intermediate,False,ATG,2,DEVICE2-2,142342,268251,125909,1,5,P4_T5_DEVICE2-2_50,2,SIMETRIC Recording 18.tsv,Recording 18,24.0,924036.0,6285,5962,0.9486077963404932,36,1491.5277777777778,261.0,2727.474839335159,120.0,1162.25,1042.25,53695.0,11461.0,0.2859207840583278,0.42645879166699757,2,20.0
P4,2,6,DEVICE3-2,Y,279331,345680,66349.0,,,,,,P4,P4,Intermediate,False,CON,2,DEVICE3-2,279331,345680,66349,1,6,P4_T6_DEVICE3-2_51,2,SIMETRIC Recording 18.tsv,Recording 18,24.0,924036.0,3311,3185,0.9619450317124736,3,3719.6666666666665,4107.0,1441.5700931045058,3115.5,4517.5,1402.0,11159.0,4928.0,0.04521545162700266,0.16818640823524092,0,20.0
P4,3,7,DEVICE3-3,Y,354144,433933,79789.0,,,,,,P4,P4,Intermediate,False,CON,3,DEVICE3-3,354144,433933,79789,1,7,P4_T7_DEVICE3-3_52,2,SIMETRIC Recording 18.tsv,Recording 18,24.0,924036.0,3983,3817,0.9583228722068793,10,2983.4,841.0,6881.2221330548855,341.0,1157.0,816.0,29834.0,22460.0,0.1253305593502864,0.3739111907656444,1,20.0
P4,3,8,DEVICE2-3,Y,442948,516966,74018.0,,,,,,P4,P4,Intermediate,False,ATG,3,DEVICE2-3,442948,516966,74018,1,8,P4_T8_DEVICE2-3_53,2,SIMETRIC Recording 18.tsv,Recording 18,24.0,924036.0,3688,3516,0.9533622559652929,13,2694.0,1663.0,3806.434617854351,521.0,2304.0,1783.0,35022.0,13504.0,0.17563295414628874,0.47315517847010186,1,20.0
P4,3,9,DEVICE1-3,Y,523058,638814,115756.0,542761.0,566159.0,576011.0,594482,622806.0,P4,P4,Intermediate,False,MST,3,DEVICE1-3,523058,638814,115756,1,9,P4_T9_DEVICE1-3_54,2,SIMETRIC Recording 18.tsv,Recording 18,24.0,924036.0,5777,5575,0.965033754543881,20,1412.5,921.5,1775.4774746974108,195.0,1367.25,1172.25,28250.0,5990.0,0.1727772210511766,0.24404782473478698,0,20.0
P4,4,10,DEVICE3-4,Y,649444,712133,62689.0,,,,,,P4,P4,Intermediate,False,CON,4,DEVICE3-4,649444,712133,62689,1,10,P4_T10_DEVICE3-4_55,2,SIMETRIC Recording 18.tsv,Recording 18,24.0,924036.0,3129,3004,0.9600511345477788,15,1424.0,701.0,1760.7298811247892,240.5,2244.5,2004.0,21360.0,6291.0,0.2392764280814816,0.3407296335880298,0,20.0
P4,4,11,DEVICE1-4,Y,720090,850624,130534.0,742256.0,768117.0,793977.0,802597,824763.0,P4,P4,Intermediate,False,MST,4,DEVICE1-4,720090,850624,130534,1,11,P4_T11_DEVICE1-4_56,2,SIMETRIC Recording 18.tsv,Recording 18,24.0,924036.0,6515,6126,0.9402916346891789,30,1763.8,761.5,2653.710458961188,200.0,2244.0,2044.0,52914.0,12222.0,0.22982517964668212,0.40536565186081785,1,20.0
P4,4,12,DEVICE2-4,Y,854774,956668,101894.0,,,,,,P4,P4,Intermediate,False,ATG,4,DEVICE2-4,854774,956668,101894,1,12,P4_T12_DEVICE2-4_57,2,SIMETRIC Recording 18.tsv,Recording 18,24.0,924036.0,3457,3248,0.9395429563205091,5,1402.6,621.0,2187.794163078419,241.0,742.0,501.0,7013.0,5289.0,0.04907060278328459,0.06882642746383497,0,20.0
P4,1,1,DEVICE2-1,Y,185605,349246,163641.0,,,,,,P4,P4,Intermediate,False,ATG,1,DEVICE2-1,185605,349246,163641,1,1,P4_T1_DEVICE2-1_46,1,SIMETRIC Recording 19.tsv,Recording 19,28.0,1475277.0,8167,7747,0.9485735276111179,33,1109.939393939394,421.0,1455.560822745694,120.0,1643.0,1523.0,36628.0,6231.0,0.2016609529396667,0.2238314358870943,0,20.0
P4,1,2,DEVICE3-1,Y,358925,465910,106985.0,,,,,,P4,P4,Intermediate,False,CON,1,DEVICE3-1,358925,465910,106985,1,2,P4_T2_DEVICE3-1_47,1,SIMETRIC Recording 19.tsv,Recording 19,28.0,1475277.0,5340,4994,0.9352059925093633,32,1562.15625,331.0,3496.6794857995333,195.75,1277.0,1081.25,49989.0,15287.0,0.29910735149787354,0.46725241856335,2,20.0
P4,1,3,DEVICE1-1,Y,473691,742064,268373.0,492280.0,532965.0,553676.0,565621/641793,703687.0,P4,P4,Intermediate,False,MST,1,DEVICE1-1,473691,742064,268373,1,3,P4_T3_DEVICE1-1_48,1,SIMETRIC Recording 19.tsv,Recording 19,28.0,1475277.0,13394,12613,0.9416903090936241,51,1372.9803921568628,321.0,2805.6956320327836,110.0,1001.5,891.5,70022.0,15188.0,0.19003401981570428,0.26091298304971067,2,20.0
P4,2,4,DEVICE1-2,Y,749161,902435,153274.0,773362.0,821092.0,839915.0,854033,878234.0,P4,P4,Intermediate,False,MST,2,DEVICE1-2,749161,902435,153274,1,4,P4_T4_DEVICE1-2_49,1,SIMETRIC Recording 19.tsv,Recording 19,28.0,1475277.0,7650,7328,0.9579084967320262,27,1504.888888888889,301.0,2622.778126827373,90.0,1222.5,1132.5,40632.0,9817.0,0.17615512089460705,0.2650938841551731,0,20.0
P4,2,5,DEVICE2-2,Y,142342,268251,125909.0,,,,,,P4,P4,Intermediate,False,ATG,2,DEVICE2-2,142342,268251,125909,1,5,P4_T5_DEVICE2-2_50,2,SIMETRIC Recording 19.tsv,Recording 19,28.0,1475277.0,6284,5961,0.9485996180776576,9,1231.111111111111,1242.0,930.4641912030313,421.0,1843.0,1422.0,11080.0,2905.0,0.07148019601458196,0.08800006353795202,0,20.0
P4,2,6,DEVICE3-2,Y,279331,345680,66349.0,,,,,,P4,P4,Intermediate,False,CON,2,DEVICE3-2,279331,345680,66349,1,6,P4_T6_DEVICE3-2_51,2,SIMETRIC Recording 19.tsv,Recording 19,28.0,1475277.0,3312,3166,0.9559178743961353,24,1064.5,271.0,1624.395914472984,100.0,1568.0,1468.0,25548.0,6231.0,0.3617236130160213,0.3850547860555547,0,20.0
P4,3,7,DEVICE3-3,Y,354144,433933,79789.0,,,,,,P4,P4,Intermediate,False,CON,3,DEVICE3-3,354144,433933,79789,1,7,P4_T7_DEVICE3-3_52,2,SIMETRIC Recording 19.tsv,Recording 19,28.0,1475277.0,3983,3782,0.9495355259854381,25,1288.72,321.0,3017.59810003475,201.0,1222.0,1021.0,32218.0,15287.0,0.31332639837571596,0.40378999611475264,1,20.0
P4,3,8,DEVICE2-3,Y,442948,516966,74018.0,,,,,,P4,P4,Intermediate,False,ATG,3,DEVICE2-3,442948,516966,74018,1,8,P4_T8_DEVICE2-3_53,2,SIMETRIC Recording 19.tsv,Recording 19,28.0,1475277.0,3695,3447,0.9328822733423545,17,1587.4705882352941,621.0,3285.2400239108683,140.0,1262.0,1122.0,26987.0,13865.0,0.22967386311437757,0.3646005025804534,1,20.0
P4,3,9,DEVICE1-3,Y,523058,638814,115756.0,542761.0,566159.0,576011.0,594482,622806.0,P4,P4,Intermediate,False,MST,3,DEVICE1-3,523058,638814,115756,1,9,P4_T9_DEVICE1-3_54,2,SIMETRIC Recording 19.tsv,Recording 19,28.0,1475277.0,5777,5502,0.9523974381166695,16,1641.625,411.0,3760.4404684380615,110.0,901.5,791.5,26266.0,15188.0,0.13822177684094128,0.22690832440651024,1,20.0
P4,4,10,DEVICE3-4,Y,649444,712133,62689.0,,,,,,P4,P4,Intermediate,False,CON,4,DEVICE3-4,649444,712133,62689,1,10,P4_T10_DEVICE3-4_55,2,SIMETRIC Recording 19.tsv,Recording 19,28.0,1475277.0,3128,2986,0.9546035805626598,22,1201.1363636363637,250.5,2674.426031799552,100.0,781.0,681.0,26425.0,11521.0,0.350938761186173,0.4215253074702101,1,20.0
P4,4,11,DEVICE1-4,Y,720090,850624,130534.0,742256.0,768117.0,793977.0,802597,824763.0,P4,P4,Intermediate,False,MST,4,DEVICE1-4,720090,850624,130534,1,11,P4_T11_DEVICE1-4_56,2,SIMETRIC Recording 19.tsv,Recording 19,28.0,1475277.0,6515,6260,0.9608595548733692,22,1518.1818181818182,300.5,2318.0260000259996,145.0,2128.5,1983.5,33400.0,8194.0,0.16853846507423353,0.2558720333399727,0,20.0
P4,4,12,DEVICE2-4,Y,854774,956668,101894.0,,,,,,P4,P4,Intermediate,False,ATG,4,DEVICE2-4,854774,956668,101894,1,12,P4_T12_DEVICE2-4_57,2,SIMETRIC Recording 19.tsv,Recording 19,28.0,1475277.0,5086,4847,0.9530082579630358,21,2159.1428571428573,521.0,3377.9089580051486,160.0,2444.0,2284.0,45342.0,12422.0,0.20609653168979528,0.444991854279938,1,20.0
P30,1,1,DEVICE2-1,N,23355,218928,195573.0,,,,,,P30,P30,Novice,False,ATG,1,DEVICE2-1,23355,218928,195573,0,1,P30_T1_DEVICE2-1_424,1,SIMETRIC Recording 2.tsv,Recording 2,2.0,1695590.0,9761,9254,0.948058600553222,39,2054.923076923077,1062.0,2179.7929330028646,270.5,3156.0,2885.5,80142.0,6812.0,0.19941402954395546,0.4097804911720943,0,20.0
P30,1,2,DEVICE3-1,Y,243131,351390,108259.0,,,,,,P30,P30,Novice,False,CON,1,DEVICE3-1,243131,351390,108259,1,2,P30_T2_DEVICE3-1_425,1,SIMETRIC Recording 2.tsv,Recording 2,2.0,1695590.0,5403,4954,0.9168980196187303,26,1179.8461538461538,401.0,2054.8674057915796,240.0,857.0,617.0,30676.0,7815.0,0.24016478999436536,0.2833575037641212,0,20.0
P30,1,3,DEVICE1-1,Y,379972,479540,99568.0,399499.0,434883.0,442127.0,451240,471184.0,P30,P30,Novice,False,MST,1,DEVICE1-1,379972,479540,99568,1,3,P30_T3_DEVICE1-1_426,1,SIMETRIC Recording 2.tsv,Recording 2,2.0,1695590.0,4969,4553,0.9162809418394043,13,584.0769230769231,121.0,1566.3308218858951,80.0,240.0,160.0,7593.0,5791.0,0.13056403663827737,0.07625944078418768,0,20.0
P30,2,4,DEVICE1-2,Y,508439,604068,95629.0,530049.0,555480.0,562710.0,576004,595067.0,P30,P30,Novice,False,MST,2,DEVICE1-2,508439,604068,95629,1,4,P30_T4_DEVICE1-2_427,1,SIMETRIC Recording 2.tsv,Recording 2,2.0,1695590.0,4773,4555,0.9543264194426985,23,2075.0,1202.0,2193.5476661418516,190.0,4167.5,3977.5,47725.0,7073.0,0.24051281515021591,0.49906409143669805,0,20.0
P30,2,5,DEVICE2-2,Y,10983,128989,118006.0,,,,,,P30,P30,Novice,False,ATG,2,DEVICE2-2,10983,128989,118006,1,5,P30_T5_DEVICE2-2_428,2,SIMETRIC Recording 2.tsv,Recording 2,2.0,1695590.0,5889,5587,0.9487179487179487,25,1878.6,982.0,1949.8857445159874,300.0,2705.0,2405.0,46965.0,5970.0,0.21185363456095452,0.3979882378862092,0,20.0
P30,2,6,DEVICE3-2,N,151273,227262,75989.0,,,,,,P30,P30,Novice,False,CON,2,DEVICE3-2,151273,227262,75989,0,6,P30_T6_DEVICE3-2_429,2,SIMETRIC Recording 2.tsv,Recording 2,2.0,1695590.0,3793,3586,0.9454257843395729,13,2532.076923076923,1102.0,2617.1920214082643,721.0,5249.0,4528.0,32917.0,6812.0,0.17107739278053402,0.4331811183197568,0,20.0
P30,3,7,DEVICE3-3,Y,248508,333641,85133.0,,,,,,P30,P30,Novice,False,CON,3,DEVICE3-3,248508,333641,85133,1,7,P30_T7_DEVICE3-3_430,2,SIMETRIC Recording 2.tsv,Recording 2,2.0,1695590.0,4249,3956,0.9310425982584137,20,1457.7,731.5,2280.5439586573248,330.75,932.0,601.25,29154.0,7815.0,0.2349265267287656,0.3424523980125216,0,20.0
P30,3,8,DEVICE2-3,N,349026,426003,76977.0,,,,,,P30,P30,Novice,False,ATG,3,DEVICE2-3,349026,426003,76977,0,8,P30_T8_DEVICE2-3_431,2,SIMETRIC Recording 2.tsv,Recording 2,2.0,1695590.0,3842,3559,0.9263404476834982,13,1160.5384615384614,380.0,1690.1325202177006,160.0,1643.0,1483.0,15087.0,5791.0,0.168881613988594,0.1959936084804552,0,20.0
P30,3,9,DEVICE1-3,Y,469360,636638,167278.0,487494.0,539165.0,581234.0,589228/599015,624522.0,P30,P30,Novice,False,MST,3,DEVICE1-3,469360,636638,167278,1,9,P30_T9_DEVICE1-3_432,2,SIMETRIC Recording 2.tsv,Recording 2,2.0,1695590.0,8349,7927,0.9494550245538388,45,1524.0222222222221,281.0,2063.9730936504798,100.0,2224.0,2124.0,68581.0,7073.0,0.2690132593646505,0.40998218534415765,0,20.0
P5,1,1,DEVICE2-1,N,0,194968,194968.0,,,,,,P5,P5,Intermediate,False,ATG,1,DEVICE2-1,0,194968,194968,0,1,P5_T1_DEVICE2-1_61,1,SIMETRIC Recording 20.tsv,Recording 20,13.0,259182.0,9731,9275,0.9531394512383106,25,4371.76,3366.0,4723.295568068266,662.0,6211.0,5549.0,109294.0,18994.0,0.12822617044848386,0.5605740429198638,2,20.0
P5,1,2,DEVICE1-1,N,213075,643125,430050.0,254863.0,324627.0,475651.0,488073.0,,P5,P5,Intermediate,False,MST,1,DEVICE1-1,213075,643125,430050,0,2,P5_T2_DEVICE1-1_62,1,SIMETRIC Recording 20.tsv,Recording 20,13.0,259182.0,2302,2199,0.9552562988705473,8,746.5,371.0,797.744499018505,260.25,1067.25,807.0,5972.0,2144.0,0.01860248808278107,0.01388675735379607,0,20.0
P5,1,1,DEVICE2-1,N,0,194968,194968.0,,,,,,P5,P5,Intermediate,False,ATG,1,DEVICE2-1,0,194968,194968,0,1,P5_T1_DEVICE2-1_61,1,SIMETRIC Recording 21.tsv,Recording 21,27.0,3647747.0,9730,8458,0.8692702980472765,36,1422.5,861.5,1870.6733165207806,155.0,1327.25,1172.25,51210.0,7574.0,0.18464568544581675,0.2626584875466743,0,20.0
P5,1,2,DEVICE1-1,N,213075,643125,430050.0,254863,324627.0,475651,488073.0,,P5,P5,Intermediate,False,MST,1,DEVICE1-1,213075,643125,430050,0,2,P5_T2_DEVICE1-1_62,1,SIMETRIC Recording 21.tsv,Recording 21,27.0,3647747.0,21463,18775,0.8747612169780553,59,926.7118644067797,621.0,1051.5713537835595,170.0,1322.0,1152.0,54676.0,4529.0,0.1371933496105104,0.12713870480176723,0,20.0
P6,1,1,DEVICE3-1,Y,93207,264782,171575.0,,,,,,P6,P6,Intermediate,False,CON,1,DEVICE3-1,93207,264782,171575,1,1,P6_T1_DEVICE3-1_76,1,SIMETRIC Recording 22.tsv,Recording 22,20.0,860597.0,8564,6940,0.8103689864549276,38,2083.184210526316,461.0,4841.114210900957,150.0,2790.0,2640.0,79161.0,29473.0,0.22147748797901795,0.461378405944922,1,20.0
P6,1,2,DEVICE2-1,N,324683,860597,535914.0,,,,,,P6,P6,Intermediate,False,ATG,1,DEVICE2-1,324683,860597,535914,0,2,P6_T2_DEVICE2-1_77,1,SIMETRIC Recording 22.tsv,Recording 22,20.0,860597.0,26748,24444,0.9138627187079408,102,2701.4803921568628,531.0,5310.297123440051,180.0,3220.25,3040.25,275551.0,36847.0,0.19032904533190026,0.5141701840220633,5,20.0
P6,1,3,DEVICE1-1,Y,27128,333862,306734.0,120316,175298,200494,222331.0,254442,P6,P6,Intermediate,False,MST,1,DEVICE1-1,27128,333862,306734,1,3,P6_T3_DEVICE1-1_78,2,SIMETRIC Recording 22.tsv,Recording 22,20.0,860597.0,15309,12125,0.7920177673264093,81,1223.1234567901236,320.0,3416.8402376417753,120.0,722.0,602.0,99073.0,29473.0,0.26407245365691445,0.32299321235989487,1,20.0
P6,2,4,DEVICE1-2,Y,353147,789826,436679.0,392846/580139,475550/630671/681405,559366/706369,736970.0,561097/761129,P6,P6,Intermediate,False,MST,2,DEVICE1-2,353147,789826,436679,1,4,P6_T4_DEVICE1-2_79,2,SIMETRIC Recording 22.tsv,Recording 22,20.0,860597.0,21794,20138,0.9240157841607782,79,3079.9367088607596,721.0,5898.958470306805,160.0,3536.0,3376.0,243315.0,36847.0,0.18091092083658708,0.5571941861184073,5,20.0
P6,2,5,DEVICE3-2,Y,810416,884898,74482.0,,,,,,P6,P6,Intermediate,False,CON,2,DEVICE3-2,810416,884898,74482,1,5,P6_T5_DEVICE3-2_80,2,SIMETRIC Recording 22.tsv,Recording 22,20.0,860597.0,2505,2258,0.9013972055888223,7,1811.857142857143,962.0,2247.77789743348,160.0,2535.0,2375.0,12683.0,6251.0,0.0939824387100239,0.17028275287989045,0,20.0
P6,1,1,DEVICE3-1,Y,93207,264782,171575.0,,,,,,P6,P6,Intermediate,False,CON,1,DEVICE3-1,93207,264782,171575,1,1,P6_T1_DEVICE3-1_76,1,SIMETRIC Recording 23.tsv,Recording 23,31.0,4040722.0,8563,7413,0.8657012729183697,16,3401.0625,891.0,7945.342773967233,510.75,1483.0,972.25,54417.0,31598.0,0.09325367914906019,0.3171615911409005,2,20.0
P6,1,2,DEVICE2-1,N,324683,860597,535914.0,,,,,,P6,P6,Intermediate,False,ATG,1,DEVICE2-1,324683,860597,535914,0,2,P6_T2_DEVICE2-1_77,1,SIMETRIC Recording 23.tsv,Recording 23,31.0,4040722.0,26747,19774,0.7392978651811418,85,2238.1529411764704,561.0,3981.764530198838,160.0,2204.0,2044.0,190243.0,26368.0,0.15860753777658357,0.35498792716741867,4,20.0
P6,1,3,DEVICE1-1,Y,27128,333862,306734.0,120316,175298,200494,222331,254442,P6,P6,Intermediate,False,MST,1,DEVICE1-1,27128,333862,306734,1,3,P6_T3_DEVICE1-1_78,2,SIMETRIC Recording 23.tsv,Recording 23,31.0,4040722.0,15309,12052,0.787249330459207,19,3081.2631578947367,781.0,7317.577853984391,330.5,1563.0,1232.5,58544.0,31598.0,0.061942921228165124,0.190862441072721,2,20.0
P6,2,4,DEVICE1-2,Y,353147,789826,436679.0,392846/580139,475550/630671/681405,559366/706369,736970,561097/761129,P6,P6,Intermediate,False,MST,2,DEVICE1-2,353147,789826,436679,1,4,P6_T4_DEVICE1-2_79,2,SIMETRIC Recording 23.tsv,Recording 23,31.0,4040722.0,21795,16301,0.7479238357421427,76,2166.0,470.5,3982.5685681479486,155.25,2244.25,2089.0,164616.0,26368.0,0.1740408858681091,0.37697255879032426,3,20.0
P6,2,5,DEVICE3-2,Y,810416,884898,74482.0,,,,,,P6,P6,Intermediate,False,CON,2,DEVICE3-2,810416,884898,74482,1,5,P6_T5_DEVICE3-2_80,2,SIMETRIC Recording 23.tsv,Recording 23,31.0,4040722.0,3718,2454,0.6600322754168908,13,2298.076923076923,1002.0,3517.485547507349,581.0,1523.0,942.0,29875.0,12282.0,0.17453881474718724,0.40110362235170915,1,20.0
P7-abort,1,1,DEVICE3-1,N,8908,430242,421334.0,,,,,,P7-abort,P7,,True,CON,1,DEVICE3-1,8908,430242,421334,0,1,P7_T1_DEVICE3-1_91,1,SIMETRIC Recording 24.tsv,Recording 24,12.0,434979.0,21029,18466,0.8781206904750583,463,346.49892008639307,180.0,430.4074877581846,100.0,390.5,290.5,160429.0,3006.0,1.0988906663122369,0.38076442917020703,0,20.0
P7-abort,1,2,DEVICE3-1,N,30077,231322,201245.0,,,,,,P7-abort,P7,,True,CON,1,DEVICE3-1,30077,231322,201245,0,2,P7_T2_DEVICE3-1_92,2,SIMETRIC Recording 24.tsv,Recording 24,12.0,434979.0,10044,8802,0.8763440860215054,192,365.1875,161.0,470.4152629682713,100.0,406.0,306.0,70116.0,2745.0,0.9540609704588934,0.3484111406494571,0,20.0
P7-abort,1,3,DEVICE2-1,N,254897,280417,25520.0,,,,,,P7-abort,P7,,True,ATG,1,DEVICE2-1,254897,280417,25520,0,3,P7_T3_DEVICE2-1_93,2,SIMETRIC Recording 24.tsv,Recording 24,12.0,434979.0,1273,1145,0.8994501178318932,36,327.25,220.0,269.08600590039714,115.25,441.0,325.75,11781.0,1183.0,1.4106583072100314,0.46163793103448275,0,20.0
P7-abort,1,4,DEVICE2-1,N,1918,149438,147520.0,,,,,,P7-abort,P7,,True,ATG,1,DEVICE2-1,1918,149438,147520,0,4,P7_T4_DEVICE2-1_94,3,SIMETRIC Recording 24.tsv,Recording 24,12.0,434979.0,7362,6432,0.8736756316218419,135,339.037037037037,140.0,465.75320810148696,81.0,330.5,249.5,45770.0,2745.0,0.9151301518438177,0.31026301518438176,0,20.0
P7-abort,1,5,DEVICE1-1,N,272340,590525,318185.0,292686.0,455675.0,509777.0,492884/518882,577659.0,P7-abort,P7,,True,MST,1,DEVICE1-1,272340,590525,318185,0,5,P7_T5_DEVICE1-1_95,3,SIMETRIC Recording 24.tsv,Recording 24,12.0,434979.0,8118,7126,0.8778024143877803,201,347.25373134328356,180.0,438.07910278682255,100.0,400.0,300.0,69798.0,3006.0,0.6317079686345993,0.2193629492276506,0,20.0
P7-abort,1,1,DEVICE3-1,N,8908,430242,421334.0,,,,,,P7-abort,P7,,True,CON,1,DEVICE3-1,8908,430242,421334,0,1,P7_T1_DEVICE3-1_91,1,SIMETRIC Recording 25.tsv,Recording 25,26.0,291172.0,14088,12228,0.8679727427597955,127,749.9842519685039,320.0,1180.2254895142867,120.0,731.0,611.0,95248.0,7213.0,0.30142357369687706,0.22606293344472556,0,20.0
P7-abort,1,2,DEVICE3-1,N,30077,231322,201245.0,,,,,,P7-abort,P7,,True,CON,1,DEVICE3-1,30077,231322,201245,0,2,P7_T2_DEVICE3-1_92,2,SIMETRIC Recording 25.tsv,Recording 25,26.0,291172.0,10044,8875,0.8836121067303863,127,749.9842519685039,320.0,1180.2254895142867,120.0,731.0,611.0,95248.0,7213.0,0.6310715794181222,0.4732937464284827,0,20.0
P7-abort,1,3,DEVICE2-1,N,254897,280417,25520.0,,,,,,P7-abort,P7,,True,ATG,1,DEVICE2-1,254897,280417,25520,0,3,P7_T3_DEVICE2-1_93,2,SIMETRIC Recording 25.tsv,Recording 25,26.0,291172.0,1274,1060,0.8320251177394035,0,,,,,,,0.0,,0.0,0.0,0,20.0
P7-abort,1,4,DEVICE2-1,N,1918,149438,147520.0,,,,,,P7-abort,P7,,True,ATG,1,DEVICE2-1,1918,149438,147520,0,4,P7_T4_DEVICE2-1_94,3,SIMETRIC Recording 25.tsv,Recording 25,26.0,291172.0,7363,6536,0.887681651500747,79,774.0379746835443,280.0,1171.6981369706366,120.0,721.0,601.0,61149.0,5049.0,0.5355206073752711,0.4145132863340564,0,20.0
P7-abort,1,5,DEVICE1-1,N,272340,590525,318185.0,292686.0,455675.0,509777.0,492884/518882,577659.0,P7-abort,P7,,True,MST,1,DEVICE1-1,272340,590525,318185,0,5,P7_T5_DEVICE1-1_95,3,SIMETRIC Recording 25.tsv,Recording 25,26.0,291172.0,940,777,0.8265957446808511,0,,,,,,,0.0,,0.0,0.0,0,20.0
P7-abort,1,1,DEVICE3-1,N,8908,430242,421334.0,,,,,,P7-abort,P7,,True,CON,1,DEVICE3-1,8908,430242,421334,0,1,P7_T1_DEVICE3-1_91,1,SIMETRIC Recording 26.tsv,Recording 26,42.0,612771.0,21029,19391,0.922107565742546,296,705.1418918918919,330.5,1117.2035094347661,120.0,821.25,701.25,208722.0,12522.0,0.7025305339706741,0.49538370983590213,1,20.0
P7-abort,1,2,DEVICE3-1,N,30077,231322,201245.0,,,,,,P7-abort,P7,,True,CON,1,DEVICE3-1,30077,231322,201245,0,2,P7_T2_DEVICE3-1_92,2,SIMETRIC Recording 26.tsv,Recording 26,42.0,612771.0,10045,9202,0.9160776505724241,120,792.7166666666667,340.0,1023.4212123417944,140.75,1086.25,945.5,95126.0,6171.0,0.5962881065368083,0.47268752018683696,0,20.0
P7-abort,1,3,DEVICE2-1,N,254897,280417,25520.0,,,,,,P7-abort,P7,,True,ATG,1,DEVICE2-1,254897,280417,25520,0,3,P7_T3_DEVICE2-1_93,2,SIMETRIC Recording 26.tsv,Recording 26,42.0,612771.0,1274,1154,0.9058084772370487,6,350.3333333333333,400.0,237.28520111179847,160.0,475.75,315.75,2102.0,661.0,0.23510971786833856,0.0823667711598746,0,20.0
P7-abort,1,4,DEVICE2-1,N,1918,149438,147520.0,,,,,,P7-abort,P7,,True,ATG,1,DEVICE2-1,1918,149438,147520,0,4,P7_T4_DEVICE2-1_94,3,SIMETRIC Recording 26.tsv,Recording 26,42.0,612771.0,7363,6852,0.9305989406491919,138,682.3550724637681,310.5,942.9818120307506,140.0,821.75,681.75,94165.0,6171.0,0.935466377440347,0.6383202277657267,0,20.0
P7-abort,1,5,DEVICE1-1,N,272340,590525,318185.0,292686.0,455675.0,509777.0,492884/518882,577659.0,P7-abort,P7,,True,MST,1,DEVICE1-1,272340,590525,318185,0,5,P7_T5_DEVICE1-1_95,3,SIMETRIC Recording 26.tsv,Recording 26,42.0,612771.0,15880,14963,0.9422544080604534,122,772.655737704918,330.5,1389.2109108714062,120.0,891.75,771.75,94264.0,12522.0,0.3834247371811996,0.29625532316105413,1,20.0
P8-abort,1,1,DEVICE1-1,N,71377,327889,256512.0,106356,115486,144573.0,160831/247785,327248.0,P8-abort,P8,,True,MST,1,DEVICE1-1,71377,327889,256512,0,1,P8_T1_DEVICE1-1_96,1,SIMETRIC Recording 27.tsv,Recording 27,7.0,679897.0,12802,12024,0.9392282455866271,29,1155.896551724138,781.0,1475.3261224175774,260.0,1062.0,802.0,33521.0,6352.0,0.11305513972055888,0.13068004615768464,0,20.0
P8-abort,1,2,DEVICE2-1,N,338270,443580,105310.0,,,,,,P8-abort,P8,,True,ATG,1,DEVICE2-1,338270,443580,105310,0,2,P8_T2_DEVICE2-1_97,1,SIMETRIC Recording 27.tsv,Recording 27,7.0,679897.0,5256,4890,0.930365296803653,17,1429.8235294117646,1022.0,1135.1598585273198,761.0,1864.0,1103.0,24307.0,4288.0,0.16142816446681227,0.23081378786440035,0,20.0
P8-abort,1,3,DEVICE2-1,N,444972,675409,230437.0,,,,,,P8-abort,P8,,True,ATG,1,DEVICE2-1,444972,675409,230437,0,3,P8_T3_DEVICE2-1_98,1,SIMETRIC Recording 27.tsv,Recording 27,7.0,679897.0,11502,10597,0.9213180316466701,100,1316.14,791.5,1419.9297608179659,356.0,1738.0,1382.0,131614.0,8556.0,0.4339580883278293,0.5711495983717892,0,20.0
P8-abort,1,4,DEVICE2-1,N,10302,129078,118776.0,,,,,,P8-abort,P8,,True,ATG,1,DEVICE2-1,10302,129078,118776,0,4,P8_T4_DEVICE2-1_99,2,SIMETRIC Recording 27.tsv,Recording 27,7.0,679897.0,5928,5505,0.9286437246963563,14,996.1428571428571,701.5,1281.3210044651248,185.75,1017.0,831.25,13946.0,4788.0,0.11786892975011787,0.11741429244965312,0,20.0
P8-abort,1,5,DEVICE3-1,N,152158,265001,112843.0,,,,,,P8-abort,P8,,True,CON,1,DEVICE3-1,152158,265001,112843,0,5,P8_T5_DEVICE3-1_100,2,SIMETRIC Recording 27.tsv,Recording 27,7.0,679897.0,5632,5457,0.9689275568181818,8,623.625,341.0,581.2786244871854,225.0,1067.0,842.0,4989.0,1663.0,0.0708949602545129,0.044211869588720615,0,20.0
P8-abort,2,6,DEVICE3-2,N,288008,380167,92159.0,,,,,,P8-abort,P8,,True,CON,2,DEVICE3-2,288008,380167,92159,0,6,P8_T6_DEVICE3-2_101,2,SIMETRIC Recording 27.tsv,Recording 27,7.0,679897.0,4600,4128,0.8973913043478261,15,1575.0,1022.0,1279.6003840485291,711.5,2384.5,1673.0,23625.0,4288.0,0.1627621827493788,0.2563504378302716,0,20.0
P8-abort,2,7,DEVICE1-2,N,394329,673798,279469.0,413194/425116/540494,473190/551647,573568.0,588183,645487.0,P8-abort,P8,,True,MST,2,DEVICE1-2,394329,673798,279469,0,7,P8_T7_DEVICE1-2_102,2,SIMETRIC Recording 27.tsv,Recording 27,7.0,679897.0,13948,12960,0.9291654717522225,104,1305.7884615384614,822.0,1394.2379181089416,361.0,1678.0,1317.0,135802.0,8556.0,0.37213429754284016,0.48592867187416133,0,20.0
P8-abort,2,9,DEVICE2-2,N,8044,161021,152977.0,,,,,,P8-abort,P8,,True,ATG,2,DEVICE2-2,8044,161021,152977,0,9,P8_T9_DEVICE2-2_104,3,SIMETRIC Recording 27.tsv,Recording 27,7.0,679897.0,7635,7150,0.9364767518009168,14,996.1428571428571,701.5,1281.3210044651248,185.75,1017.0,831.25,13946.0,4788.0,0.09151702543519614,0.09116403119423182,0,20.0
P8-abort,3,10,DEVICE1-3,N,169388,589998,420610.0,181707/203412/233330/267354/371187,497898,528989.0,558907,579439.0,P8-abort,P8,,True,MST,3,DEVICE1-3,169388,589998,420610,0,10,P8_T10_DEVICE1-3_105,3,SIMETRIC Recording 27.tsv,Recording 27,7.0,679897.0,20993,19427,0.9254037059972372,93,1368.6989247311828,1062.0,1191.163596117772,441.0,1864.0,1423.0,127289.0,6352.0,0.22110743919545423,0.30262951427688356,0,20.0
P8-abort,1,1,DEVICE1-1,N,71377,327889,256512.0,106356,115486,144573.0,160831/247785,327248.0,P8-abort,P8,,True,MST,1,DEVICE1-1,71377,327889,256512,0,1,P8_T1_DEVICE1-1_96,1,SIMETRIC Recording 28.tsv,Recording 28,1.0,1043148.0,12802,11948,0.9332916731760662,74,804.7027027027027,360.5,1015.7701272923144,160.25,876.0,715.75,59548.0,4208.0,0.28848552894211577,0.23214508483033933,0,20.0
P8-abort,1,2,DEVICE2-1,N,338270,443580,105310.0,,,,,,P8-abort,P8,,True,ATG,1,DEVICE2-1,338270,443580,105310,0,2,P8_T2_DEVICE2-1_97,1,SIMETRIC Recording 28.tsv,Recording 28,1.0,1043148.0,5256,4883,0.9290334855403348,27,1102.6666666666667,741.0,1185.8128014151307,230.0,1503.0,1273.0,29772.0,5049.0,0.2563859082708195,0.2827081948532903,0,20.0
P8-abort,1,3,DEVICE2-1,N,444972,675409,230437.0,,,,,,P8-abort,P8,,True,ATG,1,DEVICE2-1,444972,675409,230437,0,3,P8_T3_DEVICE2-1_98,1,SIMETRIC Recording 28.tsv,Recording 28,1.0,1043148.0,11501,10557,0.9179201808538388,16,2584.6875,2123.5,2406.0636100970673,751.0,2890.25,2139.25,41355.0,8075.0,0.06943329413245268,0.1794633674279738,0,20.0
P8-abort,1,4,DEVICE2-1,N,10302,129078,118776.0,,,,,,P8-abort,P8,,True,ATG,1,DEVICE2-1,10302,129078,118776,0,4,P8_T4_DEVICE2-1_99,2,SIMETRIC Recording 28.tsv,Recording 28,1.0,1043148.0,5928,5671,0.956646423751687,17,1208.0,922.0,1037.6512540348033,280.0,2124.0,1844.0,20536.0,3366.0,0.14312655755371456,0.1728968815248872,0,20.0
P8-abort,1,5,DEVICE3-1,N,152158,265001,112843.0,,,,,,P8-abort,P8,,True,CON,1,DEVICE3-1,152158,265001,112843,0,5,P8_T5_DEVICE3-1_100,2,SIMETRIC Recording 28.tsv,Recording 28,1.0,1043148.0,5632,5257,0.9334161931818182,22,1222.2272727272727,781.5,1258.3602683393435,225.75,1708.0,1482.25,26889.0,4208.0,0.1949611406999105,0.2382868232854497,0,20.0
P8-abort,2,6,DEVICE3-2,N,288008,380167,92159.0,,,,,,P8-abort,P8,,True,CON,2,DEVICE3-2,288008,380167,92159,0,6,P8_T6_DEVICE3-2_101,2,SIMETRIC Recording 28.tsv,Recording 28,1.0,1043148.0,4599,4278,0.9302022178734507,30,870.8666666666667,511.0,1004.8295011775785,125.0,1166.75,1041.75,26126.0,4048.0,0.3255243654987576,0.28348831910068467,0,20.0
P8-abort,2,7,DEVICE1-2,N,394329,673798,279469.0,413194/425116/540494,473190/551647,573568.0,588183,645487.0,P8-abort,P8,,True,MST,2,DEVICE1-2,394329,673798,279469,0,7,P8_T7_DEVICE1-2_102,2,SIMETRIC Recording 28.tsv,Recording 28,1.0,1043148.0,13948,12826,0.919558359621451,32,2033.03125,1562.5,2016.7967173198035,631.0,2685.0,2054.0,65057.0,8075.0,0.11450286078241237,0.23278789418504378,0,20.0
P8-abort,2,8,DEVICE1-2,N,695529,1025551,330022.0,697270/830498/902772,934120,969822.0,958501/982883,1009006.0,P8-abort,P8,,True,MST,2,DEVICE1-2,695529,1025551,330022,0,8,P8_T8_DEVICE1-2_103,2,SIMETRIC Recording 28.tsv,Recording 28,1.0,1043148.0,16471,15371,0.9332159553154028,82,1657.1097560975609,1573.0,1362.5138169520062,475.25,2394.25,1919.0,135883.0,7273.0,0.24846828393258633,0.4117392173855076,0,20.0
P8-abort,2,9,DEVICE2-2,N,8044,161021,152977.0,,,,,,P8-abort,P8,,True,ATG,2,DEVICE2-2,8044,161021,152977,0,9,P8_T9_DEVICE2-2_104,3,SIMETRIC Recording 28.tsv,Recording 28,1.0,1043148.0,7635,7223,0.94603798297315,24,1058.5,731.0,972.8045069260587,196.0,1908.75,1712.75,25404.0,3366.0,0.1568863293174791,0.16606417958255162,0,20.0
P8-abort,3,10,DEVICE1-3,N,169388,589998,420610.0,181707/203412/233330/267354/371187,497898,528989.0,558907,579439.0,P8-abort,P8,,True,MST,3,DEVICE1-3,169388,589998,420610,0,10,P8_T10_DEVICE1-3_105,3,SIMETRIC Recording 28.tsv,Recording 28,1.0,1043148.0,20992,19424,0.9253048780487805,110,1109.2545454545455,501.0,1474.0817227812931,160.0,1602.75,1442.75,122018.0,8075.0,0.26152492808064476,0.2900977152231283,0,20.0
P8-abort,1,1,DEVICE1-1,N,71377,327889,256512.0,106356,115486,144573.0,160831/247785,327248.0,P8-abort,P8,,True,MST,1,DEVICE1-1,71377,327889,256512,0,1,P8_T1_DEVICE1-1_96,1,SIMETRIC Recording 29.tsv,Recording 29,5.0,702757.0,12802,11664,0.9111076394313389,83,1399.5903614457832,1102.0,1425.6697273959642,200.0,2224.0,2024.0,116166.0,5710.0,0.32357160678642716,0.4528677020958084,0,20.0
P8-abort,1,2,DEVICE2-1,N,338270,443580,105310.0,,,,,,P8-abort,P8,,True,ATG,1,DEVICE2-1,338270,443580,105310,0,2,P8_T2_DEVICE2-1_97,1,SIMETRIC Recording 29.tsv,Recording 29,5.0,702757.0,5256,4738,0.9014459665144596,26,2164.576923076923,1653.0,1877.732103854582,867.0,3285.75,2418.75,56279.0,7333.0,0.24689013389041875,0.5344126863545722,0,20.0
P8-abort,1,3,DEVICE2-1,N,444972,675409,230437.0,,,,,,P8-abort,P8,,True,ATG,1,DEVICE2-1,444972,675409,230437,0,3,P8_T3_DEVICE2-1_98,1,SIMETRIC Recording 29.tsv,Recording 29,5.0,702757.0,11501,10233,0.8897487175028258,11,2379.0,1803.0,1650.9285266176728,1142.5,3526.5,2384.0,26169.0,5730.0,0.04773538971606122,0.11356249213450965,0,20.0
P8-abort,1,4,DEVICE2-1,N,10302,129078,118776.0,,,,,,P8-abort,P8,,True,ATG,1,DEVICE2-1,10302,129078,118776,0,4,P8_T4_DEVICE2-1_99,2,SIMETRIC Recording 29.tsv,Recording 29,5.0,702757.0,5928,5406,0.9119433198380567,25,1723.84,1423.0,1498.2694094632425,461.0,2765.0,2304.0,43096.0,5710.0,0.21048023169663907,0.3628342426079343,0,20.0
P8-abort,1,5,DEVICE3-1,N,152158,265001,112843.0,,,,,,P8-abort,P8,,True,CON,1,DEVICE3-1,152158,265001,112843,0,5,P8_T5_DEVICE3-1_100,2,SIMETRIC Recording 29.tsv,Recording 29,5.0,702757.0,5632,5053,0.8971946022727273,32,1787.5,1833.0,1472.332886623218,220.0,2399.25,2179.25,57200.0,5209.0,0.2835798410180516,0.5068989658197672,0,20.0
P8-abort,2,6,DEVICE3-2,N,288008,380167,92159.0,,,,,,P8-abort,P8,,True,CON,2,DEVICE3-2,288008,380167,92159,0,6,P8_T6_DEVICE3-2_101,2,SIMETRIC Recording 29.tsv,Recording 29,5.0,702757.0,4599,4326,0.9406392694063926,26,1657.576923076923,1623.0,1390.326873021648,691.25,2288.75,1597.5,43097.0,6511.0,0.2821211167655899,0.46763745266333184,0,20.0
P8-abort,2,7,DEVICE1-2,N,394329,673798,279469.0,413194/425116/540494,473190/551647,573568.0,588183,645487.0,P8-abort,P8,,True,MST,2,DEVICE1-2,394329,673798,279469,0,7,P8_T7_DEVICE1-2_102,2,SIMETRIC Recording 29.tsv,Recording 29,5.0,702757.0,13948,12359,0.8860768568970462,25,2434.84,1824.0,1738.7789700438254,1222.0,3647.0,2425.0,60871.0,7333.0,0.08945535998625966,0.21780948870894445,0,20.0
P8-abort,2,8,DEVICE1-2,N,695529,1025551,330022.0,697270/830498/902772,934120,969822.0,958501/982883,1009006.0,P8-abort,P8,,True,MST,2,DEVICE1-2,695529,1025551,330022,0,8,P8_T8_DEVICE1-2_103,2,SIMETRIC Recording 29.tsv,Recording 29,5.0,702757.0,361,284,0.7867036011080333,0,,,,,,,0.0,,0.0,0.0,0,20.0
P8-abort,2,9,DEVICE2-2,N,8044,161021,152977.0,,,,,,P8-abort,P8,,True,ATG,2,DEVICE2-2,8044,161021,152977,0,9,P8_T9_DEVICE2-2_104,3,SIMETRIC Recording 29.tsv,Recording 29,5.0,702757.0,7635,6950,0.9102815979043877,46,1111.5434782608695,441.0,1330.7703985373244,185.0,1678.0,1493.0,51131.0,5710.0,0.3006987978585016,0.334239787680501,0,20.0
P8-abort,3,10,DEVICE1-3,N,169388,589998,420610.0,181707/203412/233330/267354/371187,497898,528989.0,558907,579439.0,P8-abort,P8,,True,MST,3,DEVICE1-3,169388,589998,420610,0,10,P8_T10_DEVICE1-3_105,3,SIMETRIC Recording 29.tsv,Recording 29,5.0,702757.0,20993,19085,0.9091125613299671,92,1994.858695652174,1753.0,1560.8633887292006,857.0,2659.25,1802.25,183527.0,7333.0,0.21872993984926653,0.4363353225077863,0,20.0
P10,1,1,DEVICE3-1,Y,27242,139542,112300.0,,,,,,P10,P10,Intermediate,False,CON,1,DEVICE3-1,27242,139542,112300,1,1,P10_T1_DEVICE3-1_121,1,SIMETRIC Recording 31.tsv,Recording 31,9.0,2212592.0,5605,5254,0.9373773416592328,61,764.344262295082,221.0,1256.378205865918,100.0,982.0,882.0,46625.0,6512.0,0.5431878895814782,0.4151825467497774,0,20.0
P10,1,2,DEVICE2-1,Y,147769,352537,204768.0,,,,,,P10,P10,Intermediate,False,ATG,1,DEVICE2-1,147769,352537,204768,1,2,P10_T2_DEVICE2-1_122,1,SIMETRIC Recording 31.tsv,Recording 31,9.0,2212592.0,10220,8471,0.8288649706457926,334,238.92814371257484,140.0,335.79140652351776,80.0,240.0,160.0,79802.0,3907.0,1.6311142365994686,0.3897190967338647,0,20.0
P10,1,3,DEVICE1-1,Y,370742,524622,153880.0,412413.0,448458.0,468902.0,485656,506517.0,P10,P10,Intermediate,False,MST,1,DEVICE1-1,370742,524622,153880,1,3,P10_T3_DEVICE1-1_123,1,SIMETRIC Recording 31.tsv,Recording 31,9.0,2212592.0,7680,6954,0.90546875,18,1939.0,130.0,6631.819154207814,65.0,531.0,466.0,34902.0,28432.0,0.11697426566155446,0.2268131011177541,1,20.0
P10,2,4,DEVICE1-2,Y,542533,693981,151448.0,578486.0,621905.0,636668.0,647957,676613.0,P10,P10,Intermediate,False,MST,2,DEVICE1-2,542533,693981,151448,1,4,P10_T4_DEVICE1-2_124,1,SIMETRIC Recording 31.tsv,Recording 31,9.0,2212592.0,7558,6694,0.8856840433977242,114,414.0877192982456,200.0,504.8258888745091,100.0,576.0,476.0,47206.0,2765.0,0.752733611536633,0.31169774444033593,0,20.0
P10,2,5,DEVICE3-2,N,713855,841029,127174.0,,,,,,P10,P10,Intermediate,False,CON,2,DEVICE3-2,713855,841029,127174,0,5,P10_T5_DEVICE3-2_125,1,SIMETRIC Recording 31.tsv,Recording 31,9.0,2212592.0,6347,6096,0.9604537576807941,144,469.53472222222223,250.5,612.7021420477101,100.0,526.0,426.0,67613.0,3627.0,1.1323069180807397,0.5316574142513407,0,20.0
P10,2,6,DEVICE2-2,N,861878,1008954,147076.0,,,,,,P10,P10,Intermediate,False,ATG,2,DEVICE2-2,861878,1008954,147076,0,6,P10_T6_DEVICE2-2_126,1,SIMETRIC Recording 31.tsv,Recording 31,9.0,2212592.0,7341,6087,0.8291785860237025,298,179.63758389261744,120.0,240.26778592450825,80.0,200.75,120.75,53532.0,3447.0,2.026163344121407,0.3639750877097555,0,20.0
P10,4,13,DEVICE2-4,Y,11268,118712,107444.0,,,,,,P10,P10,Intermediate,False,ATG,4,DEVICE2-4,11268,118712,107444,1,13,P10_T13_DEVICE2-4_133,2,SIMETRIC Recording 31.tsv,Recording 31,9.0,2212592.0,5363,5118,0.9543166138355398,43,1029.2558139534883,480.0,1423.0041677987228,160.5,1302.0,1141.5,44258.0,6512.0,0.40020848069692116,0.4119169055507986,0,20.0
P10,5,14,DEVICE3-5 ,Y,164274,222932,58658.0,,,,,,P10,P10,Intermediate,False,CON,5,DEVICE3-5,164274,222932,58658,1,14,P10_T14_DEVICE3-5_134,2,SIMETRIC Recording 31.tsv,Recording 31,9.0,2212592.0,2928,2533,0.8650956284153005,128,258.671875,140.5,396.2449355720972,80.0,320.0,240.0,33110.0,3907.0,2.1821405434893792,0.5644583858979167,0,20.0
P10,5,15,DEVICE1-5 ,Y,387452,545295,157843.0,410351.0,450425.0,466782.0,493771,532210.0,P10,P10,Intermediate,False,MST,5,DEVICE1-5,387452,545295,157843,1,15,P10_T15_DEVICE1-5_135,2,SIMETRIC Recording 31.tsv,Recording 31,9.0,2212592.0,7878,7464,0.9474485910129474,10,3338.0,230.0,8838.437305315912,110.0,1312.75,1202.75,33380.0,28432.0,0.06335409235759584,0.2114759602896549,1,20.0
P10,5,16,DEVICE2-5 ,Y,667841,875905,208064.0,,,,,,P10,P10,Intermediate,False,ATG,5,DEVICE2-5,667841,875905,208064,1,16,P10_T16_DEVICE2-5_136,2,SIMETRIC Recording 31.tsv,Recording 31,9.0,2212592.0,10384,9468,0.9117873651771957,193,410.55440414507774,220.0,558.0497461339714,81.0,460.0,379.0,79237.0,3627.0,0.9275992002460781,0.38082993694247924,0,20.0
P10,1,1,DEVICE3-1,Y,27242,139542,112300.0,,,,,,P10,P10,Intermediate,False,CON,1,DEVICE3-1,27242,139542,112300,1,1,P10_T1_DEVICE3-1_121,1,SIMETRIC Recording 32.tsv,Recording 32,20.0,979773.0,5605,2826,0.504192685102587,13,1160.4615384615386,60.0,3842.0274945958895,60.0,80.0,20.0,15086.0,13945.0,0.1157613535173642,0.13433659839715048,1,20.0
P10,1,2,DEVICE2-1,Y,147769,352537,204768.0,,,,,,P10,P10,Intermediate,False,ATG,1,DEVICE2-1,147769,352537,204768,1,2,P10_T2_DEVICE2-1_122,1,SIMETRIC Recording 32.tsv,Recording 32,20.0,979773.0,10219,9758,0.9548879538115276,36,1186.638888888889,130.0,4017.40096617401,80.0,300.25,220.25,42719.0,23623.0,0.17580872011251758,0.20862146429129552,1,20.0
P10,1,3,DEVICE1-1,Y,370742,524622,153880.0,412413.0,448458.0,468902.0,485656.0,506517.0,P10,P10,Intermediate,False,MST,1,DEVICE1-1,370742,524622,153880,1,3,P10_T3_DEVICE1-1_123,1,SIMETRIC Recording 32.tsv,Recording 32,20.0,979773.0,7680,4300,0.5598958333333334,10,3999.3,1593.0,7392.702964560542,446.0,3361.5,2915.5,39993.0,24524.0,0.06498570314530804,0.2598973225890304,1,20.0
P10,2,4,DEVICE1-2,Y,542533,693981,151448.0,578486.0,621905.0,636668.0,647957.0,676613.0,P10,P10,Intermediate,False,MST,2,DEVICE1-2,542533,693981,151448,1,4,P10_T4_DEVICE1-2_124,1,SIMETRIC Recording 32.tsv,Recording 32,20.0,979773.0,7559,6520,0.8625479560788464,3,2084.0,1223.0,2565.260415630351,641.5,3096.0,2454.5,6252.0,4969.0,0.019808779250964026,0.04128149595900903,0,20.0
P10,2,5,DEVICE3-2,N,713855,841029,127174.0,,,,,,P10,P10,Intermediate,False,CON,2,DEVICE3-2,713855,841029,127174,0,5,P10_T5_DEVICE3-2_125,1,SIMETRIC Recording 32.tsv,Recording 32,20.0,979773.0,6347,6046,0.952576020167008,16,6720.8125,741.0,15741.265833126849,260.75,2664.75,2404.0,107533.0,59627.0,0.12581187978674885,0.8455580543192791,2,20.0
P10,2,6,DEVICE2-2,N,861878,1008954,147076.0,,,,,,P10,P10,Intermediate,False,ATG,2,DEVICE2-2,861878,1008954,147076,0,6,P10_T6_DEVICE2-2_126,1,SIMETRIC Recording 32.tsv,Recording 32,20.0,979773.0,5885,4175,0.7094307561597282,0,,,,,,,0.0,,0.0,0.0,0,20.0
P10,4,13,DEVICE2-4,Y,11268,118712,107444.0,,,,,,P10,P10,Intermediate,False,ATG,4,DEVICE2-4,11268,118712,107444,1,13,P10_T13_DEVICE2-4_133,2,SIMETRIC Recording 32.tsv,Recording 32,20.0,979773.0,5362,2490,0.46437896307348003,16,964.1875,60.0,3462.259632451038,60.0,115.25,55.25,15427.0,13945.0,0.14891478351513346,0.14358177283049775,1,20.0
P10,5,14,DEVICE3-5 ,Y,164274,222932,58658.0,,,,,,P10,P10,Intermediate,False,CON,5,DEVICE3-5,164274,222932,58658,1,14,P10_T14_DEVICE3-5_134,2,SIMETRIC Recording 32.tsv,Recording 32,20.0,979773.0,2928,2790,0.9528688524590164,1,23623.0,23623.0,,23623.0,23623.0,0.0,23623.0,23623.0,0.017047972996010775,0.4027242660847625,1,20.0
P10,5,15,DEVICE1-5 ,Y,387452,545295,157843.0,410351.0,450425.0,466782.0,493771.0,532210.0,P10,P10,Intermediate,False,MST,5,DEVICE1-5,387452,545295,157843,1,15,P10_T15_DEVICE1-5_135,2,SIMETRIC Recording 32.tsv,Recording 32,20.0,979773.0,7878,4676,0.5935516628585935,10,3999.3,1593.0,7392.702964560542,446.0,3361.5,2915.5,39993.0,24524.0,0.06335409235759584,0.253372021565733,1,20.0
P10,5,16,DEVICE2-5 ,Y,667841,875905,208064.0,,,,,,P10,P10,Intermediate,False,ATG,5,DEVICE2-5,667841,875905,208064,1,16,P10_T16_DEVICE2-5_136,2,SIMETRIC Recording 32.tsv,Recording 32,20.0,979773.0,10385,9837,0.9472315840154069,19,5988.684210526316,961.0,14499.595278078288,260.5,3366.0,3105.5,113785.0,59627.0,0.09131805598277454,0.546875,2,20.0
P11,1,1,DEVICE2-1,Y,21784,169833,148049.0,,,,,,P11,P11,Intermediate,False,ATG,1,DEVICE2-1,21784,169833,148049,1,1,P11_T1_DEVICE2-1_137,1,SIMETRIC Recording 33.tsv,Recording 33,2.0,188383.0,7389,7184,0.9722560562999053,15,3415.4666666666667,962.0,4990.659430614451,120.0,5399.5,5279.5,51232.0,17973.0,0.10131780694229613,0.34604759235118104,1,20.0
P11,1,2,DEVICE1-1,Y,16786,301357,284571.0,88427.0,137691.0,159808.0,230907.0,280099.0,P11,P11,Intermediate,False,MST,1,DEVICE1-1,16786,301357,284571,1,2,P11_T2_DEVICE1-1_138,2,SIMETRIC Recording 33.tsv,Recording 33,2.0,188383.0,8565,8305,0.9696438995913602,15,3415.4666666666667,962.0,4990.659430614451,120.0,5399.5,5279.5,51232.0,17973.0,0.052710922757413785,0.18003239964718823,1,20.0
P11,1,1,DEVICE2-1,Y,21784,169833,148049.0,,,,,,P11,P11,Intermediate,False,ATG,1,DEVICE2-1,21784,169833,148049,1,1,P11_T1_DEVICE2-1_137,1,SIMETRIC Recording 34.tsv,Recording 34,32.0,2536221.0,7389,7133,0.9653539044525646,12,4080.6666666666665,3677.0,3599.0496051883006,465.75,7017.5,6551.75,48968.0,10158.0,0.0810542455538369,0.33075535802335715,1,20.0
P11,1,2,DEVICE1-1,Y,16786,301357,284571.0,88427.0,137691.0,159808.0,230907.0,280099.0,P11,P11,Intermediate,False,MST,1,DEVICE1-1,16786,301357,284571,1,2,P11_T2_DEVICE1-1_138,2,SIMETRIC Recording 34.tsv,Recording 34,32.0,2536221.0,14203,13773,0.969724706048018,15,3639.9333333333334,3346.0,3373.24681377848,370.5,5449.5,5079.0,54599.0,10158.0,0.052710922757413785,0.19186424477546904,1,20.0
P13,1,1,DEVICE2-1,Y,24350,197115,172765.0,,,,,,P13,P13,Novice,False,ATG,1,DEVICE2-1,24350,197115,172765,1,1,P13_T1_DEVICE2-1_167,1,SIMETRIC Recording 36.tsv,Recording 36,8.0,703621.0,8623,8223,0.9536124318682593,85,756.8705882352941,281.0,1465.7105686828008,120.0,681.0,561.0,64334.0,10779.0,0.4919978004804214,0.3723786646600874,1,20.0
P13,1,2,DEVICE3-1,N,235174,406259,171085.0,,,,,,P13,P13,Novice,False,CON,1,DEVICE3-1,235174,406259,171085,0,2,P13_T2_DEVICE3-1_168,1,SIMETRIC Recording 36.tsv,Recording 36,8.0,703621.0,8539,8066,0.9446070968497482,134,715.7313432835821,380.5,1092.7519730704264,140.0,756.0,616.0,95908.0,9697.0,0.7832364029575941,0.5605868427974399,0,20.0
P13,1,3,DEVICE1-1,Y,450961,666802,215841.0,503630.0,528757.0,613250.0,625781.0,651857.0,P13,P13,Novice,False,MST,1,DEVICE1-1,450961,666802,215841,1,3,P13_T3_DEVICE1-1_169,1,SIMETRIC Recording 36.tsv,Recording 36,8.0,703621.0,10773,10182,0.9451406293511556,53,505.7358490566038,281.0,561.9541163497588,120.0,661.0,541.0,26804.0,2645.0,0.245551123280563,0.12418400581909832,0,20.0
P13,2,4,DEVICE1-2,Y,15951,238369,222418.0,106588.0,121495.0,163236.0,181721.0,224058.0,P13,P13,Novice,False,MST,2,DEVICE1-2,15951,238369,222418,1,4,P13_T4_DEVICE1-2_170,2,SIMETRIC Recording 36.tsv,Recording 36,8.0,703621.0,11101,10559,0.9511755697684893,87,743.6206896551724,281.0,1451.2511061340601,120.0,671.0,551.0,64695.0,10779.0,0.3911553920995603,0.2908712424354144,1,20.0
P13,2,5,DEVICE2-2,N,258823,392263,133440.0,,,,,,P13,P13,Novice,False,ATG,2,DEVICE2-2,258823,392263,133440,0,5,P13_T5_DEVICE2-2_171,2,SIMETRIC Recording 36.tsv,Recording 36,8.0,703621.0,6660,6270,0.9414414414414415,112,767.0625,390.5,1169.123166326175,140.0,946.25,806.25,85911.0,9697.0,0.8393285371702638,0.6438174460431655,0,20.0
P13,2,6,DEVICE3-2,N,416861,532914,116053.0,,,,,,P13,P13,Novice,False,CON,2,DEVICE3-2,416861,532914,116053,0,6,P13_T6_DEVICE3-2_172,2,SIMETRIC Recording 36.tsv,Recording 36,8.0,703621.0,5793,5429,0.9371655446228206,59,475.7118644067797,280.0,541.0740930474806,120.0,621.5,501.5,28067.0,2645.0,0.5083884087442806,0.2418463977665377,0,20.0
P13,3,7,DEVICE1-3,N,549635,697516,147881.0,601513.0,615824.0,674857.0,690361.0,,P13,P13,Novice,False,MST,3,DEVICE1-3,549635,697516,147881,0,7,P13_T7_DEVICE1-3_173,2,SIMETRIC Recording 36.tsv,Recording 36,8.0,703621.0,7381,7004,0.948922910174773,5,364.6,381.0,273.0463330645552,100.0,581.0,481.0,1823.0,681.0,0.03381096963098708,0.012327479527457889,0,20.0
P13,3,8,DEVICE2-3,Y,76647,144712,68065.0,,,,,,P13,P13,Novice,False,ATG,3,DEVICE2-3,76647,144712,68065,1,8,P13_T8_DEVICE2-3_174,3,SIMETRIC Recording 36.tsv,Recording 36,8.0,703621.0,3398,3211,0.9449676280164803,18,1615.0555555555557,571.0,2683.761768865885,170.75,1432.75,1262.0,29071.0,10779.0,0.2644530963050026,0.4271064423712628,1,20.0
P13,3,9,DEVICE3-3,N,163358,319269,155911.0,,,,,,P13,P13,Novice,False,CON,3,DEVICE3-3,163358,319269,155911,0,9,P13_T9_DEVICE3-3_175,3,SIMETRIC Recording 36.tsv,Recording 36,8.0,703621.0,7782,7443,0.956437933693138,105,544.1714285714286,340.0,616.0285560492564,120.0,621.0,501.0,57138.0,2544.0,0.6734611412921474,0.3664783113442926,0,20.0
P13,4,10,DEVICE1-4,Y,336618,471755,135137.0,354244.0,386560.0,414958.0,426709.0,458045.0,P13,P13,Novice,False,MST,4,DEVICE1-4,336618,471755,135137,1,10,P13_T10_DEVICE1-4_176,3,SIMETRIC Recording 36.tsv,Recording 36,8.0,703621.0,6744,6266,0.9291221826809015,58,728.1551724137931,290.5,1431.4883409360814,120.0,621.75,501.75,42233.0,9697.0,0.42919407712173574,0.3125198872255563,0,20.0
P13,4,11,DEVICE2-4,N,480940,572006,91066.0,,,,,,P13,P13,Novice,False,ATG,4,DEVICE2-4,480940,572006,91066,0,11,P13_T11_DEVICE2-4_177,3,SIMETRIC Recording 36.tsv,Recording 36,8.0,703621.0,4545,4361,0.9595159515951596,17,782.5294117647059,621.0,780.2789659512054,200.0,962.0,762.0,13303.0,2645.0,0.1866777941273362,0.14608086442799728,0,20.0
P13,4,12,DEVICE3-4,Y,586250,672426,86176.0,,,,,,P13,P13,Novice,False,CON,4,DEVICE3-4,586250,672426,86176,1,12,P13_T12_DEVICE3-4_178,3,SIMETRIC Recording 36.tsv,Recording 36,8.0,703621.0,4301,4024,0.9355963729365264,5,364.6,381.0,273.0463330645552,100.0,581.0,481.0,1823.0,681.0,0.05802079465280356,0.02115438173041218,0,20.0
P13,1,1,DEVICE2-1,Y,24350,197115,172765.0,,,,,,P13,P13,Novice,False,ATG,1,DEVICE2-1,24350,197115,172765,1,1,P13_T1_DEVICE2-1_167,1,SIMETRIC Recording 37.tsv,Recording 37,9.0,714362.0,8623,8310,0.9637017279369129,34,1317.0588235294117,641.0,1790.7970282628173,175.0,1277.0,1102.0,44780.0,7514.0,0.19679912019216858,0.2591960177119208,0,20.0
P13,1,2,DEVICE3-1,N,235174,406259,171085.0,,,,,,P13,P13,Novice,False,CON,1,DEVICE3-1,235174,406259,171085,0,2,P13_T2_DEVICE3-1_168,1,SIMETRIC Recording 37.tsv,Recording 37,9.0,714362.0,8539,8062,0.9441386579224733,71,844.3521126760563,381.0,1292.2414093193881,160.0,962.0,802.0,59949.0,7934.0,0.41499839261185956,0.35040476955899114,0,20.0
P13,1,3,DEVICE1-1,Y,450961,666802,215841.0,503630.0,528757.0,613250.0,625781.0,651857.0,P13,P13,Novice,False,MST,1,DEVICE1-1,450961,666802,215841,1,3,P13_T3_DEVICE1-1_169,1,SIMETRIC Recording 37.tsv,Recording 37,9.0,714362.0,10773,10204,0.9471827717441752,68,1152.6470588235295,571.0,1654.3730540393599,260.75,1292.75,1032.0,78380.0,10880.0,0.31504672420902424,0.3631376800515194,1,20.0
P13,2,4,DEVICE1-2,Y,15951,238369,222418.0,106588.0,121495.0,163236.0,181721.0,224058.0,P13,P13,Novice,False,MST,2,DEVICE1-2,15951,238369,222418,1,4,P13_T4_DEVICE1-2_170,2,SIMETRIC Recording 37.tsv,Recording 37,9.0,714362.0,11101,10649,0.9592829474822088,34,1317.0588235294117,641.0,1790.7970282628173,175.0,1277.0,1102.0,44780.0,7514.0,0.152865325648104,0.20133262595653229,0,20.0
P13,2,5,DEVICE2-2,N,258823,392263,133440.0,,,,,,P13,P13,Novice,False,ATG,2,DEVICE2-2,258823,392263,133440,0,5,P13_T5_DEVICE2-2_171,2,SIMETRIC Recording 37.tsv,Recording 37,9.0,714362.0,6660,6344,0.9525525525525526,62,895.5,381.0,1367.1594550050977,145.75,962.0,816.25,55521.0,7934.0,0.4646282973621103,0.4160746402877698,0,20.0
P13,2,6,DEVICE3-2,N,416861,532914,116053.0,,,,,,P13,P13,Novice,False,CON,2,DEVICE3-2,416861,532914,116053,0,6,P13_T6_DEVICE3-2_172,2,SIMETRIC Recording 37.tsv,Recording 37,9.0,714362.0,5793,5432,0.9376834110132919,49,1169.9183673469388,662.0,1366.1632076234325,301.0,1503.0,1202.0,57326.0,6091.0,0.42222088183847034,0.493963964740248,0,20.0
P13,3,7,DEVICE1-3,N,549635,697516,147881.0,601513.0,615824.0,674857.0,690361.0,,P13,P13,Novice,False,MST,3,DEVICE1-3,549635,697516,147881,0,7,P13_T7_DEVICE1-3_173,2,SIMETRIC Recording 37.tsv,Recording 37,9.0,714362.0,7381,7023,0.951497087115567,31,1205.967741935484,561.0,1988.7184731860357,260.5,1302.5,1042.0,37385.0,10880.0,0.20962801171211987,0.2528046199308904,1,20.0
P13,3,8,DEVICE2-3,Y,76647,144712,68065.0,,,,,,P13,P13,Novice,False,ATG,3,DEVICE2-3,76647,144712,68065,1,8,P13_T8_DEVICE2-3_174,3,SIMETRIC Recording 37.tsv,Recording 37,9.0,714362.0,3398,3322,0.9776339022954679,15,1811.3333333333333,1102.0,2080.995972628308,561.0,1513.0,952.0,27170.0,7514.0,0.22037758025416881,0.39917725703371776,0,20.0
P13,3,9,DEVICE3-3,N,163358,319269,155911.0,,,,,,P13,P13,Novice,False,CON,3,DEVICE3-3,163358,319269,155911,0,9,P13_T9_DEVICE3-3_175,3,SIMETRIC Recording 37.tsv,Recording 37,9.0,714362.0,7782,7390,0.949627345155487,42,922.1666666666666,521.0,1147.8149956450484,246.0,1007.0,761.0,38731.0,5229.0,0.269384456516859,0.24841736631796346,0,20.0
P13,4,10,DEVICE1-4,Y,336618,471755,135137.0,354244.0,386560.0,414958.0,426709.0,458045.0,P13,P13,Novice,False,MST,4,DEVICE1-4,336618,471755,135137,1,10,P13_T10_DEVICE1-4_176,3,SIMETRIC Recording 37.tsv,Recording 37,9.0,714362.0,6745,6389,0.9472201630837658,45,996.9555555555555,341.0,1533.5290991630377,160.0,1262.0,1102.0,44863.0,7934.0,0.33299540466341565,0.3319816186536626,0,20.0
P13,4,11,DEVICE2-4,N,480940,572006,91066.0,,,,,,P13,P13,Novice,False,ATG,4,DEVICE2-4,480940,572006,91066,0,11,P13_T11_DEVICE2-4_177,3,SIMETRIC Recording 37.tsv,Recording 37,9.0,714362.0,4545,4228,0.9302530253025303,36,1120.9166666666667,611.0,1281.2737273064308,291.0,1292.75,1001.75,40353.0,6091.0,0.39531768168141784,0.4431181780247293,0,20.0
P13,4,12,DEVICE3-4,Y,586250,672426,86176.0,,,,,,P13,P13,Novice,False,CON,4,DEVICE3-4,586250,672426,86176,1,12,P13_T12_DEVICE3-4_178,3,SIMETRIC Recording 37.tsv,Recording 37,9.0,714362.0,4302,4183,0.9723384472338448,7,2261.1428571428573,360.0,3907.857402233413,210.5,2043.5,1833.0,15828.0,10880.0,0.08122911251392499,0.18367062755291497,1,20.0
P13,1,1,DEVICE2-1,Y,24350,197115,172765.0,,,,,,P13,P13,Novice,False,ATG,1,DEVICE2-1,24350,197115,172765,1,1,P13_T1_DEVICE2-1_167,1,SIMETRIC Recording 38.tsv,Recording 38,1.0,1173103.0,8622,8028,0.9311064718162839,33,977.4242424242424,480.0,1188.107950437981,300.0,1363.0,1063.0,32255.0,6191.0,0.19101091077475185,0.18669869475877637,0,20.0
P13,1,2,DEVICE3-1,N,235174,406259,171085.0,,,,,,P13,P13,Novice,False,CON,1,DEVICE3-1,235174,406259,171085,0,2,P13_T2_DEVICE3-1_168,1,SIMETRIC Recording 38.tsv,Recording 38,1.0,1173103.0,8539,7805,0.9140414568450638,79,1044.139240506329,561.0,1431.9727985363877,201.0,1142.0,941.0,82487.0,9417.0,0.4617587748779846,0.4821404564982319,0,20.0
P13,1,3,DEVICE1-1,Y,450961,666802,215841.0,503630.0,528757.0,613250.0,625781.0,651857.0,P13,P13,Novice,False,MST,1,DEVICE1-1,450961,666802,215841,1,3,P13_T3_DEVICE1-1_169,1,SIMETRIC Recording 38.tsv,Recording 38,1.0,1173103.0,10772,9603,0.8914779056813962,104,652.8653846153846,320.5,940.8333742025964,175.25,646.25,471.0,67898.0,6792.0,0.4818361664373312,0.3145741541227107,0,20.0
P13,2,4,DEVICE1-2,Y,15951,238369,222418.0,106588.0,121495.0,163236.0,181721.0,224058.0,P13,P13,Novice,False,MST,2,DEVICE1-2,15951,238369,222418,1,4,P13_T4_DEVICE1-2_170,2,SIMETRIC Recording 38.tsv,Recording 38,1.0,1173103.0,11100,10403,0.9372072072072072,62,1088.3064516129032,661.0,1331.4709921393383,305.25,1377.25,1072.0,67475.0,6431.0,0.2787544173583073,0.3033702308266417,0,20.0
P13,2,5,DEVICE2-2,N,258823,392263,133440.0,,,,,,P13,P13,Novice,False,ATG,2,DEVICE2-2,258823,392263,133440,0,5,P13_T5_DEVICE2-2_171,2,SIMETRIC Recording 38.tsv,Recording 38,1.0,1173103.0,6660,6030,0.9054054054054054,63,1061.6031746031747,501.0,1531.9284761759577,200.5,1122.0,921.5,66881.0,9417.0,0.4721223021582734,0.5012065347721822,0,20.0
P13,2,6,DEVICE3-2,N,416861,532914,116053.0,,,,,,P13,P13,Novice,False,CON,2,DEVICE3-2,416861,532914,116053,0,6,P13_T6_DEVICE3-2_172,2,SIMETRIC Recording 38.tsv,Recording 38,1.0,1173103.0,5792,5381,0.9290400552486188,50,544.52,260.0,669.3717810189564,165.75,531.0,365.25,27226.0,3206.0,0.4308376345290514,0.23459970875375905,0,20.0
P13,3,7,DEVICE1-3,N,549635,697516,147881.0,601513.0,615824.0,674857.0,690361.0,,P13,P13,Novice,False,MST,3,DEVICE1-3,549635,697516,147881,0,7,P13_T7_DEVICE1-3_173,2,SIMETRIC Recording 38.tsv,Recording 38,1.0,1173103.0,7381,6526,0.8841620376642731,53,718.622641509434,341.0,1115.1761024508655,200.0,662.0,462.0,38087.0,6792.0,0.358396278088463,0.25755168006708096,0,20.0
P13,3,8,DEVICE2-3,Y,76647,144712,68065.0,,,,,,P13,P13,Novice,False,ATG,3,DEVICE2-3,76647,144712,68065,1,8,P13_T8_DEVICE2-3_174,3,SIMETRIC Recording 38.tsv,Recording 38,1.0,1173103.0,3397,3076,0.9055048572269649,1,3025.0,3025.0,,3025.0,3025.0,0.0,3025.0,3025.0,0.014691838683611255,0.04444281201792404,0,20.0
P13,3,9,DEVICE3-3,N,163358,319269,155911.0,,,,,,P13,P13,Novice,False,CON,3,DEVICE3-3,163358,319269,155911,0,9,P13_T9_DEVICE3-3_175,3,SIMETRIC Recording 38.tsv,Recording 38,1.0,1173103.0,7781,7164,0.9207042796555712,114,998.061403508772,591.0,1206.41470793574,225.75,1357.0,1131.25,113779.0,6431.0,0.7311863819743315,0.7297689066198023,0,20.0
P13,4,10,DEVICE1-4,Y,336618,471755,135137.0,354244.0,386560.0,414958.0,426709.0,458045.0,P13,P13,Novice,False,MST,4,DEVICE1-4,336618,471755,135137,1,10,P13_T10_DEVICE1-4_176,3,SIMETRIC Recording 38.tsv,Recording 38,1.0,1173103.0,6745,6423,0.9522609340252038,17,1586.2941176470588,761.0,2393.791390365551,160.0,1843.0,1683.0,26967.0,9417.0,0.12579826398395702,0.19955304616796288,0,20.0
P13,4,11,DEVICE2-4,N,480940,572006,91066.0,,,,,,P13,P13,Novice,False,ATG,4,DEVICE2-4,480940,572006,91066,0,11,P13_T11_DEVICE2-4_177,3,SIMETRIC Recording 38.tsv,Recording 38,1.0,1173103.0,4545,4115,0.9053905390539054,51,584.5294117647059,260.0,721.6202700296376,170.5,551.0,380.5,29811.0,3206.0,0.5600333823820086,0.3273559835723541,0,20.0
P13,4,12,DEVICE3-4,Y,586250,672426,86176.0,,,,,,P13,P13,Novice,False,CON,4,DEVICE3-4,586250,672426,86176,1,12,P13_T12_DEVICE3-4_178,3,SIMETRIC Recording 38.tsv,Recording 38,1.0,1173103.0,4301,3855,0.8963031853057428,53,718.622641509434,341.0,1115.1761024508655,200.0,662.0,462.0,38087.0,6792.0,0.6150204233197177,0.4419676011882659,0,20.0
P14-abort,1,1,DEVICE3-1,N,18048,155252,137204.0,,,,,,P14-abort,P14,,True,CON,1,DEVICE3-1,18048,155252,137204,0,1,P14_T1_DEVICE3-1_182,1,SIMETRIC Recording 39.tsv,Recording 39,10.0,681503.0,6848,5920,0.8644859813084113,70,918.1428571428571,441.0,1233.4225187383474,160.25,1182.0,1021.75,64270.0,7113.0,0.5101892073117401,0.4684265764846506,0,20.0
P14-abort,1,2,DEVICE2-1,N,192716,420836,228120.0,,,,,,P14-abort,P14,,True,ATG,1,DEVICE2-1,192716,420836,228120,0,2,P14_T2_DEVICE2-1_183,1,SIMETRIC Recording 39.tsv,Recording 39,10.0,681503.0,11386,9496,0.8340066748638679,88,1128.6136363636363,551.0,1813.099831347574,155.25,1267.0,1111.75,99318.0,10178.0,0.38576187971243203,0.4353761178327196,1,20.0
P14-abort,1,3,DEVICE2-1,N,454176,660947,206771.0,,,,,,P14-abort,P14,,True,ATG,1,DEVICE2-1,454176,660947,206771,0,3,P14_T3_DEVICE2-1_184,1,SIMETRIC Recording 39.tsv,Recording 39,10.0,681503.0,10320,9494,0.9199612403100775,72,2025.3055555555557,841.0,2401.4792368536364,350.75,2970.75,2620.0,145822.0,8877.0,0.3482113062276625,0.7052342930101416,0,20.0
P14-abort,1,4,DEVICE2-1,N,52119,230793,178674.0,,,,,,P14-abort,P14,,True,ATG,1,DEVICE2-1,52119,230793,178674,0,4,P14_T4_DEVICE2-1_185,2,SIMETRIC Recording 39.tsv,Recording 39,10.0,681503.0,8918,7776,0.8719443821484638,82,906.2073170731708,511.0,1171.177625538963,180.25,1162.0,981.75,74309.0,7113.0,0.458936386939342,0.4158915119155557,0,20.0
P14-abort,1,5,DEVICE1-1,N,246496,1179503,933007.0,326865/570904/735893,848944/939211,528320/661244,978431.0,1145576.0,P14-abort,P14,,True,MST,1,DEVICE1-1,246496,1179503,933007,0,5,P14_T5_DEVICE1-1_186,2,SIMETRIC Recording 39.tsv,Recording 39,10.0,681503.0,21712,19114,0.8803426676492262,160,1565.93125,741.0,2129.0763259059127,255.0,1933.75,1678.75,250549.0,10178.0,0.17148853116857646,0.2685392499734729,1,20.0
P14-abort,2,6,DEVICE1-2,N,9238,545376,536138.0,54820,,539416,,,P14-abort,P14,,True,MST,2,DEVICE1-2,9238,545376,536138,0,6,P14_T6_DEVICE1-2_187,3,SIMETRIC Recording 39.tsv,Recording 39,10.0,681503.0,26758,23336,0.8721130129307123,231,1097.008658008658,561.0,1512.7493513218615,181.0,1322.0,1141.0,253409.0,10178.0,0.4308592190816543,0.472656293715424,1,20.0
P14-abort,2,7,DEVICE3-2,N,573446,855042,281596.0,,,,,,P14-abort,P14,,True,CON,2,DEVICE3-2,573446,855042,281596,0,7,P14_T7_DEVICE3-2_188,3,SIMETRIC Recording 39.tsv,Recording 39,10.0,681503.0,5394,4937,0.9152762328513163,17,3743.3529411764707,2985.0,3351.819821775487,361.0,7213.0,6852.0,63637.0,8877.0,0.06037017571272319,0.2259868748135627,0,20.0
P14-abort,1,1,DEVICE3-1,N,18048,155252,137204.0,,,,,,P14-abort,P14,,True,CON,1,DEVICE3-1,18048,155252,137204,0,1,P14_T1_DEVICE3-1_182,1,SIMETRIC Recording 40.tsv,Recording 40,2.0,1200754.0,6848,6389,0.9329731308411215,73,1010.3424657534247,341.0,1374.253638031872,140.0,1382.0,1242.0,73755.0,6271.0,0.5320544590536719,0.5375572140753914,0,20.0
P14-abort,1,2,DEVICE2-1,N,192716,420836,228120.0,,,,,,P14-abort,P14,,True,ATG,1,DEVICE2-1,192716,420836,228120,0,2,P14_T2_DEVICE2-1_183,1,SIMETRIC Recording 40.tsv,Recording 40,2.0,1200754.0,11385,10494,0.9217391304347826,90,973.9777777777778,351.0,1529.5410634138475,145.75,1182.0,1036.25,87658.0,9577.0,0.3945291951604419,0.3842626687708224,0,20.0
P14-abort,1,3,DEVICE2-1,N,454176,660947,206771.0,,,,,,P14-abort,P14,,True,ATG,1,DEVICE2-1,454176,660947,206771,0,3,P14_T3_DEVICE2-1_184,1,SIMETRIC Recording 40.tsv,Recording 40,2.0,1200754.0,10320,9491,0.919670542635659,70,1807.5428571428572,1352.5,2002.2092051119923,225.25,2600.0,2374.75,126528.0,10238.0,0.33853876994356075,0.6119233354774122,1,20.0
P14-abort,1,4,DEVICE2-1,N,52119,230793,178674.0,,,,,,P14-abort,P14,,True,ATG,1,DEVICE2-1,52119,230793,178674,0,4,P14_T4_DEVICE2-1_185,2,SIMETRIC Recording 40.tsv,Recording 40,2.0,1200754.0,8917,8538,0.95749691600314,54,968.425925925926,250.5,1445.4774311083056,140.0,1122.0,982.0,52295.0,6271.0,0.30222640115517646,0.2926838823779621,0,20.0
P14-abort,1,5,DEVICE1-1,N,246496,1179503,933007.0,326865/570904/735893,848944/939211,528320/661244,978431.0,1145576.0,P14-abort,P14,,True,MST,1,DEVICE1-1,246496,1179503,933007,0,5,P14_T5_DEVICE1-1_186,2,SIMETRIC Recording 40.tsv,Recording 40,2.0,1200754.0,46566,43855,0.9417815573594468,266,1239.5263157894738,511.0,1674.461535883677,180.25,1578.0,1397.75,329714.0,10238.0,0.28509968306775835,0.3533885597857251,1,20.0
P14-abort,2,6,DEVICE1-2,N,9238,545376,536138.0,54820,,539416,,,P14-abort,P14,,True,MST,2,DEVICE1-2,9238,545376,536138,0,6,P14_T6_DEVICE1-2_187,3,SIMETRIC Recording 40.tsv,Recording 40,2.0,1200754.0,26759,24717,0.9236892260547853,213,1115.3521126760563,441.0,1589.706583511011,141.0,1483.0,1342.0,237570.0,10238.0,0.397285773438928,0.44311352674124943,1,20.0
P14-abort,2,7,DEVICE3-2,N,573446,855042,281596.0,,,,,,P14-abort,P14,,True,CON,2,DEVICE3-2,573446,855042,281596,0,7,P14_T7_DEVICE3-2_188,3,SIMETRIC Recording 40.tsv,Recording 40,2.0,1200754.0,14054,13036,0.9275651060196385,126,1268.0,511.0,1633.400702828305,200.0,1553.0,1353.0,159768.0,6772.0,0.4474495376354778,0.5673660137217859,0,20.0
P14-abort,2,8,DEVICE2-2,N,880708,1103844,223136.0,,,,,,P14-abort,P14,,True,ATG,2,DEVICE2-2,880708,1103844,223136,0,8,P14_T8_DEVICE2-2_189,3,SIMETRIC Recording 40.tsv,Recording 40,2.0,1200754.0,11137,11030,0.9903923857412229,0,,,,,,,0.0,,0.0,0.0,0,20.0
P14-abort,2,9,DEVICE2-2,N,1116321,1458788,342467.0,,,,,,P14-abort,P14,,True,ATG,2,DEVICE2-2,1116321,1458788,342467,0,9,P14_T9_DEVICE2-2_190,3,SIMETRIC Recording 40.tsv,Recording 40,2.0,1200754.0,4215,4075,0.966785290628707,0,,,,,,,0.0,,0.0,0.0,0,20.0
P14-abort,1,1,DEVICE3-1,N,18048,155252,137204.0,,,,,,P14-abort,P14,,True,CON,1,DEVICE3-1,18048,155252,137204,0,1,P14_T1_DEVICE3-1_182,1,SIMETRIC Recording 41.tsv,Recording 41,7.0,1484472.0,6848,6388,0.9328271028037384,97,968.7422680412371,381.0,1151.1205526061563,120.0,1282.0,1162.0,93968.0,4648.0,0.7069764729891257,0.68487799189528,0,20.0
P14-abort,1,2,DEVICE2-1,N,192716,420836,228120.0,,,,,,P14-abort,P14,,True,ATG,1,DEVICE2-1,192716,420836,228120,0,2,P14_T2_DEVICE2-1_183,1,SIMETRIC Recording 41.tsv,Recording 41,7.0,1484472.0,11385,10479,0.9204216073781292,112,1324.125,440.5,2024.0896346503775,140.75,1493.0,1352.25,148302.0,11901.0,0.4909696650885499,0.6501052077853762,1,20.0
P14-abort,1,3,DEVICE2-1,N,454176,660947,206771.0,,,,,,P14-abort,P14,,True,ATG,1,DEVICE2-1,454176,660947,206771,0,3,P14_T3_DEVICE2-1_184,1,SIMETRIC Recording 41.tsv,Recording 41,7.0,1484472.0,10320,9617,0.9318798449612403,68,1498.3382352941176,1032.0,1752.1458111672296,230.75,1998.25,1767.5,101887.0,8115.0,0.32886623365945905,0.4927528521891368,0,20.0
P14-abort,1,4,DEVICE2-1,N,52119,230793,178674.0,,,,,,P14-abort,P14,,True,ATG,1,DEVICE2-1,52119,230793,178674,0,4,P14_T4_DEVICE2-1_185,2,SIMETRIC Recording 41.tsv,Recording 41,7.0,1484472.0,8918,8035,0.900986768333707,102,1153.2254901960785,491.0,1463.980143151483,160.0,1357.0,1197.0,117629.0,7414.0,0.5708720910708889,0.6583442470644861,0,20.0
P14-abort,1,5,DEVICE1-1,N,246496,1179503,933007.0,326865/570904/735893,848944/939211,528320/661244,978431.0,1145576.0,P14-abort,P14,,True,MST,1,DEVICE1-1,246496,1179503,933007,0,5,P14_T5_DEVICE1-1_186,2,SIMETRIC Recording 41.tsv,Recording 41,7.0,1484472.0,46566,43170,0.9270712537044196,416,1262.5865384615386,471.0,1876.2176915880495,160.0,1603.0,1443.0,525236.0,11901.0,0.4458701810382988,0.5629496884803651,4,20.0
P14-abort,2,6,DEVICE1-2,N,9238,545376,536138.0,54820,,539416,,,P14-abort,P14,,True,MST,2,DEVICE1-2,9238,545376,536138,0,6,P14_T6_DEVICE1-2_187,3,SIMETRIC Recording 41.tsv,Recording 41,7.0,1484472.0,26759,24499,0.915542434321163,258,1269.3062015503876,491.0,1775.3332572670065,160.0,1523.0,1363.0,327481.0,11901.0,0.4812193875457438,0.610814752918092,1,20.0
P14-abort,2,7,DEVICE3-2,N,573446,855042,281596.0,,,,,,P14-abort,P14,,True,CON,2,DEVICE3-2,573446,855042,281596,0,7,P14_T7_DEVICE3-2_188,3,SIMETRIC Recording 41.tsv,Recording 41,7.0,1484472.0,14054,13204,0.9395189981499928,153,1035.9607843137255,481.0,1330.9798620523356,160.0,1483.0,1323.0,158502.0,8776.0,0.5433315814145088,0.5628702112245912,0,20.0
P14-abort,2,8,DEVICE2-2,N,880708,1103844,223136.0,,,,,,P14-abort,P14,,True,ATG,2,DEVICE2-2,880708,1103844,223136,0,8,P14_T8_DEVICE2-2_189,3,SIMETRIC Recording 41.tsv,Recording 41,7.0,1484472.0,11137,10310,0.9257430187662746,121,1138.0826446280992,400.0,1809.112579815386,160.0,1522.0,1362.0,137708.0,10719.0,0.5422701849992829,0.6171482862469525,2,20.0
P14-abort,2,9,DEVICE2-2,N,1116321,1458788,342467.0,,,,,,P14-abort,P14,,True,ATG,2,DEVICE2-2,1116321,1458788,342467,0,9,P14_T9_DEVICE2-2_190,3,SIMETRIC Recording 41.tsv,Recording 41,7.0,1484472.0,17093,15965,0.9340080734803721,103,2114.0873786407765,461.0,3344.528613893573,150.5,1933.5,1783.0,217751.0,17611.0,0.300758905237585,0.6358306055765957,3,20.0
P16,1,1,DEVICE3-1,Y,22275,248590,226315.0,,,,,,P16,P16,Intermediate,False,CON,1,DEVICE3-1,22275,248590,226315,1,1,P16_T1_DEVICE3-1_206,1,SIMETRIC Recording 43.tsv,Recording 43,33.0,1063316.0,11295,10793,0.9555555555555556,87,1114.3333333333333,641.0,1320.6889381371489,320.0,1232.5,912.5,96947.0,6672.0,0.3844199456509732,0.4283719594370678,0,20.0
P16,1,2,DEVICE2-1,N,270078,676068,405990.0,,,,,,P16,P16,Intermediate,False,ATG,1,DEVICE2-1,270078,676068,405990,0,2,P16_T2_DEVICE2-1_207,1,SIMETRIC Recording 43.tsv,Recording 43,33.0,1063316.0,20263,19312,0.9530671667571435,200,903.695,581.0,949.0995637362931,240.0,1147.0,907.0,180739.0,4749.0,0.49262297100913816,0.4451809157861031,0,20.0
P16,1,3,DEVICE1-1,N,698581,1051697,353116.0,739727,894010.0,,950631,,P16,P16,Intermediate,False,MST,1,DEVICE1-1,698581,1051697,353116,0,3,P16_T3_DEVICE1-1_208,1,SIMETRIC Recording 43.tsv,Recording 43,33.0,1063316.0,17624,16933,0.9607921016795279,104,865.3846153846154,320.5,1262.1960236393998,140.75,1067.0,926.25,90000.0,7173.0,0.29452078070662335,0.2548737525345779,0,20.0
P16,2,4,DEVICE1-2,N,58522,470494,411972.0,142575,213713.0,244174.0,263644,460898.0,P16,P16,Intermediate,False,MST,2,DEVICE1-2,58522,470494,411972,0,4,P16_T4_DEVICE1-2_209,2,SIMETRIC Recording 43.tsv,Recording 43,33.0,1063316.0,20561,19590,0.9527746704926803,174,1161.0919540229886,731.5,1195.6085507073303,320.0,1538.0,1218.0,202030.0,6672.0,0.4223588010835688,0.4903974056489276,0,20.0
P16,2,5,DEVICE3-2,Y,488709,616786,128077.0,,,,,,P16,P16,Intermediate,False,CON,2,DEVICE3-2,488709,616786,128077,1,5,P16_T5_DEVICE3-2_210,2,SIMETRIC Recording 43.tsv,Recording 43,33.0,1063316.0,6392,6201,0.970118898623279,78,657.3333333333334,471.0,720.2753381662895,220.25,751.25,531.0,51272.0,3867.0,0.6090086432380521,0.4003216814884796,0,20.0
P16,2,6,DEVICE2-2,N,638208,917264,279056.0,,,,,,P16,P16,Intermediate,False,ATG,2,DEVICE2-2,638208,917264,279056,0,6,P16_T6_DEVICE2-2_211,2,SIMETRIC Recording 43.tsv,Recording 43,33.0,1063316.0,13927,13427,0.9640985136784663,114,792.9736842105264,320.5,1201.7837072232958,160.0,796.0,636.0,90399.0,7173.0,0.408520153660914,0.32394573132274523,0,20.0
P16,3,7,DEVICE3-3,Y,14822,158930,144108.0,,,,,,P16,P16,Intermediate,False,CON,3,DEVICE3-3,14822,158930,144108,1,7,P16_T7_DEVICE3-3_212,3,SIMETRIC Recording 43.tsv,Recording 43,33.0,1063316.0,7192,6884,0.957174638487208,66,1068.8333333333333,631.0,1301.4162177393027,225.75,1142.0,916.25,70543.0,6672.0,0.45798984095261885,0.4895148083381908,0,20.0
P16,3,8,DEVICE2-3,Y,178806,301244,122438.0,,,,,,P16,P16,Intermediate,False,ATG,3,DEVICE2-3,178806,301244,122438,1,8,P16_T8_DEVICE2-3_213,3,SIMETRIC Recording 43.tsv,Recording 43,33.0,1063316.0,6111,5805,0.9499263622974963,37,884.7567567567568,521.0,940.6263104208045,320.0,1162.0,842.0,32736.0,4608.0,0.30219376337411585,0.26736797399500156,0,20.0
P16,3,9,DEVICE1-3,Y,327078,572154,245076.0,354562,429485.0,461516.0,473927,548206.0,P16,P16,Intermediate,False,MST,3,DEVICE1-3,327078,572154,245076,1,9,P16_T9_DEVICE1-3_214,3,SIMETRIC Recording 43.tsv,Recording 43,33.0,1063316.0,12232,11705,0.9569162851536952,173,848.0809248554913,581.0,884.92360354483,221.0,1062.0,841.0,146718.0,4749.0,0.7059034748404577,0.5986632718014003,0,20.0
P16,4,10,DEVICE3-4,Y,587587,726902,139315.0,,,,,,P16,P16,Intermediate,False,CON,4,DEVICE3-4,587587,726902,139315,1,10,P16_T10_DEVICE3-4_215,3,SIMETRIC Recording 43.tsv,Recording 43,33.0,1063316.0,6953,6527,0.9387314828131742,19,821.4736842105264,360.0,992.5620254014385,270.5,601.0,330.5,15608.0,3286.0,0.13638158130854539,0.11203388005598823,0,20.0
P16,4,11,DEVICE1-4,Y,740609,1061190,320581.0,775202/848813,909508.0,985144.0,968047/991750,1041633.0,P16,P16,Intermediate,False,MST,4,DEVICE1-4,740609,1061190,320581,1,11,P16_T11_DEVICE1-4_216,3,SIMETRIC Recording 43.tsv,Recording 43,33.0,1063316.0,16000,15298,0.956125,97,810.0824742268042,320.0,1247.9609508289168,140.0,862.0,722.0,78578.0,7173.0,0.3025756361106865,0.2451112199412941,0,20.0
P16,1,1,DEVICE3-1,Y,22275,248590,226315.0,,,,,,P16,P16,Intermediate,False,CON,1,DEVICE3-1,22275,248590,226315,1,1,P16_T1_DEVICE3-1_206,1,SIMETRIC Recording 44.tsv,Recording 44,15.0,929898.0,11296,10828,0.9585694050991501,98,1253.0816326530612,521.0,2008.8112537172885,205.0,1418.0,1213.0,122802.0,13765.0,0.43302476636546405,0.5426153812164461,1,20.0
P16,1,2,DEVICE2-1,N,270078,676068,405990.0,,,,,,P16,P16,Intermediate,False,ATG,1,DEVICE2-1,270078,676068,405990,0,2,P16_T2_DEVICE2-1_207,1,SIMETRIC Recording 44.tsv,Recording 44,15.0,929898.0,20263,19051,0.9401865469081577,73,1104.9315068493152,661.0,1159.63786647153,280.0,1643.0,1363.0,80660.0,5490.0,0.17980738441833544,0.19867484420798542,0,20.0
P16,1,3,DEVICE1-1,N,698581,1051697,353116.0,739727,894010.0,,950631,,P16,P16,Intermediate,False,MST,1,DEVICE1-1,698581,1051697,353116,0,3,P16_T3_DEVICE1-1_208,1,SIMETRIC Recording 44.tsv,Recording 44,15.0,929898.0,11545,10824,0.9375487223906454,38,784.5526315789474,320.5,977.1162396581578,185.25,956.0,770.75,29813.0,3807.0,0.10761336218126621,0.08442834649237078,0,20.0
P16,2,4,DEVICE1-2,N,58522,470494,411972.0,142575,213713.0,244174.0,263644,460898.0,P16,P16,Intermediate,False,MST,2,DEVICE1-2,58522,470494,411972,0,4,P16_T4_DEVICE1-2_209,2,SIMETRIC Recording 44.tsv,Recording 44,15.0,929898.0,20561,19533,0.9500024317883371,87,1599.8735632183907,922.0,2080.995791400803,350.5,2073.5,1723.0,139189.0,13765.0,0.2111794005417844,0.3378603400231084,1,20.0
P16,2,5,DEVICE3-2,Y,488709,616786,128077.0,,,,,,P16,P16,Intermediate,False,CON,2,DEVICE3-2,488709,616786,128077,1,5,P16_T5_DEVICE3-2_210,2,SIMETRIC Recording 44.tsv,Recording 44,15.0,929898.0,6392,6074,0.950250312891114,32,1077.53125,641.0,1197.009633840958,350.25,1358.0,1007.75,34481.0,5490.0,0.2498496997899701,0.2692208593268112,0,20.0
P16,2,6,DEVICE2-2,N,638208,917264,279056.0,,,,,,P16,P16,Intermediate,False,ATG,2,DEVICE2-2,638208,917264,279056,0,6,P16_T6_DEVICE2-2_211,2,SIMETRIC Recording 44.tsv,Recording 44,15.0,929898.0,13928,13148,0.9439977024698449,45,913.1777777777778,380.0,1147.7245331700476,201.0,1402.0,1201.0,41093.0,5049.0,0.16125795539246604,0.14725718135428015,0,20.0
P16,3,7,DEVICE3-3,Y,14822,158930,144108.0,,,,,,P16,P16,Intermediate,False,CON,3,DEVICE3-3,14822,158930,144108,1,7,P16_T7_DEVICE3-3_212,3,SIMETRIC Recording 44.tsv,Recording 44,15.0,929898.0,7193,6909,0.9605171694703184,78,1035.7307692307693,490.5,1479.0506052218743,220.25,1237.75,1017.5,80787.0,8696.0,0.5412607211258222,0.5606003830460488,0,20.0
P16,3,8,DEVICE2-3,Y,178806,301244,122438.0,,,,,,P16,P16,Intermediate,False,ATG,3,DEVICE2-3,178806,301244,122438,1,8,P16_T8_DEVICE2-3_213,3,SIMETRIC Recording 44.tsv,Recording 44,15.0,929898.0,6111,5766,0.9435444280805105,11,2442.4545454545455,460.0,4285.707254669556,130.0,2164.0,2034.0,26867.0,13765.0,0.08984138911122364,0.21943350920465868,1,20.0
P16,3,9,DEVICE1-3,Y,327078,572154,245076.0,354562,429485.0,461516.0,473927,548206.0,P16,P16,Intermediate,False,MST,3,DEVICE1-3,327078,572154,245076,1,9,P16_T9_DEVICE1-3_214,3,SIMETRIC Recording 44.tsv,Recording 44,15.0,929898.0,12232,11554,0.9445716154349247,60,1061.85,671.0,1080.4268432241593,330.0,1492.25,1162.25,63711.0,5490.0,0.24482201439553444,0.25996425598589823,0,20.0
P16,4,10,DEVICE3-4,Y,587587,726902,139315.0,,,,,,P16,P16,Intermediate,False,CON,4,DEVICE3-4,587587,726902,139315,1,10,P16_T10_DEVICE3-4_215,3,SIMETRIC Recording 44.tsv,Recording 44,15.0,929898.0,6953,6574,0.9454911548971667,23,1216.8695652173913,642.0,1286.491469227549,220.0,1913.5,1693.5,27988.0,5049.0,0.165093493162976,0.20089724724545097,0,20.0
P16,4,11,DEVICE1-4,Y,740609,1061190,320581.0,775202/848813,909508.0,985144.0,968047/991750,1041633.0,P16,P16,Intermediate,False,MST,4,DEVICE1-4,740609,1061190,320581,1,11,P16_T11_DEVICE1-4_216,3,SIMETRIC Recording 44.tsv,Recording 44,15.0,929898.0,9448,8782,0.9295088907705334,26,530.1923076923077,220.5,844.8287882988255,180.0,380.75,200.75,13785.0,3807.0,0.08110274782348298,0.04300005302871973,0,20.0
P16,1,1,DEVICE3-1,Y,22275,248590,226315.0,,,,,,P16,P16,Intermediate,False,CON,1,DEVICE3-1,22275,248590,226315,1,1,P16_T1_DEVICE3-1_206,1,SIMETRIC Recording 45.tsv,Recording 45,0.0,1960087.0,11296,10777,0.9540545325779037,37,1317.4864864864865,661.0,1402.8630570218736,260.0,2063.0,1803.0,48747.0,5410.0,0.16348894240328746,0.21539447230629874,0,20.0
P16,1,2,DEVICE2-1,N,270078,676068,405990.0,,,,,,P16,P16,Intermediate,False,ATG,1,DEVICE2-1,270078,676068,405990,0,2,P16_T2_DEVICE2-1_207,1,SIMETRIC Recording 45.tsv,Recording 45,0.0,1960087.0,20263,19159,0.945516458569807,83,1074.2650602409637,661.0,1188.990031387957,270.5,1402.0,1131.5,89164.0,6772.0,0.20443853296879233,0.21962117293529398,0,20.0
P16,1,3,DEVICE1-1,N,698581,1051697,353116.0,739727,894010.0,,950631,,P16,P16,Intermediate,False,MST,1,DEVICE1-1,698581,1051697,353116,0,3,P16_T3_DEVICE1-1_208,1,SIMETRIC Recording 45.tsv,Recording 45,0.0,1960087.0,17624,16825,0.9546640944167045,122,748.6803278688525,260.5,1068.0386539759077,120.0,1027.0,907.0,91339.0,5731.0,0.34549553121353893,0.25866570758617563,0,20.0
P16,2,4,DEVICE1-2,N,58522,470494,411972.0,142575,213713.0,244174.0,263644,460898.0,P16,P16,Intermediate,False,MST,2,DEVICE1-2,58522,470494,411972,0,4,P16_T4_DEVICE1-2_209,2,SIMETRIC Recording 45.tsv,Recording 45,0.0,1960087.0,20562,19553,0.9509288979671238,60,1364.1333333333334,651.5,1510.9029118509065,295.75,1988.75,1693.0,81848.0,6772.0,0.1456409658908858,0.19867369627062034,0,20.0
P16,2,5,DEVICE3-2,Y,488709,616786,128077.0,,,,,,P16,P16,Intermediate,False,CON,2,DEVICE3-2,488709,616786,128077,1,5,P16_T5_DEVICE3-2_210,2,SIMETRIC Recording 45.tsv,Recording 45,0.0,1960087.0,6392,5930,0.9277221526908636,23,982.6521739130435,741.0,928.9674428533128,511.0,1402.0,891.0,22601.0,4428.0,0.179579471724041,0.17646415827978482,0,20.0
P16,2,6,DEVICE2-2,N,638208,917264,279056.0,,,,,,P16,P16,Intermediate,False,ATG,2,DEVICE2-2,638208,917264,279056,0,6,P16_T6_DEVICE2-2_211,2,SIMETRIC Recording 45.tsv,Recording 45,0.0,1960087.0,13928,13444,0.9652498564043653,158,742.7151898734177,260.5,1029.7746156955197,120.0,1037.0,917.0,117349.0,5731.0,0.5661945989335474,0.4205213290522332,0,20.0
P16,3,7,DEVICE3-3,Y,14822,158930,144108.0,,,,,,P16,P16,Intermediate,False,CON,3,DEVICE3-3,14822,158930,144108,1,7,P16_T7_DEVICE3-3_212,3,SIMETRIC Recording 45.tsv,Recording 45,0.0,1960087.0,7193,6880,0.9564854719866537,28,1428.2142857142858,811.5,1307.8708271572925,395.75,2339.0,1943.25,39990.0,4889.0,0.19429872040414134,0.27750020817720045,0,20.0
P16,3,8,DEVICE2-3,Y,178806,301244,122438.0,,,,,,P16,P16,Intermediate,False,ATG,3,DEVICE2-3,178806,301244,122438,1,8,P16_T8_DEVICE2-3_213,3,SIMETRIC Recording 45.tsv,Recording 45,0.0,1960087.0,6110,5773,0.9448445171849427,6,2394.5,1833.5,2094.033882247372,741.5,3842.0,3100.5,14367.0,5410.0,0.049004394060667436,0.11734102157826819,0,20.0
P16,3,9,DEVICE1-3,Y,327078,572154,245076.0,354562,429485.0,461516.0,473927,548206.0,P16,P16,Intermediate,False,MST,3,DEVICE1-3,327078,572154,245076,1,9,P16_T9_DEVICE1-3_214,3,SIMETRIC Recording 45.tsv,Recording 45,0.0,1960087.0,12231,11546,0.9439947673943259,25,1227.84,521.0,1700.3330232633841,261.0,1162.0,901.0,30696.0,6772.0,0.10200917266480602,0.1252509425647554,0,20.0
P16,4,10,DEVICE3-4,Y,587587,726902,139315.0,,,,,,P16,P16,Intermediate,False,CON,4,DEVICE3-4,587587,726902,139315,1,10,P16_T10_DEVICE3-4_215,3,SIMETRIC Recording 45.tsv,Recording 45,0.0,1960087.0,6953,6646,0.9558463972386021,63,839.6507936507936,560.0,904.5016478297755,180.0,1172.0,992.0,52898.0,4428.0,0.45221261170728205,0.3797006783189176,0,20.0
P16,4,11,DEVICE1-4,Y,740609,1061190,320581.0,775202/848813,909508.0,985144.0,968047/991750,1041633.0,P16,P16,Intermediate,False,MST,4,DEVICE1-4,740609,1061190,320581,1,11,P16_T11_DEVICE1-4_216,3,SIMETRIC Recording 45.tsv,Recording 45,0.0,1960087.0,16000,15312,0.957,117,715.9401709401709,241.0,1053.5810059244607,100.0,982.0,882.0,83765.0,5731.0,0.36496236520567343,0.26129121813207895,0,20.0
P17,1,1,DEVICE2-1,Y,26676,206080,179404.0,,,,,,P17,P17,Novice,False,ATG,1,DEVICE2-1,26676,206080,179404,1,1,P17_T1_DEVICE2-1_221,1,SIMETRIC Recording 46.tsv,Recording 46,44.0,2266906.0,8954,7945,0.8873129327674782,48,1436.7291666666667,821.5,2099.795499055708,140.0,1783.0,1643.0,68963.0,10820.0,0.26755256293059243,0.3844005707788009,1,20.0
P17,1,2,DEVICE1-1,Y,224031,522525,298494.0,266742.0,334680.0,378728.0,395833.0,463163.0,P17,P17,Novice,False,MST,1,DEVICE1-1,224031,522525,298494,1,2,P17_T2_DEVICE1-1_222,1,SIMETRIC Recording 46.tsv,Recording 46,44.0,2266906.0,14897,12807,0.8597032959656307,198,339.8181818181818,160.0,559.7255103864644,80.0,280.0,200.0,67284.0,4268.0,0.6633299161792197,0.22541156606162938,0,20.0
P17,1,3,DEVICE3-1,N,536941,696459,159518.0,,,,,,P17,P17,Novice,False,CON,1,DEVICE3-1,536941,696459,159518,0,3,P17_T3_DEVICE3-1_223,1,SIMETRIC Recording 46.tsv,Recording 46,44.0,2266906.0,7961,6090,0.7649792739605578,101,703.940594059406,300.0,1020.5596878358676,120.0,782.0,662.0,71098.0,5690.0,0.6331573866272144,0.44570518687546234,0,20.0
P17,2,4,DEVICE3-2,N,715780,954554,238774.0,,,,,,P17,P17,Novice,False,CON,2,DEVICE3-2,715780,954554,238774,0,4,P17_T4_DEVICE3-2_224,1,SIMETRIC Recording 46.tsv,Recording 46,44.0,2266906.0,11917,10137,0.8506335487119241,150,986.82,421.0,1434.630065124243,125.0,1137.0,1012.0,148023.0,9016.0,0.6282091014934624,0.6199293055357786,0,20.0
P17,2,5,DEVICE2-2,N,967445,1119878,152433.0,,,,,,P17,P17,Novice,False,ATG,2,DEVICE2-2,967445,1119878,152433,0,5,P17_T5_DEVICE2-2_225,1,SIMETRIC Recording 46.tsv,Recording 46,44.0,2266906.0,7608,6391,0.8400368033648791,59,1146.406779661017,641.0,1396.014513295816,200.0,1342.5,1142.5,67638.0,6872.0,0.3870552964253147,0.4437228159256854,0,20.0
P17,4,10,DEVICE3-4,Y,28324,153531,125207.0,,,,,,P17,P17,Novice,False,CON,4,DEVICE3-4,28324,153531,125207,1,10,P17_T10_DEVICE3-4_230,2,SIMETRIC Recording 46.tsv,Recording 46,44.0,2266906.0,6249,5709,0.913586173787806,30,1765.8,1111.5,2500.2876165587913,160.0,2038.75,1878.75,52974.0,10820.0,0.2396032170725279,0.42309136070666975,1,20.0
P17,4,11,DEVICE1-4,Y,174555,339154,164599.0,186138.0,220626.0,239962.0,252162.0,319489.0,P17,P17,Novice,False,MST,4,DEVICE1-4,174555,339154,164599,1,11,P17_T11_DEVICE1-4_231,2,SIMETRIC Recording 46.tsv,Recording 46,44.0,2266906.0,8215,7088,0.8628119293974437,195,328.2974358974359,160.0,499.66501535599934,80.0,280.0,200.0,64018.0,3266.0,1.1846973553909805,0.38893310408933224,0,20.0
P17,4,12,DEVICE2-4,Y,359528,448829,89301.0,,,,,,P17,P17,Novice,False,ATG,4,DEVICE2-4,359528,448829,89301,1,12,P17_T12_DEVICE2-4_232,2,SIMETRIC Recording 46.tsv,Recording 46,44.0,2266906.0,4457,3841,0.8617904420013462,0,,,,,,,0.0,,0.0,0.0,0,20.0
P17,5,13,DEVICE3-5 ,Y,468169,579356,111187.0,,,,,,P17,P17,Novice,False,CON,5,DEVICE3-5,468169,579356,111187,1,13,P17_T13_DEVICE3-5_233,2,SIMETRIC Recording 46.tsv,Recording 46,44.0,2266906.0,5550,4899,0.8827027027027027,49,760.530612244898,301.0,963.8830777563398,140.0,822.0,682.0,37266.0,4268.0,0.440699002581237,0.3351650822488241,0,20.0
P17,5,14,DEVICE1-5 ,Y,700722,881613,180891.0,735669.0,754431.0,781545.0,790074.0,826068.0,P17,P17,Novice,False,MST,5,DEVICE1-5,700722,881613,180891,1,14,P17_T14_DEVICE1-5_234,2,SIMETRIC Recording 46.tsv,Recording 46,44.0,2266906.0,9028,7637,0.8459237926451041,134,890.3805970149253,411.0,1219.3477597961714,125.0,1117.0,992.0,119311.0,9016.0,0.7407775953474744,0.6595739976007651,0,20.0
P17,5,15,DEVICE2-5 ,N,988497,1092880,104383.0,,,,,,P17,P17,Novice,False,ATG,5,DEVICE2-5,988497,1092880,104383,0,15,P17_T15_DEVICE2-5_235,2,SIMETRIC Recording 46.tsv,Recording 46,44.0,2266906.0,5209,4257,0.8172393933576502,44,1284.5227272727273,942.0,1503.957948580799,195.25,1407.25,1212.0,56519.0,6872.0,0.42152457775691443,0.5414579002327965,0,20.0
P17,1,1,DEVICE2-1,Y,26676,206080,179404.0,,,,,,P17,P17,Novice,False,ATG,1,DEVICE2-1,26676,206080,179404,1,1,P17_T1_DEVICE2-1_221,1,SIMETRIC Recording 47.tsv,Recording 47,8.0,1107311.0,8954,7703,0.8602859057404512,63,1423.1587301587301,581.0,1964.9733003714211,200.0,1773.0,1573.0,89659.0,8976.0,0.35116273884640253,0.499760317495708,0,20.0
P17,1,2,DEVICE1-1,Y,224031,522525,298494.0,266742.0,334680.0,378728.0,395833.0,463163.0,P17,P17,Novice,False,MST,1,DEVICE1-1,224031,522525,298494,1,2,P17_T2_DEVICE1-1_222,1,SIMETRIC Recording 47.tsv,Recording 47,8.0,1107311.0,14898,13622,0.9143509195865217,31,2323.548387096774,1142.0,2603.0434090209314,581.0,3346.0,2765.0,72030.0,9838.0,0.10385468384624146,0.24131138314337977,0,20.0
P17,1,3,DEVICE3-1,N,536941,696459,159518.0,,,,,,P17,P17,Novice,False,CON,1,DEVICE3-1,536941,696459,159518,0,3,P17_T3_DEVICE3-1_223,1,SIMETRIC Recording 47.tsv,Recording 47,8.0,1107311.0,7961,6883,0.8645898756437633,2,2645.0,2645.0,2947.2210639855302,1603.0,3687.0,2084.0,5290.0,4729.0,0.012537770032222069,0.03316240173522737,0,20.0
P17,2,4,DEVICE3-2,N,715780,954554,238774.0,,,,,,P17,P17,Novice,False,CON,2,DEVICE3-2,715780,954554,238774,0,4,P17_T4_DEVICE3-2_224,1,SIMETRIC Recording 47.tsv,Recording 47,8.0,1107311.0,11917,9623,0.8075018880590753,21,1018.0,541.0,1372.5225681204663,200.0,1243.0,1043.0,21378.0,5851.0,0.08794927420908474,0.08953236114484826,0,20.0
P17,2,5,DEVICE2-2,N,967445,1119878,152433.0,,,,,,P17,P17,Novice,False,ATG,2,DEVICE2-2,967445,1119878,152433,0,5,P17_T5_DEVICE2-2_225,1,SIMETRIC Recording 47.tsv,Recording 47,8.0,1107311.0,6981,5817,0.8332617103566824,27,1967.2592592592594,641.0,2688.4007341024344,230.5,2544.5,2314.0,53116.0,9737.0,0.17712700005904233,0.3484547309309664,0,20.0
P17,4,10,DEVICE3-4,Y,28324,153531,125207.0,,,,,,P17,P17,Novice,False,CON,4,DEVICE3-4,28324,153531,125207,1,10,P17_T10_DEVICE3-4_230,2,SIMETRIC Recording 47.tsv,Recording 47,8.0,1107311.0,6249,5336,0.8538966234597536,46,1330.608695652174,541.0,1817.595902751897,200.0,1728.0,1528.0,61208.0,8976.0,0.3673915995112095,0.48885445701917624,0,20.0
P17,4,11,DEVICE1-4,Y,174555,339154,164599.0,186138.0,220626.0,239962.0,252162.0,319489.0,P17,P17,Novice,False,MST,4,DEVICE1-4,174555,339154,164599,1,11,P17_T11_DEVICE1-4_231,2,SIMETRIC Recording 47.tsv,Recording 47,8.0,1107311.0,8215,7569,0.9213633597078514,12,1936.8333333333333,541.5,2756.7511126269083,130.75,2399.75,2269.0,23242.0,7132.0,0.07290445263944496,0.1412037740204983,0,20.0
P17,4,12,DEVICE2-4,Y,359528,448829,89301.0,,,,,,P17,P17,Novice,False,ATG,4,DEVICE2-4,359528,448829,89301,1,12,P17_T12_DEVICE2-4_232,2,SIMETRIC Recording 47.tsv,Recording 47,8.0,1107311.0,4457,3992,0.895669733004263,8,3534.0,3125.5,3082.64747069324,1237.25,5330.25,4093.0,28272.0,8215.0,0.08958466310567631,0.3165921994154601,0,20.0
P17,5,13,DEVICE3-5 ,Y,468169,579356,111187.0,,,,,,P17,P17,Novice,False,CON,5,DEVICE3-5,468169,579356,111187,1,13,P17_T13_DEVICE3-5_233,2,SIMETRIC Recording 47.tsv,Recording 47,8.0,1107311.0,5550,4949,0.8917117117117117,24,2314.9583333333335,1061.5,2577.58446880807,520.75,4428.25,3907.5,55559.0,9838.0,0.2158525726928508,0.49968971192675404,0,20.0
P17,5,14,DEVICE1-5 ,Y,700722,881613,180891.0,735669.0,754431.0,781545.0,790074.0,826068.0,P17,P17,Novice,False,MST,5,DEVICE1-5,700722,881613,180891,1,14,P17_T14_DEVICE1-5_234,2,SIMETRIC Recording 47.tsv,Recording 47,8.0,1107311.0,9028,6824,0.7558706247230838,26,1242.1923076923076,571.0,1506.442272886174,205.0,1592.75,1387.75,32297.0,5851.0,0.14373296626145027,0.17854398505177152,0,20.0
P17,5,15,DEVICE2-5 ,N,988497,1092880,104383.0,,,,,,P17,P17,Novice,False,ATG,5,DEVICE2-5,988497,1092880,104383,0,15,P17_T15_DEVICE2-5_235,2,SIMETRIC Recording 47.tsv,Recording 47,8.0,1107311.0,5209,4443,0.8529468228066808,27,1967.2592592592594,641.0,2688.4007341024344,230.5,2544.5,2314.0,53116.0,9737.0,0.2586628090781066,0.5088568061849151,0,20.0
P18,1,1,DEVICE1-1,Y,21554,259287,237733.0,54336.0,103508.0,150013.0,129722/158420,227862.0,P18,P18,Novice,False,MST,1,DEVICE1-1,21554,259287,237733,1,1,P18_T1_DEVICE1-1_236,1,SIMETRIC Recording 48.tsv,Recording 48,3.0,307419.0,11865,7199,0.6067425200168562,40,801.475,350.0,1145.4179169574654,145.0,997.0,852.0,32059.0,5791.0,0.1682559846550542,0.13485296530140956,0,20.0
P18,1,2,DEVICE3-1,Y,16732,113277,96545.0,,,,,,P18,P18,Novice,False,CON,1,DEVICE3-1,16732,113277,96545,1,2,P18_T2_DEVICE3-1_237,2,SIMETRIC Recording 48.tsv,Recording 48,3.0,307419.0,4819,4069,0.8443660510479353,47,755.8297872340426,301.0,1103.4581278702863,110.0,932.0,822.0,35524.0,5791.0,0.4868196177948107,0.3679527681392097,0,20.0
P18,1,3,DEVICE2-1,Y,145949,265048,119099.0,,,,,,P18,P18,Novice,False,ATG,1,DEVICE2-1,145949,265048,119099,1,3,P18_T3_DEVICE2-1_238,2,SIMETRIC Recording 48.tsv,Recording 48,3.0,307419.0,5944,3270,0.5501345895020189,0,,,,,,,0.0,,0.0,0.0,0,20.0
P18,2,4,DEVICE2-2,Y,281130,365845,84715.0,,,,,,P18,P18,Novice,False,ATG,2,DEVICE2-2,281130,365845,84715,1,4,P18_T4_DEVICE2-2_239,2,SIMETRIC Recording 48.tsv,Recording 48,3.0,307419.0,1313,1142,0.8697638994668697,0,,,,,,,0.0,,0.0,0.0,0,20.0
P18,1,1,DEVICE1-1,Y,21554,259287,237733.0,54336.0,103508.0,150013.0,129722/158420,227862.0,P18,P18,Novice,False,MST,1,DEVICE1-1,21554,259287,237733,1,1,P18_T1_DEVICE1-1_236,1,SIMETRIC Recording 49.tsv,Recording 49,18.0,2305670.0,11866,10964,0.9239844935108714,102,456.2843137254902,260.5,547.3269404583558,120.0,586.0,466.0,46541.0,3246.0,0.4290527608703882,0.19577004454577193,0,20.0
P18,1,2,DEVICE3-1,Y,16732,113277,96545.0,,,,,,P18,P18,Novice,False,CON,1,DEVICE3-1,16732,113277,96545,1,2,P18_T2_DEVICE3-1_237,2,SIMETRIC Recording 49.tsv,Recording 49,18.0,2305670.0,4818,4429,0.9192611041926111,46,467.7826086956522,270.5,582.8798966451352,120.0,541.0,421.0,21518.0,3246.0,0.47646175358641046,0.2228805220363561,0,20.0
P18,1,3,DEVICE2-1,Y,145949,265048,119099.0,,,,,,P18,P18,Novice,False,ATG,1,DEVICE2-1,145949,265048,119099,1,3,P18_T3_DEVICE2-1_238,2,SIMETRIC Recording 49.tsv,Recording 49,18.0,2305670.0,5944,5458,0.9182368775235532,61,425.327868852459,200.0,513.7132378189048,100.0,641.0,541.0,25945.0,2564.0,0.512178943567956,0.21784397853886261,0,20.0
P18,2,4,DEVICE2-2,Y,281130,365845,84715.0,,,,,,P18,P18,Novice,False,ATG,2,DEVICE2-2,281130,365845,84715,1,4,P18_T4_DEVICE2-2_239,2,SIMETRIC Recording 49.tsv,Recording 49,18.0,2305670.0,4228,3989,0.9434720908230843,18,1359.0555555555557,631.0,2377.7230203364543,255.0,1012.0,757.0,24463.0,10118.0,0.21247712919789882,0.28876822286489995,1,20.0
P19,1,1,DEVICE3-1,N,11665,550598,538933.0,,,,,,P19,P19,Novice,False,CON,1,DEVICE3-1,11665,550598,538933,0,1,P19_T1_DEVICE3-1_251,1,SIMETRIC Recording 50.tsv,Recording 50,11.0,785252.0,26898,26541,0.9867276377425831,179,1619.7765363128492,722.0,2101.2490521108925,270.5,2234.0,1963.5,289940.0,12503.0,0.3321377610946073,0.5379889522445276,1,20.0
P19,1,2,DEVICE2-1,N,568280,750439,182159.0,,,,,,P19,P19,Novice,False,ATG,1,DEVICE2-1,568280,750439,182159,0,2,P19_T2_DEVICE2-1_252,1,SIMETRIC Recording 50.tsv,Recording 50,11.0,785252.0,9091,9007,0.990760092399076,37,2127.5675675675675,1323.0,2490.139147612935,360.0,3045.0,2685.0,78720.0,11321.0,0.20311925296032587,0.432149934946942,1,20.0
P19,1,3,DEVICE1-1,Y,22860,380458,357598.0,73028.0,161152.0,293160.0,215302/303747,349029.0,P19,P19,Novice,False,MST,1,DEVICE1-1,22860,380458,357598,1,3,P19_T3_DEVICE1-1_253,2,SIMETRIC Recording 50.tsv,Recording 50,11.0,785252.0,17847,17628,0.9877290300890906,133,1537.8195488721803,722.0,2032.8970439825841,300.0,2104.0,1804.0,204530.0,12503.0,0.37192601748331927,0.5719551004200247,1,20.0
P19,2,4,DEVICE1-2,N,406392,825442,419050.0,419170.0,661308.0,693461.0,707313,807054.0,P19,P19,Novice,False,MST,2,DEVICE1-2,406392,825442,419050,0,4,P19_T4_DEVICE1-2_254,2,SIMETRIC Recording 50.tsv,Recording 50,11.0,785252.0,18909,18641,0.9858268549368026,76,1994.8684210526317,722.0,2448.417286559382,235.0,3130.75,2895.75,151610.0,11321.0,0.18136260589428468,0.3617945352583224,1,20.0
P19,5,13,DEVICE3-5 ,Y,30592,180750,150158.0,,,,,,P19,P19,Novice,False,CON,5,DEVICE3-5,30592,180750,150158,1,13,P19_T13_DEVICE3-5_263,3,SIMETRIC Recording 50.tsv,Recording 50,11.0,785252.0,7494,7404,0.9879903923138511,39,2146.948717948718,1102.0,2331.960435124309,401.0,3025.5,2624.5,83731.0,8535.0,0.2597264215026839,0.5576193076625954,0,20.0
P19,5,14,DEVICE2-5 ,Y,315878,610350,294472.0,,,,,,P19,P19,Novice,False,ATG,5,DEVICE2-5,315878,610350,294472,1,14,P19_T14_DEVICE2-5_264,3,SIMETRIC Recording 50.tsv,Recording 50,11.0,785252.0,14697,14476,0.9849629176022318,111,1421.2792792792793,641.0,1839.0179255202845,240.5,1652.5,1412.0,157762.0,7875.0,0.3769458556331332,0.5357453340215708,0,20.0
P19,5,15,DEVICE1-5 ,Y,777396,959194,181798.0,802786.0,871006.0,892524.0,901773,948242.0,P19,P19,Novice,False,MST,5,DEVICE1-5,777396,959194,181798,1,15,P19_T15_DEVICE1-5_265,3,SIMETRIC Recording 50.tsv,Recording 50,11.0,785252.0,393,378,0.9618320610687023,0,,,,,,,0.0,,0.0,0.0,0,20.0
P19,1,1,DEVICE3-1,N,11665,550598,538933.0,,,,,,P19,P19,Novice,False,CON,1,DEVICE3-1,11665,550598,538933,0,1,P19_T1_DEVICE3-1_251,1,SIMETRIC Recording 51.tsv,Recording 51,16.0,3488428.0,26898,26568,0.9877314298460852,37,3811.162162162162,3927.0,3137.461097709363,1482.0,5069.0,3587.0,141013.0,14546.0,0.06865417408100821,0.26165219053203276,2,20.0
P19,1,2,DEVICE2-1,N,568280,750439,182159.0,,,,,,P19,P19,Novice,False,ATG,1,DEVICE2-1,568280,750439,182159,0,2,P19_T2_DEVICE2-1_252,1,SIMETRIC Recording 51.tsv,Recording 51,16.0,3488428.0,9092,9005,0.9904311482622086,19,2040.5263157894738,1503.0,2018.848196605102,661.0,2584.5,1923.5,38770.0,8195.0,0.10430448124989707,0.2128360388451847,0,20.0
P19,1,3,DEVICE1-1,Y,22860,380458,357598.0,73028.0,161152.0,293160.0,215302/303747,349029.0,P19,P19,Novice,False,MST,1,DEVICE1-1,22860,380458,357598,1,3,P19_T3_DEVICE1-1_253,2,SIMETRIC Recording 51.tsv,Recording 51,16.0,3488428.0,17847,17626,0.9876169664369362,12,5052.5,4819.0,4045.0249240719936,2669.5,6231.5,3562.0,60630.0,14546.0,0.03355723466014911,0.16954792812040337,1,20.0
P19,2,4,DEVICE1-2,N,406392,825442,419050.0,419170.0,661308.0,693461.0,707313,807054.0,P19,P19,Novice,False,MST,2,DEVICE1-2,406392,825442,419050,0,4,P19_T4_DEVICE1-2_254,2,SIMETRIC Recording 51.tsv,Recording 51,16.0,3488428.0,20915,20671,0.9883337317714559,46,2674.782608695652,2003.5,2239.687715464353,1127.0,4032.0,2905.0,123040.0,10679.0,0.10977210356759336,0.2936165135425367,1,20.0
P19,2,5,DEVICE3-2,N,847588,1220737,373149.0,,,,,,P19,P19,Novice,False,CON,2,DEVICE3-2,847588,1220737,373149,0,5,P19_T5_DEVICE3-2_255,2,SIMETRIC Recording 51.tsv,Recording 51,16.0,3488428.0,18624,18423,0.9892074742268041,86,2353.1162790697676,1092.0,3390.4340947769497,280.25,3181.0,2900.75,202368.0,19736.0,0.23047093788272244,0.5423249157843114,2,20.0
P19,5,13,DEVICE3-5 ,Y,30592,180750,150158.0,,,,,,P19,P19,Novice,False,CON,5,DEVICE3-5,30592,180750,150158,1,13,P19_T13_DEVICE3-5_263,3,SIMETRIC Recording 51.tsv,Recording 51,16.0,3488428.0,7495,7453,0.9943962641761174,12,5052.5,4819.0,4045.0249240719936,2669.5,6231.5,3562.0,60630.0,14546.0,0.07991582200082581,0.4037746906591723,1,20.0
P19,5,14,DEVICE2-5 ,Y,315878,610350,294472.0,,,,,,P19,P19,Novice,False,ATG,5,DEVICE2-5,315878,610350,294472,1,14,P19_T14_DEVICE2-5_264,3,SIMETRIC Recording 51.tsv,Recording 51,16.0,3488428.0,14697,14415,0.9808124106960604,37,3031.3513513513512,2545.0,2338.6978358837996,1222.0,4088.0,2866.0,112160.0,10679.0,0.12564861854437775,0.3808851096199299,1,20.0
P19,5,15,DEVICE1-5 ,Y,777396,959194,181798.0,802786.0,871006.0,892524.0,901773,948242.0,P19,P19,Novice,False,MST,5,DEVICE1-5,777396,959194,181798,1,15,P19_T15_DEVICE1-5_265,3,SIMETRIC Recording 51.tsv,Recording 51,16.0,3488428.0,9074,8902,0.9810447432223937,49,1416.4285714285713,501.0,1730.4115839880405,220.0,2224.0,2004.0,69405.0,7994.0,0.2695299178208781,0.3817698764562866,0,20.0
P19,1,1,DEVICE3-1,N,11665,550598,538933.0,,,,,,P19,P19,Novice,False,CON,1,DEVICE3-1,11665,550598,538933,0,1,P19_T1_DEVICE3-1_251,1,SIMETRIC Recording 52.tsv,Recording 52,7.0,1029410.0,26898,26741,0.9941631348055617,43,7017.697674418605,3005.0,7879.596075382605,811.5,11360.0,10548.5,301761.0,25646.0,0.07978728339144198,0.5599230331043006,11,20.0
P19,1,2,DEVICE2-1,N,568280,750439,182159.0,,,,,,P19,P19,Novice,False,ATG,1,DEVICE2-1,568280,750439,182159,0,2,P19_T2_DEVICE2-1_252,1,SIMETRIC Recording 52.tsv,Recording 52,7.0,1029410.0,9091,9021,0.9923000769992301,1,23182.0,23182.0,,23182.0,23182.0,0.0,23182.0,23182.0,0.005489709539468267,0.12726244654395336,1,20.0
P19,1,3,DEVICE1-1,Y,22860,380458,357598.0,73028.0,161152.0,293160.0,215302/303747,349029.0,P19,P19,Novice,False,MST,1,DEVICE1-1,22860,380458,357598,1,3,P19_T3_DEVICE1-1_253,2,SIMETRIC Recording 52.tsv,Recording 52,7.0,1029410.0,17848,17734,0.9936127297176154,25,6041.2,2244.0,7762.01862704971,802.0,9156.0,8354.0,151030.0,25646.0,0.0699109055419773,0.4223457625601933,6,20.0
P19,2,4,DEVICE1-2,N,406392,825442,419050.0,419170.0,661308.0,693461.0,707313,807054.0,P19,P19,Novice,False,MST,2,DEVICE1-2,406392,825442,419050,0,4,P19_T4_DEVICE1-2_254,2,SIMETRIC Recording 52.tsv,Recording 52,7.0,1029410.0,20915,20764,0.9927803012192207,25,7686.68,4288.0,8283.062505901225,862.0,12723.0,11861.0,192167.0,25406.0,0.05965875193890944,0.4585777353537764,8,20.0
P19,2,5,DEVICE3-2,N,847588,1220737,373149.0,,,,,,P19,P19,Novice,False,CON,2,DEVICE3-2,847588,1220737,373149,0,5,P19_T5_DEVICE3-2_255,2,SIMETRIC Recording 52.tsv,Recording 52,7.0,1029410.0,9075,9009,0.9927272727272727,1,11361.0,11361.0,,11361.0,11361.0,0.0,11361.0,11361.0,0.002679894626543284,0.030446282852158252,1,20.0
P19,5,13,DEVICE3-5 ,Y,30592,180750,150158.0,,,,,,P19,P19,Novice,False,CON,5,DEVICE3-5,30592,180750,150158,1,13,P19_T13_DEVICE3-5_263,3,SIMETRIC Recording 52.tsv,Recording 52,7.0,1029410.0,7494,7462,0.9957299172671471,9,11640.888888888889,13564.0,8922.839618703852,2444.0,17732.0,15288.0,104768.0,25646.0,0.05993686650061935,0.6977184032818764,5,20.0
P19,5,14,DEVICE2-5 ,Y,315878,610350,294472.0,,,,,,P19,P19,Novice,False,ATG,5,DEVICE2-5,315878,610350,294472,1,14,P19_T14_DEVICE2-5_264,3,SIMETRIC Recording 52.tsv,Recording 52,7.0,1029410.0,14697,14622,0.9948969177383139,38,5827.8421052631575,2324.5,7563.15835472984,296.0,8239.75,7943.75,221458.0,25406.0,0.12904452715368525,0.7520511288000218,7,20.0
P19,5,15,DEVICE1-5 ,Y,777396,959194,181798.0,802786.0,871006.0,892524.0,901773,948242.0,P19,P19,Novice,False,MST,5,DEVICE1-5,777396,959194,181798,1,15,P19_T15_DEVICE1-5_265,3,SIMETRIC Recording 52.tsv,Recording 52,7.0,1029410.0,9073,9022,0.9943789264851758,8,6814.875,6982.5,5497.645039664061,2183.5,11656.5,9473.0,54519.0,12723.0,0.04400488454218418,0.2998877875444174,4,20.0
P24,1,1,DEVICE3-1,Y,14582,133033,118451.0,,,,,,P24,P24,Intermediate,False,CON,1,DEVICE3-1,14582,133033,118451,1,1,P24_T1_DEVICE3-1_328,1,SIMETRIC Recording 59.tsv,Recording 59,3.0,614154.0,5912,5158,0.8724627875507442,44,680.3181818181819,270.5,1144.866840489509,100.0,756.0,656.0,29934.0,6812.0,0.37146161703995745,0.2527120919198656,0,20.0
P24,1,2,DEVICE2-1,N,196911,321872,124961.0,,,,,,P24,P24,Intermediate,False,ATG,1,DEVICE2-1,196911,321872,124961,0,2,P24_T2_DEVICE2-1_329,1,SIMETRIC Recording 59.tsv,Recording 59,3.0,614154.0,6237,5541,0.8884078884078884,24,921.5,260.0,1416.861166528814,180.0,1247.0,1067.0,22116.0,6131.0,0.19205992269588112,0.17698321876425444,0,20.0
P24,1,3,DEVICE1-1,Y,370382,468567,98185.0,388997,400218.0,417883.0,427958,447466.0,P24,P24,Intermediate,False,MST,1,DEVICE1-1,370382,468567,98185,1,3,P24_T3_DEVICE1-1_330,1,SIMETRIC Recording 59.tsv,Recording 59,3.0,614154.0,4900,3422,0.6983673469387756,31,189.3548387096774,101.0,147.76750846901285,70.0,291.0,221.0,5870.0,521.0,0.31573050873351327,0.0597850995569588,0,20.0
P24,2,4,DEVICE1-2,Y,482198,555654,73456.0,490171,498414.0,511198.0,521823,541770.0,P24,P24,Intermediate,False,MST,2,DEVICE1-2,482198,555654,73456,1,4,P24_T4_DEVICE1-2_331,1,SIMETRIC Recording 59.tsv,Recording 59,3.0,614154.0,3666,1008,0.27495908346972175,17,163.7058823529412,140.0,140.73235444713947,60.0,180.0,120.0,2783.0,501.0,0.23143106077107384,0.03788662600740579,0,20.0
P24,2,5,DEVICE3-2,Y,14988,68557,53569.0,,,,,,P24,P24,Intermediate,False,CON,2,DEVICE3-2,14988,68557,53569,1,5,P24_T5_DEVICE3-2_332,2,SIMETRIC Recording 59.tsv,Recording 59,3.0,614154.0,2674,2525,0.9442782348541511,27,881.5555555555555,221.0,1403.8738255088022,110.0,1252.0,1142.0,23802.0,6812.0,0.504022849035823,0.4443241426944688,0,20.0
P24,2,6,DEVICE2-2,Y,81041,151926,70885.0,,,,,,P24,P24,Intermediate,False,ATG,2,DEVICE2-2,81041,151926,70885,1,6,P24_T6_DEVICE2-2_333,2,SIMETRIC Recording 59.tsv,Recording 59,3.0,614154.0,3538,2645,0.7475975127190503,0,,,,,,,0.0,,0.0,0.0,0,20.0
P24,3,7,DEVICE3-3,Y,167600,225034,57434.0,,,,,,P24,P24,Intermediate,False,CON,3,DEVICE3-3,167600,225034,57434,1,7,P24_T7_DEVICE3-3_334,2,SIMETRIC Recording 59.tsv,Recording 59,3.0,614154.0,2867,2301,0.8025810952214859,5,152.2,80.0,151.83609584021843,80.0,120.0,40.0,761.0,421.0,0.08705644740049448,0.01324999129435526,0,20.0
P24,3,8,DEVICE2-3,Y,238886,295718,56832.0,,,,,,P24,P24,Intermediate,False,ATG,3,DEVICE2-3,238886,295718,56832,1,8,P24_T8_DEVICE2-3_335,2,SIMETRIC Recording 59.tsv,Recording 59,3.0,614154.0,2837,2604,0.9178709904829044,22,920.5909090909091,260.0,1459.3226628128318,185.0,1071.75,886.75,20253.0,6131.0,0.38710585585585583,0.35636613175675674,0,20.0
P24,3,9,DEVICE1-3,Y,311714,495574,183860.0,344298/399102/409814,428814.0,442409.0,447001/455940,478050.0,P24,P24,Intermediate,False,MST,3,DEVICE1-3,311714,495574,183860,1,9,P24_T9_DEVICE1-3_336,2,SIMETRIC Recording 59.tsv,Recording 59,3.0,614154.0,9176,6788,0.7397558849171753,54,215.53703703703704,140.0,201.5779930488972,60.25,296.0,235.75,11639.0,1122.0,0.2937017295768519,0.06330360056564778,0,20.0
P24,4,10,DEVICE3-4,Y,517724,565561,47837.0,,,,,,P24,P24,Intermediate,False,CON,4,DEVICE3-4,517724,565561,47837,1,10,P24_T10_DEVICE3-4_337,2,SIMETRIC Recording 59.tsv,Recording 59,3.0,614154.0,2387,265,0.1110180142438207,0,,,,,,,0.0,,0.0,0.0,0,20.0
P24,4,11,DEVICE1-4,Y,598744,710301,111557.0,616879,651878.0,666312.0,674999,696138.0,P24,P24,Intermediate,False,MST,4,DEVICE1-4,598744,710301,111557,1,11,P24_T11_DEVICE1-4_338,2,SIMETRIC Recording 59.tsv,Recording 59,3.0,614154.0,770,661,0.8584415584415584,0,,,,,,,0.0,,0.0,0.0,0,20.0
P24,1,1,DEVICE3-1,Y,14582,133033,118451.0,,,,,,P24,P24,Intermediate,False,CON,1,DEVICE3-1,14582,133033,118451,1,1,P24_T1_DEVICE3-1_328,1,SIMETRIC Recording 60.tsv,Recording 60,3.0,1678860.0,5912,5326,0.9008795669824087,75,350.46666666666664,180.0,483.5416171287591,80.0,441.0,361.0,26285.0,2906.0,0.6331732108635638,0.22190610463398366,0,20.0
P24,1,2,DEVICE2-1,N,196911,321872,124961.0,,,,,,P24,P24,Intermediate,False,ATG,1,DEVICE2-1,196911,321872,124961,0,2,P24_T2_DEVICE2-1_329,1,SIMETRIC Recording 60.tsv,Recording 60,3.0,1678860.0,6237,5330,0.854577521244188,55,245.4909090909091,140.0,301.47697367554565,80.0,230.0,150.0,13502.0,1763.0,0.44013732284472756,0.10804971150999111,0,20.0
P24,1,3,DEVICE1-1,Y,370382,468567,98185.0,388997,400218.0,417883.0,427958,447466.0,P24,P24,Intermediate,False,MST,1,DEVICE1-1,370382,468567,98185,1,3,P24_T3_DEVICE1-1_330,1,SIMETRIC Recording 60.tsv,Recording 60,3.0,1678860.0,4900,4056,0.8277551020408164,74,217.59459459459458,140.0,241.99631599816288,100.0,240.0,140.0,16102.0,1663.0,0.7536792789122575,0.16399653714925905,0,20.0
P24,2,4,DEVICE1-2,Y,482198,555654,73456.0,490171,498414.0,511198.0,521823,541770.0,P24,P24,Intermediate,False,MST,2,DEVICE1-2,482198,555654,73456,1,4,P24_T4_DEVICE1-2_331,1,SIMETRIC Recording 60.tsv,Recording 60,3.0,1678860.0,3666,2927,0.798417894162575,50,159.06,120.0,118.57390875202982,80.25,181.0,100.75,7953.0,581.0,0.6806795905031583,0.10826889566543237,0,20.0
P24,2,5,DEVICE3-2,Y,14988,68557,53569.0,,,,,,P24,P24,Intermediate,False,CON,2,DEVICE3-2,14988,68557,53569,1,5,P24_T5_DEVICE3-2_332,2,SIMETRIC Recording 60.tsv,Recording 60,3.0,1678860.0,2674,2436,0.9109947643979057,36,385.6111111111111,180.5,459.0769794009203,100.0,471.0,371.0,13882.0,2224.0,0.6720304653810972,0.259142414456122,0,20.0
P24,2,6,DEVICE2-2,Y,81041,151926,70885.0,,,,,,P24,P24,Intermediate,False,ATG,2,DEVICE2-2,81041,151926,70885,1,6,P24_T6_DEVICE2-2_333,2,SIMETRIC Recording 60.tsv,Recording 60,3.0,1678860.0,3538,3122,0.8824194460146976,28,349.9642857142857,140.5,585.6024110797648,80.0,316.0,236.0,9799.0,2906.0,0.3950059956267193,0.1382379911123651,0,20.0
P24,3,7,DEVICE3-3,Y,167600,225034,57434.0,,,,,,P24,P24,Intermediate,False,CON,3,DEVICE3-3,167600,225034,57434,1,7,P24_T7_DEVICE3-3_334,2,SIMETRIC Recording 60.tsv,Recording 60,3.0,1678860.0,2867,2522,0.8796651552145099,57,245.3684210526316,140.0,378.7066161658911,80.0,220.0,140.0,13986.0,2124.0,0.9924435003656371,0.24351429466866317,0,20.0
P24,3,8,DEVICE2-3,Y,238886,295718,56832.0,,,,,,P24,P24,Intermediate,False,ATG,3,DEVICE2-3,238886,295718,56832,1,8,P24_T8_DEVICE2-3_335,2,SIMETRIC Recording 60.tsv,Recording 60,3.0,1678860.0,2837,2435,0.8583010222065562,46,269.10869565217394,150.0,323.2353960444905,80.25,255.75,175.5,12379.0,1763.0,0.8094031531531531,0.2178174268018018,0,20.0
P24,3,9,DEVICE1-3,Y,311714,495574,183860.0,344298/399102/409814,428814.0,442409.0,447001/455940,478050.0,P24,P24,Intermediate,False,MST,3,DEVICE1-3,311714,495574,183860,1,9,P24_T9_DEVICE1-3_336,2,SIMETRIC Recording 60.tsv,Recording 60,3.0,1678860.0,9176,7618,0.8302092414995641,114,207.67543859649123,121.0,216.0270179601246,85.75,240.0,154.25,23675.0,1663.0,0.620036984662243,0.12876645273577722,0,20.0
P24,4,10,DEVICE3-4,Y,517724,565561,47837.0,,,,,,P24,P24,Intermediate,False,CON,4,DEVICE3-4,517724,565561,47837,1,10,P24_T10_DEVICE3-4_337,2,SIMETRIC Recording 60.tsv,Recording 60,3.0,1678860.0,2387,1862,0.7800586510263929,36,171.41666666666666,120.0,114.45757167739369,100.0,240.25,140.25,6171.0,581.0,0.7525555532328532,0.12900056441666494,0,20.0
P24,4,11,DEVICE1-4,Y,598744,710301,111557.0,616879,651878.0,666312.0,674999,696138.0,P24,P24,Intermediate,False,MST,4,DEVICE1-4,598744,710301,111557,1,11,P24_T11_DEVICE1-4_338,2,SIMETRIC Recording 60.tsv,Recording 60,3.0,1678860.0,5568,2752,0.4942528735632184,64,155.609375,110.5,148.05764827357478,80.0,180.25,100.25,9959.0,1102.0,0.5736977509255358,0.0892727484604283,0,20.0
P25,1,1,DEVICE1-1,N,13582,319107,305525.0,40335,139728.0,240174.0,121817/252709,279869.0,P25,P25,Novice,False,MST,1,DEVICE1-1,13582,319107,305525,0,1,P25_T1_DEVICE1-1_343,1,SIMETRIC Recording 61.tsv,Recording 61,2.0,786825.0,15249,15205,0.9971145648895009,31,1796.032258064516,561.0,2571.6401184700653,290.0,1573.0,1283.0,55677.0,9316.0,0.10146469192373783,0.18223385974961132,0,20.0
P25,1,2,DEVICE3-1,N,336197,553706,217509.0,,,,,,P25,P25,Novice,False,CON,1,DEVICE3-1,336197,553706,217509,0,2,P25_T2_DEVICE3-1_344,1,SIMETRIC Recording 61.tsv,Recording 61,2.0,786825.0,10856,10825,0.997144436256448,36,2171.1666666666665,771.5,3863.29493345475,275.75,2610.0,2334.25,78162.0,21739.0,0.16551039267340661,0.3593506475594113,1,20.0
P25,1,3,DEVICE2-1,N,584781,773350,188569.0,,,,,,P25,P25,Novice,False,ATG,1,DEVICE2-1,584781,773350,188569,0,3,P25_T3_DEVICE2-1_345,1,SIMETRIC Recording 61.tsv,Recording 61,2.0,786825.0,9411,9373,0.9959621719264691,24,2736.5833333333335,1392.5,3109.799908517346,556.0,4267.75,3711.75,65678.0,11421.0,0.1272743664122947,0.3482969098844455,1,20.0
P25,2,4,DEVICE2-2,Y,10895,194349,183454.0,,,,,,P25,P25,Novice,False,ATG,2,DEVICE2-2,10895,194349,183454,1,4,P25_T4_DEVICE2-2_346,2,SIMETRIC Recording 61.tsv,Recording 61,2.0,786825.0,9156,9134,0.9975972040192224,31,1796.032258064516,561.0,2571.6401184700653,290.0,1573.0,1283.0,55677.0,9316.0,0.1689796897314858,0.3034929737154818,0,20.0
P25,2,5,DEVICE1-2,N,228979,565360,336381.0,271857/470723,483790.0,509422.0,521563,,P25,P25,Novice,False,MST,2,DEVICE1-2,228979,565360,336381,0,5,P25_T5_DEVICE1-2_347,2,SIMETRIC Recording 61.tsv,Recording 61,2.0,786825.0,16788,16730,0.9965451512985466,36,2171.1666666666665,771.5,3863.29493345475,275.75,2610.0,2334.25,78162.0,21739.0,0.10702150240352458,0.2323615186351191,1,20.0
P25,2,6,DEVICE3-2,Y,588655,724021,135366.0,,,,,,P25,P25,Novice,False,CON,2,DEVICE3-2,588655,724021,135366,1,6,P25_T6_DEVICE3-2_348,2,SIMETRIC Recording 61.tsv,Recording 61,2.0,786825.0,6756,6730,0.9961515689757253,19,2331.5789473684213,1102.0,2957.49893051149,451.0,2945.5,2494.5,44300.0,11421.0,0.14036020861959428,0.32726090746568565,1,20.0
P25,3,7,DEVICE1-3,Y,740193,968563,228370.0,760624,781267.0,883672.0,901669,933841.0,P25,P25,Novice,False,MST,3,DEVICE1-3,740193,968563,228370,1,7,P25_T7_DEVICE1-3_349,2,SIMETRIC Recording 61.tsv,Recording 61,2.0,786825.0,2328,2317,0.9952749140893471,2,4778.5,4778.5,4462.550896068301,3200.75,6356.25,3155.5,9557.0,7934.0,0.00875771773875728,0.04184875421465166,0,20.0
P25,1,1,DEVICE1-1,N,13582,319107,305525.0,40335,139728.0,240174.0,121817/252709,279869.0,P25,P25,Novice,False,MST,1,DEVICE1-1,13582,319107,305525,0,1,P25_T1_DEVICE1-1_343,1,SIMETRIC Recording 62.tsv,Recording 62,15.0,2472168.0,15248,15163,0.9944254984260231,51,2107.6666666666665,801.0,3619.5545784898263,350.5,2164.0,1813.5,107491.0,22661.0,0.16692578348743967,0.35182390966369365,1,20.0
P25,1,2,DEVICE3-1,N,336197,553706,217509.0,,,,,,P25,P25,Novice,False,CON,1,DEVICE3-1,336197,553706,217509,0,2,P25_T2_DEVICE3-1_344,1,SIMETRIC Recording 62.tsv,Recording 62,15.0,2472168.0,10856,10824,0.9970523212969786,13,8651.076923076924,6912.0,8702.821634978876,1463.0,13104.0,11641.0,112464.0,29193.0,0.05976764179873017,0.5170544667117223,6,20.0
P25,1,3,DEVICE2-1,N,584781,773350,188569.0,,,,,,P25,P25,Novice,False,ATG,1,DEVICE2-1,584781,773350,188569,0,3,P25_T3_DEVICE2-1_345,1,SIMETRIC Recording 62.tsv,Recording 62,15.0,2472168.0,9411,9362,0.9947933269578153,27,2458.4444444444443,1022.0,3352.2509926836797,170.5,3356.0,3185.5,66378.0,13444.0,0.14318366221383155,0.3520090789048041,1,20.0
P25,2,4,DEVICE2-2,Y,10895,194349,183454.0,,,,,,P25,P25,Novice,False,ATG,2,DEVICE2-2,10895,194349,183454,1,4,P25_T4_DEVICE2-2_346,2,SIMETRIC Recording 62.tsv,Recording 62,15.0,2472168.0,9157,9107,0.9945396964071203,25,2070.04,1082.0,2369.174847212984,360.0,3126.0,2766.0,51751.0,9216.0,0.1362739433318434,0.2820925136546491,0,20.0
P25,2,5,DEVICE1-2,N,228979,565360,336381.0,271857/470723,483790.0,509422.0,521563,,P25,P25,Novice,False,MST,2,DEVICE1-2,228979,565360,336381,0,5,P25_T5_DEVICE1-2_347,2,SIMETRIC Recording 62.tsv,Recording 62,15.0,2472168.0,16789,16739,0.9970218595508964,40,4316.3,1182.0,6786.386112784541,476.0,4328.0,3852.0,172652.0,29193.0,0.11891278044836065,0.513263234249259,7,20.0
P25,2,6,DEVICE3-2,Y,588655,724021,135366.0,,,,,,P25,P25,Novice,False,CON,2,DEVICE3-2,588655,724021,135366,1,6,P25_T6_DEVICE3-2_348,2,SIMETRIC Recording 62.tsv,Recording 62,15.0,2472168.0,6756,6728,0.9958555358200119,19,2577.2105263157896,1503.0,2814.8729708648066,440.5,4628.0,4187.5,48967.0,9577.0,0.14036020861959428,0.36173780713029857,0,20.0
P25,3,7,DEVICE1-3,Y,740193,968563,228370.0,760624,781267.0,883672.0,901669,933841.0,P25,P25,Novice,False,MST,3,DEVICE1-3,740193,968563,228370,1,7,P25_T7_DEVICE1-3_349,2,SIMETRIC Recording 62.tsv,Recording 62,15.0,2472168.0,11398,11363,0.996929285839621,5,3426.0,1523.0,5652.918140217493,180.0,1843.0,1663.0,17130.0,13444.0,0.0218942943468932,0.0750098524324561,1,20.0
P26,1,1,DEVICE3-1,N,18717,303144,284427.0,,,,,,P26,P26,Novice,False,CON,1,DEVICE3-1,18717,303144,284427,0,1,P26_T1_DEVICE3-1_359,1,SIMETRIC Recording 63.tsv,Recording 63,14.0,303062.0,14192,12696,0.8945885005636979,417,427.5011990407674,181.0,566.1349820557043,100.0,541.0,441.0,178268.0,4388.0,1.4661055385037285,0.6267618756306539,0,20.0
P26,1,2,DEVICE3-1,N,4872,705435,700563.0,,,,,,P26,P26,Novice,False,CON,1,DEVICE3-1,4872,705435,700563,0,2,P26_T2_DEVICE3-1_360,2,SIMETRIC Recording 63.tsv,Recording 63,14.0,303062.0,14883,13333,0.8958543304441309,422,429.5592417061611,181.0,569.5552042483322,100.0,540.75,440.75,181274.0,4388.0,0.6023726631295115,0.2587547443984338,0,20.0
P26,1,4,DEVICE2-1,N,19690,253427,233737.0,,,,,,P26,P26,Novice,False,ATG,1,DEVICE2-1,19690,253427,233737,0,4,P26_T4_DEVICE2-1_362,3,SIMETRIC Recording 63.tsv,Recording 63,14.0,303062.0,11666,10691,0.9164237956454655,389,417.2776349614396,180.0,561.9221981206864,100.0,521.0,421.0,162321.0,4388.0,1.6642636809747708,0.6944600127493722,0,20.0
P26,1,5,DEVICE2-1,N,23920,116215,92295.0,,,,,,P26,P26,Novice,False,ATG,1,DEVICE2-1,23920,116215,92295,0,5,P26_T5_DEVICE2-1_363,4,SIMETRIC Recording 63.tsv,Recording 63,14.0,303062.0,4606,4247,0.9220581849761181,189,321.7037037037037,160.0,488.9271657861285,100.0,321.0,221.0,60802.0,4388.0,2.04778156996587,0.6587789154342055,0,20.0
P26,1,6,DEVICE1-1,Y,21878,562856,540978.0,49129,378381,457459.0,476322.0,551699.0,P26,P26,Novice,False,MST,1,DEVICE1-1,21878,562856,540978,1,6,P26_T6_DEVICE1-1_364,5,SIMETRIC Recording 63.tsv,Recording 63,14.0,303062.0,14034,12554,0.8945418269915918,411,428.7226277372263,181.0,569.1979302954204,100.0,541.0,441.0,176205.0,4388.0,0.7597351463460622,0.3257156483258099,0,20.0
P26,2,8,DEVICE3-2,N,12523,65019,52496.0,,,,,,P26,P26,Novice,False,CON,2,DEVICE3-2,12523,65019,52496,0,8,P26_T8_DEVICE3-2_366,6,SIMETRIC Recording 63.tsv,Recording 63,14.0,303062.0,2620,2321,0.8858778625954199,50,514.48,230.0,767.7230910229262,80.0,636.0,556.0,25724.0,4388.0,0.9524535202682108,0.49001828710758916,0,20.0
P26,2,9,DEVICE2-2,N,84636,183051,98415.0,,,,,,P26,P26,Novice,False,ATG,2,DEVICE2-2,84636,183051,98415,0,9,P26_T9_DEVICE2-2_367,6,SIMETRIC Recording 63.tsv,Recording 63,14.0,303062.0,4912,4577,0.931799674267101,181,417.7403314917127,200.0,533.6012181165304,100.0,521.0,421.0,75611.0,2965.0,1.839150535995529,0.7682873545699335,0,20.0
P26,3,10,DEVICE3-3,N,195326,263180,67854.0,,,,,,P26,P26,Novice,False,CON,3,DEVICE3-3,195326,263180,67854,0,10,P26_T10_DEVICE3-3_368,6,SIMETRIC Recording 63.tsv,Recording 63,14.0,303062.0,3387,3082,0.9099498080897549,88,527.5454545454545,200.0,627.0793806483146,100.0,721.0,621.0,46424.0,2886.0,1.2969021723111387,0.684174845992867,0,20.0
P26,3,11,DEVICE2-3,N,280963,351605,70642.0,,,,,,P26,P26,Novice,False,ATG,3,DEVICE2-3,280963,351605,70642,0,11,P26_T11_DEVICE2-3_369,6,SIMETRIC Recording 63.tsv,Recording 63,14.0,303062.0,1103,780,0.7071622846781505,0,,,,,,,0.0,,0.0,0.0,0,20.0
P26,5,17,DEVICE2-5 ,N,83498,192143,108645.0,,,,,,P26,P26,Novice,False,ATG,5,DEVICE2-5,83498,192143,108645,0,17,P26_T17_DEVICE2-5_375,7,SIMETRIC Recording 63.tsv,Recording 63,14.0,303062.0,5423,5051,0.9314032823160612,200,414.91,200.0,531.5862976594642,100.0,506.0,406.0,82982.0,2965.0,1.840857839753325,0.7637903262920521,0,20.0
P26,5,18,DEVICE1-5 ,Y,294854,1200547,905693.0,328136/707668,582548/808748,990178.0,1007384.0,1181113.0,P26,P26,Novice,False,MST,5,DEVICE1-5,294854,1200547,905693,1,18,P26_T18_DEVICE1-5_376,7,SIMETRIC Recording 63.tsv,Recording 63,14.0,303062.0,410,304,0.7414634146341463,0,,,,,,,0.0,,0.0,0.0,0,20.0
P26,1,1,DEVICE3-1,N,18717,303144,284427.0,,,,,,P26,P26,Novice,False,CON,1,DEVICE3-1,18717,303144,284427,0,1,P26_T1_DEVICE3-1_359,1,SIMETRIC Recording 64.tsv,Recording 64,7.0,1014903.0,14196,12392,0.8729219498450268,475,389.62315789473683,200.0,518.5264124332053,100.0,450.5,350.5,185071.0,3827.0,1.6700242944586834,0.6506801393679221,0,20.0
P26,1,2,DEVICE3-1,N,4872,705435,700563.0,,,,,,P26,P26,Novice,False,CON,1,DEVICE3-1,4872,705435,700563,0,2,P26_T2_DEVICE3-1_360,2,SIMETRIC Recording 64.tsv,Recording 64,7.0,1014903.0,34965,30450,0.8708708708708709,1203,367.6009975062344,181.0,484.1784974263649,100.0,421.0,321.0,442224.0,3827.0,1.7171903169308114,0.6312408734118131,0,20.0
P26,1,3,DEVICE2-1,N,724772,1008732,283960.0,,,,,,P26,P26,Novice,False,ATG,1,DEVICE2-1,724772,1008732,283960,0,3,P26_T3_DEVICE2-1_361,2,SIMETRIC Recording 64.tsv,Recording 64,7.0,1014903.0,14173,10305,0.7270867141748395,392,361.8520408163265,160.0,447.1480739609367,80.0,481.0,401.0,141846.0,2865.0,1.3804761233976617,0.4995281025496549,0,20.0
P26,1,4,DEVICE2-1,N,19690,253427,233737.0,,,,,,P26,P26,Novice,False,ATG,1,DEVICE2-1,19690,253427,233737,0,4,P26_T4_DEVICE2-1_362,3,SIMETRIC Recording 64.tsv,Recording 64,7.0,1014903.0,11666,10118,0.8673067032401851,369,400.1788617886179,181.0,546.3258409074809,100.0,461.0,361.0,147666.0,3827.0,1.578697424883523,0.6317613385985102,0,20.0
P26,1,5,DEVICE2-1,N,23920,116215,92295.0,,,,,,P26,P26,Novice,False,ATG,1,DEVICE2-1,23920,116215,92295,0,5,P26_T5_DEVICE2-1_363,4,SIMETRIC Recording 64.tsv,Recording 64,7.0,1014903.0,4606,4091,0.8881893182805037,145,363.0896551724138,160.0,537.6277227738718,100.0,341.0,241.0,52648.0,3667.0,1.5710493526193186,0.5704317677013923,0,20.0
P26,1,6,DEVICE1-1,Y,21878,562856,540978.0,49129,378381,457459.0,476322.0,551699.0,P26,P26,Novice,False,MST,1,DEVICE1-1,21878,562856,540978,1,6,P26_T6_DEVICE1-1_364,5,SIMETRIC Recording 64.tsv,Recording 64,7.0,1014903.0,27000,23952,0.8871111111111111,913,400.47426067908,200.0,527.4300066279748,100.0,461.0,361.0,365633.0,3827.0,1.6876841572115688,0.6758740651190991,0,20.0
P26,2,7,DEVICE1-2,N,583146,881261,298115.0,613499,636883,733530.0,779185.0,,P26,P26,Novice,False,MST,2,DEVICE1-2,583146,881261,298115,0,7,P26_T7_DEVICE1-2_365,5,SIMETRIC Recording 64.tsv,Recording 64,7.0,1014903.0,14878,12013,0.8074337948649012,506,299.55731225296444,160.0,369.3088348803512,81.0,375.25,294.25,151576.0,2865.0,1.697331566677289,0.5084480821159619,0,20.0
P26,2,8,DEVICE3-2,N,12523,65019,52496.0,,,,,,P26,P26,Novice,False,CON,2,DEVICE3-2,12523,65019,52496,0,8,P26_T8_DEVICE3-2_366,6,SIMETRIC Recording 64.tsv,Recording 64,7.0,1014903.0,2620,2272,0.867175572519084,99,360.7878787878788,161.0,552.5862989712654,100.0,330.0,230.0,35718.0,3667.0,1.8858579701310576,0.6803946967387992,0,20.0
P26,2,9,DEVICE2-2,N,84636,183051,98415.0,,,,,,P26,P26,Novice,False,ATG,2,DEVICE2-2,84636,183051,98415,0,9,P26_T9_DEVICE2-2_367,6,SIMETRIC Recording 64.tsv,Recording 64,7.0,1014903.0,4912,4035,0.821457654723127,149,293.36241610738256,181.0,267.03533055963953,100.0,401.0,301.0,43711.0,1543.0,1.5139968500736676,0.4441497739165778,0,20.0
P26,3,10,DEVICE3-3,N,195326,263180,67854.0,,,,,,P26,P26,Novice,False,CON,3,DEVICE3-3,195326,263180,67854,0,10,P26_T10_DEVICE3-3_368,6,SIMETRIC Recording 64.tsv,Recording 64,7.0,1014903.0,3386,3181,0.9394565859421146,100,557.96,270.0,728.4176418855469,120.0,651.0,531.0,55796.0,3827.0,1.4737524685353849,0.8222949273440033,0,20.0
P26,3,11,DEVICE2-3,N,280963,351605,70642.0,,,,,,P26,P26,Novice,False,ATG,3,DEVICE2-3,280963,351605,70642,0,11,P26_T11_DEVICE2-3_369,6,SIMETRIC Recording 64.tsv,Recording 64,7.0,1014903.0,3526,3110,0.8820192853091322,148,355.4662162162162,200.0,408.2578952757354,100.0,441.0,341.0,52609.0,2364.0,2.0950709209818523,0.7447269329860423,0,20.0
P26,3,12,DEVICE1-3,N,373770,606645,232875.0,402465,436418,595892.0,,,P26,P26,Novice,False,MST,3,DEVICE1-3,373770,606645,232875,0,12,P26_T12_DEVICE1-3_370,6,SIMETRIC Recording 64.tsv,Recording 64,7.0,1014903.0,11623,10070,0.8663856147294158,370,383.07027027027027,200.0,497.8599953747105,100.0,440.75,340.75,141736.0,3126.0,1.5888352120236178,0.6086355340848094,0,20.0
P26,3,13,DEVICE3-4,N,620689,704294,83605.0,,,,,,P26,P26,Novice,False,CON,4,DEVICE3-4,620689,704294,83605,0,13,P26_T13_DEVICE3-4_371,6,SIMETRIC Recording 64.tsv,Recording 64,7.0,1014903.0,4173,3642,0.8727534148094895,172,285.7093023255814,180.0,329.6281394576583,100.0,340.25,240.25,49142.0,2664.0,2.0572932240894684,0.587787811733748,0,20.0
P26,4,14,DEVICE1-4,Y,714070,1177712,463642.0,739986,965215,1058890.0,1083121.0,1163263.0,P26,P26,Novice,False,MST,4,DEVICE1-4,714070,1177712,463642,1,14,P26_T14_DEVICE1-4_372,6,SIMETRIC Recording 64.tsv,Recording 64,7.0,1014903.0,15015,10835,0.7216117216117216,400,360.7275,160.0,444.00328324527226,80.0,481.0,401.0,144291.0,2865.0,0.8627346098929778,0.31121209899016916,0,20.0
P26,5,17,DEVICE2-5 ,N,83498,192143,108645.0,,,,,,P26,P26,Novice,False,ATG,5,DEVICE2-5,83498,192143,108645,0,17,P26_T17_DEVICE2-5_375,7,SIMETRIC Recording 64.tsv,Recording 64,7.0,1014903.0,5423,4426,0.8161534206158952,163,306.02453987730064,181.0,314.0677160395105,100.0,410.5,310.5,49882.0,2184.0,1.50029913939896,0.4591283538128768,0,20.0
P26,5,18,DEVICE1-5 ,Y,294854,1200547,905693.0,328136/707668,582548/808748,990178.0,1007384.0,1181113.0,P26,P26,Novice,False,MST,5,DEVICE1-5,294854,1200547,905693,1,18,P26_T18_DEVICE1-5_376,7,SIMETRIC Recording 64.tsv,Recording 64,7.0,1014903.0,35938,29035,0.8079191941677333,1133,355.74933804060015,180.0,453.34449222695093,100.0,421.0,321.0,403064.0,3126.0,1.2509757721435408,0.44503380284489336,0,20.0
P26,1,1,DEVICE3-1,N,18717,303144,284427.0,,,,,,P26,P26,Novice,False,CON,1,DEVICE3-1,18717,303144,284427,0,1,P26_T1_DEVICE3-1_359,1,SIMETRIC Recording 65.tsv,Recording 65,6.0,263683.0,12227,7889,0.645211417355034,227,397.33920704845815,221.0,494.39562138752405,100.0,461.0,361.0,90196.0,2945.0,0.7980958207202551,0.3171147605536746,0,20.0
P26,1,2,DEVICE3-1,N,4872,705435,700563.0,,,,,,P26,P26,Novice,False,CON,1,DEVICE3-1,4872,705435,700563,0,2,P26_T2_DEVICE3-1_360,2,SIMETRIC Recording 65.tsv,Recording 65,6.0,263683.0,12918,8405,0.6506425143211023,230,397.3,221.0,491.4351334540634,100.25,461.0,360.75,91379.0,2945.0,0.32830737563930723,0.13043652034149678,0,20.0
P26,1,4,DEVICE2-1,N,19690,253427,233737.0,,,,,,P26,P26,Novice,False,ATG,1,DEVICE2-1,19690,253427,233737,0,4,P26_T4_DEVICE2-1_362,3,SIMETRIC Recording 65.tsv,Recording 65,6.0,263683.0,11666,7427,0.6366363792216698,226,394.4911504424779,220.5,493.62323231072986,100.0,461.0,361.0,89155.0,2945.0,0.9668986938311008,0.38143297809076016,0,20.0
P26,1,5,DEVICE2-1,N,23920,116215,92295.0,,,,,,P26,P26,Novice,False,ATG,1,DEVICE2-1,23920,116215,92295,0,5,P26_T5_DEVICE2-1_363,4,SIMETRIC Recording 65.tsv,Recording 65,6.0,263683.0,4606,3726,0.8089448545375597,128,413.703125,220.5,511.1641855187887,100.0,521.0,421.0,52954.0,2865.0,1.3868573595536053,0.5737472235765751,0,20.0
P26,1,6,DEVICE1-1,Y,21878,562856,540978.0,49129.0,378381.0,457459.0,476322.0,551699.0,P26,P26,Novice,False,MST,1,DEVICE1-1,21878,562856,540978,1,6,P26_T6_DEVICE1-1_364,5,SIMETRIC Recording 65.tsv,Recording 65,6.0,263683.0,12069,7731,0.6405667412378822,220,394.50454545454545,220.0,497.00576053667805,100.0,461.0,361.0,86791.0,2945.0,0.4066708812557997,0.16043351115941867,0,20.0
P26,2,8,DEVICE3-2,N,12523,65019,52496.0,,,,,,P26,P26,Novice,False,CON,2,DEVICE3-2,12523,65019,52496,0,8,P26_T8_DEVICE3-2_366,6,SIMETRIC Recording 65.tsv,Recording 65,6.0,263683.0,2620,2044,0.7801526717557252,61,409.21311475409834,241.0,427.19422260271335,141.0,521.0,380.0,24962.0,2544.0,1.1619932947272174,0.4755028954587016,0,20.0
P26,2,9,DEVICE2-2,N,84636,183051,98415.0,,,,,,P26,P26,Novice,False,ATG,2,DEVICE2-2,84636,183051,98415,0,9,P26_T9_DEVICE2-2_367,6,SIMETRIC Recording 65.tsv,Recording 65,6.0,263683.0,4912,3791,0.7717833876221498,143,375.6293706293706,220.0,480.96779896198194,100.0,420.0,320.0,53715.0,2945.0,1.4530305339633185,0.5458009449778997,0,20.0
P26,3,10,DEVICE3-3,N,195326,263180,67854.0,,,,,,P26,P26,Novice,False,CON,3,DEVICE3-3,195326,263180,67854,0,10,P26_T10_DEVICE3-3_368,6,SIMETRIC Recording 65.tsv,Recording 65,6.0,263683.0,3386,1253,0.37005316007088007,0,,,,,,,0.0,,0.0,0.0,0,20.0
P26,5,17,DEVICE2-5 ,N,83498,192143,108645.0,,,,,,P26,P26,Novice,False,ATG,5,DEVICE2-5,83498,192143,108645,0,17,P26_T17_DEVICE2-5_375,7,SIMETRIC Recording 65.tsv,Recording 65,6.0,263683.0,5422,4018,0.7410549612689045,145,373.21379310344827,220.0,478.07947947733334,100.0,420.0,320.0,54116.0,2945.0,1.3346219338211607,0.4980993142804547,0,20.0
P26,1,1,DEVICE3-1,N,18717,303144,284427.0,,,,,,P26,P26,Novice,False,CON,1,DEVICE3-1,18717,303144,284427,0,1,P26_T1_DEVICE3-1_359,1,SIMETRIC Recording 66.tsv,Recording 66,9.0,133551.0,5732,3564,0.6217725052337753,95,292.0736842105263,140.0,326.1826678576749,80.0,361.0,281.0,27747.0,1963.0,0.3340048588917367,0.09755402968072652,0,20.0
P26,1,2,DEVICE3-1,N,4872,705435,700563.0,,,,,,P26,P26,Novice,False,CON,1,DEVICE3-1,4872,705435,700563,0,2,P26_T2_DEVICE3-1_360,2,SIMETRIC Recording 66.tsv,Recording 66,9.0,133551.0,6423,4146,0.64549276039234,103,299.3495145631068,140.0,329.9797887078001,80.0,391.0,311.0,30833.0,1963.0,0.14702460735151585,0.044011744839507656,0,20.0
P26,1,4,DEVICE2-1,N,19690,253427,233737.0,,,,,,P26,P26,Novice,False,ATG,1,DEVICE2-1,19690,253427,233737,0,4,P26_T4_DEVICE2-1_362,3,SIMETRIC Recording 66.tsv,Recording 66,9.0,133551.0,5683,3546,0.6239662150272743,95,292.0736842105263,140.0,326.1826678576749,80.0,361.0,281.0,27747.0,1963.0,0.4064397164334273,0.11871034538819271,0,20.0
P26,1,5,DEVICE2-1,N,23920,116215,92295.0,,,,,,P26,P26,Novice,False,ATG,1,DEVICE2-1,23920,116215,92295,0,5,P26_T5_DEVICE2-1_363,4,SIMETRIC Recording 66.tsv,Recording 66,9.0,133551.0,4606,2784,0.6044290056448112,95,292.0736842105263,140.0,326.1826678576749,80.0,361.0,281.0,27747.0,1963.0,1.0293081965436914,0.3006338371526085,0,20.0
P26,1,6,DEVICE1-1,Y,21878,562856,540978.0,49129.0,378381.0,457459.0,476322.0,551699.0,P26,P26,Novice,False,MST,1,DEVICE1-1,21878,562856,540978,1,6,P26_T6_DEVICE1-1_364,5,SIMETRIC Recording 66.tsv,Recording 66,9.0,133551.0,5574,3499,0.6277359167563689,95,292.0736842105263,140.0,326.1826678576749,80.0,361.0,281.0,27747.0,1963.0,0.17560788054227716,0.05129044064638488,0,20.0
P26,2,8,DEVICE3-2,N,12523,65019,52496.0,,,,,,P26,P26,Novice,False,CON,2,DEVICE3-2,12523,65019,52496,0,8,P26_T8_DEVICE3-2_366,6,SIMETRIC Recording 66.tsv,Recording 66,9.0,133551.0,2620,1941,0.7408396946564886,74,291.85135135135135,130.5,344.7997903263686,80.0,316.0,236.0,21597.0,1963.0,1.4096312099969521,0.41140277354465105,0,20.0
P26,2,9,DEVICE2-2,N,84636,183051,98415.0,,,,,,P26,P26,Novice,False,ATG,2,DEVICE2-2,84636,183051,98415,0,9,P26_T9_DEVICE2-2_367,6,SIMETRIC Recording 66.tsv,Recording 66,9.0,133551.0,2442,1310,0.5364455364455365,2,70.0,70.0,14.142135623730951,65.0,75.0,10.0,140.0,80.0,0.020322105370116344,0.0014225473759081442,0,20.0
P26,5,17,DEVICE2-5 ,N,83498,192143,108645.0,,,,,,P26,P26,Novice,False,ATG,5,DEVICE2-5,83498,192143,108645,0,17,P26_T17_DEVICE2-5_375,7,SIMETRIC Recording 66.tsv,Recording 66,9.0,133551.0,2499,1330,0.5322128851540616,2,70.0,70.0,14.142135623730951,65.0,75.0,10.0,140.0,80.0,0.01840857839753325,0.0012886004878273276,0,20.0
P26,1,1,DEVICE3-1,N,18717,303144,284427.0,,,,,,P26,P26,Novice,False,CON,1,DEVICE3-1,18717,303144,284427,0,1,P26_T1_DEVICE3-1_359,1,SIMETRIC Recording 67.tsv,Recording 67,12.0,937208.0,14196,12312,0.8672865595942519,383,524.4020887728459,220.0,847.1115939243606,100.0,591.0,491.0,200846.0,7614.0,1.3465669574266859,0.70614252514705,0,20.0
P26,1,2,DEVICE3-1,N,4872,705435,700563.0,,,,,,P26,P26,Novice,False,CON,1,DEVICE3-1,4872,705435,700563,0,2,P26_T2_DEVICE3-1_360,2,SIMETRIC Recording 67.tsv,Recording 67,12.0,937208.0,34965,25023,0.7156585156585157,577,462.4263431542461,181.0,755.9711344425718,100.0,501.0,401.0,266820.0,7614.0,0.8236232858429577,0.3808651042090433,0,20.0
P26,1,3,DEVICE2-1,N,724772,1008732,283960.0,,,,,,P26,P26,Novice,False,ATG,1,DEVICE2-1,724772,1008732,283960,0,3,P26_T3_DEVICE2-1_361,2,SIMETRIC Recording 67.tsv,Recording 67,12.0,937208.0,10603,5306,0.5004244081863624,0,,,,,,,0.0,,0.0,0.0,0,20.0
P26,1,4,DEVICE2-1,N,19690,253427,233737.0,,,,,,P26,P26,Novice,False,ATG,1,DEVICE2-1,19690,253427,233737,0,4,P26_T4_DEVICE2-1_362,3,SIMETRIC Recording 67.tsv,Recording 67,12.0,937208.0,11665,10232,0.8771538791255894,318,528.7704402515724,210.5,867.726850569449,100.0,556.0,456.0,168149.0,7614.0,1.3605034718508409,0.7193940197743618,0,20.0
P26,1,5,DEVICE2-1,N,23920,116215,92295.0,,,,,,P26,P26,Novice,False,ATG,1,DEVICE2-1,23920,116215,92295,0,5,P26_T5_DEVICE2-1_363,4,SIMETRIC Recording 67.tsv,Recording 67,12.0,937208.0,4606,4268,0.9266174554928355,103,707.8932038834952,281.0,1189.6693222597228,110.5,831.5,721.0,72913.0,7614.0,1.1159867815157918,0.7899994582588439,0,20.0
P26,1,6,DEVICE1-1,Y,21878,562856,540978.0,49129,378381,457459.0,476322.0,551699.0,P26,P26,Novice,False,MST,1,DEVICE1-1,21878,562856,540978,1,6,P26_T6_DEVICE1-1_364,5,SIMETRIC Recording 67.tsv,Recording 67,12.0,937208.0,27000,19858,0.7354814814814815,504,487.1924603174603,200.0,796.262065529116,100.0,521.0,421.0,245545.0,7614.0,0.931646018876923,0.45389091608161514,0,20.0
P26,2,7,DEVICE1-2,N,583146,881261,298115.0,613499,636883,733530.0,779185.0,,P26,P26,Novice,False,MST,2,DEVICE1-2,583146,881261,298115,0,7,P26_T7_DEVICE1-2_365,5,SIMETRIC Recording 67.tsv,Recording 67,12.0,937208.0,14879,6978,0.46898313058673297,66,300.5,160.0,344.0788035856366,100.0,410.25,310.25,19833.0,1824.0,0.221391073914429,0.06652801771128591,0,20.0
P26,2,8,DEVICE3-2,N,12523,65019,52496.0,,,,,,P26,P26,Novice,False,CON,2,DEVICE3-2,12523,65019,52496,0,8,P26_T8_DEVICE3-2_366,6,SIMETRIC Recording 67.tsv,Recording 67,12.0,937208.0,2620,2257,0.8614503816793894,50,577.4,320.5,655.8987291168835,145.75,796.75,651.0,28870.0,2745.0,0.9524535202682108,0.549946662602865,0,20.0
P26,2,9,DEVICE2-2,N,84636,183051,98415.0,,,,,,P26,P26,Novice,False,ATG,2,DEVICE2-2,84636,183051,98415,0,9,P26_T9_DEVICE2-2_367,6,SIMETRIC Recording 67.tsv,Recording 67,12.0,937208.0,4912,4511,0.9183631921824105,135,598.8296296296296,241.0,957.2883464348718,120.0,631.5,511.5,80842.0,5770.0,1.371742112482853,0.8214398211654728,0,20.0
P26,3,10,DEVICE3-3,N,195326,263180,67854.0,,,,,,P26,P26,Novice,False,CON,3,DEVICE3-3,195326,263180,67854,0,10,P26_T10_DEVICE3-3_368,6,SIMETRIC Recording 67.tsv,Recording 67,12.0,937208.0,3387,2691,0.7945084145261293,117,340.71794871794873,140.0,524.8111786247974,80.0,321.0,241.0,39864.0,4048.0,1.7242903881864002,0.5874966840569458,0,20.0
P26,3,11,DEVICE2-3,N,280963,351605,70642.0,,,,,,P26,P26,Novice,False,ATG,3,DEVICE2-3,280963,351605,70642,0,11,P26_T11_DEVICE2-3_369,6,SIMETRIC Recording 67.tsv,Recording 67,12.0,937208.0,3525,3042,0.8629787234042553,115,423.0,181.0,553.3558862451047,100.0,591.0,491.0,48645.0,3366.0,1.6279267291413042,0.6886130064267716,0,20.0
P26,3,12,DEVICE1-3,N,373770,606645,232875.0,402465,436418,595892.0,,,P26,P26,Novice,False,MST,3,DEVICE1-3,373770,606645,232875,0,12,P26_T12_DEVICE1-3_370,6,SIMETRIC Recording 67.tsv,Recording 67,12.0,937208.0,11622,6512,0.5603166408535536,32,226.65625,140.0,181.47400229251713,115.0,261.0,146.0,7253.0,722.0,0.1374127750939345,0.031145464304884594,0,20.0
P26,3,13,DEVICE3-4,N,620689,704294,83605.0,,,,,,P26,P26,Novice,False,CON,4,DEVICE3-4,620689,704294,83605,0,13,P26_T13_DEVICE3-4_371,6,SIMETRIC Recording 67.tsv,Recording 67,12.0,937208.0,4173,2030,0.4864605799185238,19,253.10526315789474,100.0,340.3946883540475,80.0,181.0,101.0,4809.0,1343.0,0.22725913521918545,0.057520483224687516,0,20.0
P26,4,14,DEVICE1-4,Y,714070,1177712,463642.0,739986,965215,1058890.0,1083121.0,1163263.0,P26,P26,Novice,False,MST,4,DEVICE1-4,714070,1177712,463642,1,14,P26_T14_DEVICE1-4_372,6,SIMETRIC Recording 67.tsv,Recording 67,12.0,937208.0,11137,5497,0.4935799586962378,0,,,,,,,0.0,,0.0,0.0,0,20.0
P26,5,17,DEVICE2-5 ,N,83498,192143,108645.0,,,,,,P26,P26,Novice,False,ATG,5,DEVICE2-5,83498,192143,108645,0,17,P26_T17_DEVICE2-5_375,7,SIMETRIC Recording 67.tsv,Recording 67,12.0,937208.0,5423,4978,0.9179420984694818,154,567.5974025974026,240.5,909.8187675560066,100.25,611.0,510.75,87410.0,5770.0,1.4174605366100603,0.8045469188641907,0,20.0
P26,5,18,DEVICE1-5 ,Y,294854,1200547,905693.0,328136/707668,582548/808748,990178.0,1007384.0,1181113.0,P26,P26,Novice,False,MST,5,DEVICE1-5,294854,1200547,905693,1,18,P26_T18_DEVICE1-5_376,7,SIMETRIC Recording 67.tsv,Recording 67,12.0,937208.0,32060,18108,0.5648159700561447,190,362.10526315789474,161.0,562.6157348061977,100.0,441.0,341.0,68800.0,5350.0,0.2097841100682019,0.07596393038259101,0,20.0
P26,1,1,DEVICE3-1,N,18717,303144,284427.0,,,,,,P26,P26,Novice,False,CON,1,DEVICE3-1,18717,303144,284427,0,1,P26_T1_DEVICE3-1_359,1,SIMETRIC Recording 68.tsv,Recording 68,9.0,1538553.0,14196,12152,0.8560157790927022,37,3512.2972972972975,862.0,5906.552382570399,180.0,3606.0,3426.0,129955.0,21439.0,0.13008610293678166,0.45690106776079625,5,20.0
P26,1,2,DEVICE3-1,N,4872,705435,700563.0,,,,,,P26,P26,Novice,False,CON,1,DEVICE3-1,4872,705435,700563,0,2,P26_T2_DEVICE3-1_360,2,SIMETRIC Recording 68.tsv,Recording 68,9.0,1538553.0,34965,27733,0.7931645931645932,126,1852.1825396825398,551.0,3670.6157573917617,240.0,1437.25,1197.25,233375.0,21439.0,0.17985534491544658,0.333124929520971,6,20.0
P26,1,3,DEVICE2-1,N,724772,1008732,283960.0,,,,,,P26,P26,Novice,False,ATG,1,DEVICE2-1,724772,1008732,283960,0,3,P26_T3_DEVICE2-1_361,2,SIMETRIC Recording 68.tsv,Recording 68,9.0,1538553.0,14172,12887,0.9093282528930285,61,3461.3278688524592,1363.0,4841.238466623018,221.0,4829.0,4608.0,211141.0,21459.0,0.21481898858994225,0.7435589519650655,7,20.0
P26,1,4,DEVICE2-1,N,19690,253427,233737.0,,,,,,P26,P26,Novice,False,ATG,1,DEVICE2-1,19690,253427,233737,0,4,P26_T4_DEVICE2-1_362,3,SIMETRIC Recording 68.tsv,Recording 68,9.0,1538553.0,11665,9977,0.8552936133733391,34,3243.529411764706,802.0,5747.925719323999,185.0,3326.0,3141.0,110280.0,21439.0,0.14546263535512136,0.4718123360871407,4,20.0
P26,1,5,DEVICE2-1,N,23920,116215,92295.0,,,,,,P26,P26,Novice,False,ATG,1,DEVICE2-1,23920,116215,92295,0,5,P26_T5_DEVICE2-1_363,4,SIMETRIC Recording 68.tsv,Recording 68,9.0,1538553.0,4606,4054,0.8801563178462875,16,2170.0625,821.0,3311.51180920437,135.75,3326.0,3190.25,34721.0,12342.0,0.17335716994420067,0.3761958936020369,1,20.0
P26,1,6,DEVICE1-1,Y,21878,562856,540978.0,49129,378381,457459.0,476322.0,551699.0,P26,P26,Novice,False,MST,1,DEVICE1-1,21878,562856,540978,1,6,P26_T6_DEVICE1-1_364,5,SIMETRIC Recording 68.tsv,Recording 68,9.0,1538553.0,27000,21251,0.787074074074074,81,2174.2716049382716,521.0,4372.813768079844,240.0,1342.0,1102.0,176116.0,21439.0,0.14972882446236263,0.32555113146930187,6,20.0
P26,2,7,DEVICE1-2,N,583146,881261,298115.0,613499,636883,733530.0,779185.0,,P26,P26,Novice,False,MST,2,DEVICE1-2,583146,881261,298115,0,7,P26_T7_DEVICE1-2_365,5,SIMETRIC Recording 68.tsv,Recording 68,9.0,1538553.0,14878,13240,0.8899045570641215,68,2696.235294117647,741.0,4508.08259243642,155.25,2644.25,2489.0,183344.0,21459.0,0.22809989433607836,0.6150109856934405,5,20.0
P26,2,8,DEVICE3-2,N,12523,65019,52496.0,,,,,,P26,P26,Novice,False,CON,2,DEVICE3-2,12523,65019,52496,0,8,P26_T8_DEVICE3-2_366,6,SIMETRIC Recording 68.tsv,Recording 68,9.0,1538553.0,2620,2371,0.9049618320610687,8,3538.875,1954.0,4111.40717785807,966.75,4378.0,3411.25,28311.0,12342.0,0.15239256324291373,0.5392982322462664,1,20.0
P26,2,9,DEVICE2-2,N,84636,183051,98415.0,,,,,,P26,P26,Novice,False,ATG,2,DEVICE2-2,84636,183051,98415,0,9,P26_T9_DEVICE2-2_367,6,SIMETRIC Recording 68.tsv,Recording 68,9.0,1538553.0,4912,4181,0.8511807817589576,17,3381.4117647058824,721.0,6333.898799898286,180.0,3326.0,3146.0,57484.0,21439.0,0.1727378956459889,0.584097952547884,2,20.0
P26,3,10,DEVICE3-3,N,195326,263180,67854.0,,,,,,P26,P26,Novice,False,CON,3,DEVICE3-3,195326,263180,67854,0,10,P26_T10_DEVICE3-3_368,6,SIMETRIC Recording 68.tsv,Recording 68,9.0,1538553.0,3386,2713,0.8012404016538689,7,3818.5714285714284,862.0,7050.390718656257,531.5,2484.5,1953.0,26730.0,19596.0,0.10316267279747694,0.39393403483950834,1,20.0
P26,3,11,DEVICE2-3,N,280963,351605,70642.0,,,,,,P26,P26,Novice,False,ATG,3,DEVICE2-3,280963,351605,70642,0,11,P26_T11_DEVICE2-3_369,6,SIMETRIC Recording 68.tsv,Recording 68,9.0,1538553.0,3526,2907,0.8244469653998866,36,852.6111111111111,331.0,2581.406441433239,240.0,536.0,296.0,30694.0,15809.0,0.5096118456442343,0.4345007219501147,1,20.0
P26,3,12,DEVICE1-3,N,373770,606645,232875.0,402465,436418,595892.0,,,P26,P26,Novice,False,MST,3,DEVICE1-3,373770,606645,232875,0,12,P26_T12_DEVICE1-3_370,6,SIMETRIC Recording 68.tsv,Recording 68,9.0,1538553.0,11622,8078,0.6950610910342454,8,3468.875,2615.0,3341.955391576272,1052.0,5099.25,4047.25,27751.0,10218.0,0.03435319377348363,0.11916693505099302,1,20.0
P26,3,13,DEVICE3-4,N,620689,704294,83605.0,,,,,,P26,P26,Novice,False,CON,4,DEVICE3-4,620689,704294,83605,0,13,P26_T13_DEVICE3-4_371,6,SIMETRIC Recording 68.tsv,Recording 68,9.0,1538553.0,4173,3348,0.8023005032350827,39,1135.2820512820513,521.0,1692.7591607338338,200.5,1352.0,1151.5,44276.0,7894.0,0.4664792775551701,0.5295855511034029,0,20.0
P26,4,14,DEVICE1-4,Y,714070,1177712,463642.0,739986,965215,1058890.0,1083121.0,1163263.0,P26,P26,Novice,False,MST,4,DEVICE1-4,714070,1177712,463642,1,14,P26_T14_DEVICE1-4_372,6,SIMETRIC Recording 68.tsv,Recording 68,9.0,1538553.0,23140,20539,0.8875972342264478,68,3194.5882352941176,1021.5,4661.999299625673,235.25,4012.5,3777.25,217232.0,21459.0,0.14666488368180622,0.4685339119406784,7,20.0
P26,4,15,DEVICE2-4,N,1191890,1283678,91788.0,,,,,,P26,P26,Novice,False,ATG,4,DEVICE2-4,1191890,1283678,91788,0,15,P26_T15_DEVICE2-4_373,6,SIMETRIC Recording 68.tsv,Recording 68,9.0,1538553.0,4581,4229,0.9231608819035145,21,1690.7142857142858,922.0,2015.358185108968,140.0,3366.0,3226.0,35505.0,7213.0,0.22878807687279384,0.3868152699699307,0,20.0
P26,5,16,DEVICE3-5 ,Y,1303346,1386832,83486.0,,,,,,P26,P26,Novice,False,CON,5,DEVICE3-5,1303346,1386832,83486,1,16,P26_T16_DEVICE3-5_374,6,SIMETRIC Recording 68.tsv,Recording 68,9.0,1538553.0,4167,3663,0.8790496760259179,8,3338.5,2945.0,2805.227874624703,1056.75,4994.25,3937.5,26708.0,8555.0,0.09582444960831756,0.3199099250173682,0,20.0
P26,5,17,DEVICE2-5 ,N,83498,192143,108645.0,,,,,,P26,P26,Novice,False,ATG,5,DEVICE2-5,83498,192143,108645,0,17,P26_T17_DEVICE2-5_375,7,SIMETRIC Recording 68.tsv,Recording 68,9.0,1538553.0,5423,4650,0.8574589710492347,17,3381.4117647058824,721.0,6333.898799898286,180.0,3326.0,3146.0,57484.0,21439.0,0.15647291637903263,0.5290993603019006,2,20.0
P26,5,18,DEVICE1-5 ,Y,294854,1200547,905693.0,328136/707668,582548/808748,990178.0,1007384.0,1181113.0,P26,P26,Novice,False,MST,5,DEVICE1-5,294854,1200547,905693,1,18,P26_T18_DEVICE1-5_376,7,SIMETRIC Recording 68.tsv,Recording 68,9.0,1538553.0,45203,37408,0.8275556932062031,156,2129.8333333333335,581.0,3663.817143685748,240.0,1823.25,1583.25,332254.0,21459.0,0.17224379563494474,0.3668505774031598,9,20.0
P26,1,1,DEVICE3-1,N,18717,303144,284427.0,,,,,,P26,P26,Novice,False,CON,1,DEVICE3-1,18717,303144,284427,0,1,P26_T1_DEVICE3-1_359,1,SIMETRIC Recording 69.tsv,Recording 69,15.0,1316497.0,14196,12790,0.9009580163426317,36,1641.25,691.0,2323.710805402182,205.0,2218.5,2013.5,59085.0,12002.0,0.12657026231686863,0.20773344302756067,1,20.0
P26,1,2,DEVICE3-1,N,4872,705435,700563.0,,,,,,P26,P26,Novice,False,CON,1,DEVICE3-1,4872,705435,700563,0,2,P26_T2_DEVICE3-1_360,2,SIMETRIC Recording 69.tsv,Recording 69,15.0,1316497.0,34965,32138,0.9191477191477192,240,1584.1125,461.0,3255.280437669936,201.0,1348.0,1147.0,380187.0,29414.0,0.3425816093627554,0.5426878096616579,8,20.0
P26,1,3,DEVICE2-1,N,724772,1008732,283960.0,,,,,,P26,P26,Novice,False,ATG,1,DEVICE2-1,724772,1008732,283960,0,3,P26_T3_DEVICE2-1_361,2,SIMETRIC Recording 69.tsv,Recording 69,15.0,1316497.0,14172,9155,0.6459920970928592,41,1919.0487804878048,521.0,3762.788035162355,160.0,1222.0,1062.0,78681.0,16931.0,0.14438653331455137,0.27708480067615154,2,20.0
P26,1,4,DEVICE2-1,N,19690,253427,233737.0,,,,,,P26,P26,Novice,False,ATG,1,DEVICE2-1,19690,253427,233737,0,4,P26_T4_DEVICE2-1_362,3,SIMETRIC Recording 69.tsv,Recording 69,15.0,1316497.0,11666,10628,0.9110234870564032,32,1694.28125,691.0,2423.3483398825047,235.0,2218.5,1983.5,54217.0,12002.0,0.13690600974599657,0.23195728532495924,1,20.0
P26,1,5,DEVICE2-1,N,23920,116215,92295.0,,,,,,P26,P26,Novice,False,ATG,1,DEVICE2-1,23920,116215,92295,0,5,P26_T5_DEVICE2-1_363,4,SIMETRIC Recording 69.tsv,Recording 69,15.0,1316497.0,4606,4248,0.9222752930959618,19,1285.421052631579,521.0,1526.2824959062925,310.5,1613.0,1302.5,24423.0,5330.0,0.20586163930873827,0.2646188850967008,0,20.0
P26,1,6,DEVICE1-1,Y,21878,562856,540978.0,49129,378381,457459.0,476322.0,551699.0,P26,P26,Novice,False,MST,1,DEVICE1-1,21878,562856,540978,1,6,P26_T6_DEVICE1-1_364,5,SIMETRIC Recording 69.tsv,Recording 69,15.0,1316497.0,27000,25176,0.9324444444444444,126,2255.8492063492063,521.0,4196.338535566378,205.75,2339.0,2133.25,284237.0,29414.0,0.23291150471923075,0.525413233070476,8,20.0
P26,2,7,DEVICE1-2,N,583146,881261,298115.0,613499,636883,733530.0,779185.0,,P26,P26,Novice,False,MST,2,DEVICE1-2,583146,881261,298115,0,7,P26_T7_DEVICE1-2_365,5,SIMETRIC Recording 69.tsv,Recording 69,15.0,1316497.0,14879,12270,0.824652194367901,159,1155.5157232704403,440.0,2345.0069305863576,181.0,982.0,801.0,183727.0,16931.0,0.5333512235211244,0.6162957248041863,2,20.0
P26,2,8,DEVICE3-2,N,12523,65019,52496.0,,,,,,P26,P26,Novice,False,CON,2,DEVICE3-2,12523,65019,52496,0,8,P26_T8_DEVICE3-2_366,6,SIMETRIC Recording 69.tsv,Recording 69,15.0,1316497.0,2620,2338,0.8923664122137405,0,,,,,,,0.0,,0.0,0.0,0,20.0
P26,2,9,DEVICE2-2,N,84636,183051,98415.0,,,,,,P26,P26,Novice,False,ATG,2,DEVICE2-2,84636,183051,98415,0,9,P26_T9_DEVICE2-2_367,6,SIMETRIC Recording 69.tsv,Recording 69,15.0,1316497.0,4912,4441,0.9041123778501629,25,1964.28,902.0,2658.085848249952,240.0,3085.0,2845.0,49107.0,12002.0,0.2540263171264543,0.49897881420515167,1,20.0
P26,3,10,DEVICE3-3,N,195326,263180,67854.0,,,,,,P26,P26,Novice,False,CON,3,DEVICE3-3,195326,263180,67854,0,10,P26_T10_DEVICE3-3_368,6,SIMETRIC Recording 69.tsv,Recording 69,15.0,1316497.0,3387,3207,0.9468556244464128,0,,,,,,,0.0,,0.0,0.0,0,20.0
P26,3,11,DEVICE2-3,N,280963,351605,70642.0,,,,,,P26,P26,Novice,False,ATG,3,DEVICE2-3,280963,351605,70642,0,11,P26_T11_DEVICE2-3_369,6,SIMETRIC Recording 69.tsv,Recording 69,15.0,1316497.0,3526,3213,0.9112308564946114,10,3472.2,2013.5,4261.108431695521,500.75,4683.0,4182.25,34722.0,13705.0,0.14155884601228733,0.49152062512386396,1,20.0
P26,3,12,DEVICE1-3,N,373770,606645,232875.0,402465,436418,595892.0,,,P26,P26,Novice,False,MST,3,DEVICE1-3,373770,606645,232875,0,12,P26_T12_DEVICE1-3_370,6,SIMETRIC Recording 69.tsv,Recording 69,15.0,1316497.0,11623,10923,0.9397745848748171,92,2136.5108695652175,460.5,4292.563105053851,180.0,2109.0,1929.0,196559.0,29414.0,0.3950617283950617,0.8440536768652711,5,20.0
P26,3,13,DEVICE3-4,N,620689,704294,83605.0,,,,,,P26,P26,Novice,False,CON,4,DEVICE3-4,620689,704294,83605,0,13,P26_T13_DEVICE3-4_371,6,SIMETRIC Recording 69.tsv,Recording 69,15.0,1316497.0,4173,3815,0.9142104001917086,83,770.3012048192771,421.0,1125.6432170415728,200.0,902.0,702.0,63935.0,8816.0,0.9927635906943364,0.7647269900125591,0,20.0
P26,4,14,DEVICE1-4,Y,714070,1177712,463642.0,739986,965215,1058890.0,1083121.0,1163263.0,P26,P26,Novice,False,MST,4,DEVICE1-4,714070,1177712,463642,1,14,P26_T14_DEVICE1-4_372,6,SIMETRIC Recording 69.tsv,Recording 69,15.0,1316497.0,23140,16257,0.7025496974935177,51,1681.0392156862745,421.0,3435.13932154598,140.0,1172.0,1032.0,85733.0,16931.0,0.10999866276135467,0.18491206577488667,2,20.0
P26,4,15,DEVICE2-4,N,1191890,1283678,91788.0,,,,,,P26,P26,Novice,False,ATG,4,DEVICE2-4,1191890,1283678,91788,0,15,P26_T15_DEVICE2-4_373,6,SIMETRIC Recording 69.tsv,Recording 69,15.0,1316497.0,4582,2978,0.6499345264076822,0,,,,,,,0.0,,0.0,0.0,0,20.0
P26,5,16,DEVICE3-5 ,Y,1303346,1386832,83486.0,,,,,,P26,P26,Novice,False,CON,5,DEVICE3-5,1303346,1386832,83486,1,16,P26_T16_DEVICE3-5_374,6,SIMETRIC Recording 69.tsv,Recording 69,15.0,1316497.0,657,502,0.7640791476407914,0,,,,,,,0.0,,0.0,0.0,0,20.0
P26,5,17,DEVICE2-5 ,N,83498,192143,108645.0,,,,,,P26,P26,Novice,False,ATG,5,DEVICE2-5,83498,192143,108645,0,17,P26_T17_DEVICE2-5_375,7,SIMETRIC Recording 69.tsv,Recording 69,15.0,1316497.0,5423,4849,0.8941545270145675,25,1964.28,902.0,2658.085848249952,240.0,3085.0,2845.0,49107.0,12002.0,0.23010722996916563,0.45199502968383265,1,20.0
P26,5,18,DEVICE1-5 ,Y,294854,1200547,905693.0,328136/707668,582548/808748,990178.0,1007384.0,1181113.0,P26,P26,Novice,False,MST,5,DEVICE1-5,294854,1200547,905693,1,18,P26_T18_DEVICE1-5_376,7,SIMETRIC Recording 69.tsv,Recording 69,15.0,1316497.0,45203,36471,0.8068269805101431,260,1608.0576923076924,441.0,3399.179936382008,180.75,1237.25,1056.5,418095.0,29414.0,0.2870729927249079,0.4616299342050783,9,20.0
P27,1,1,DEVICE2-1,N,10698,170748,160050.0,,,,,,P27,P27,Novice,False,ATG,1,DEVICE2-1,10698,170748,160050,0,1,P27_T1_DEVICE2-1_377,1,SIMETRIC Recording 70.tsv,Recording 70,24.0,1422177.0,7988,7519,0.9412869303955934,39,791.1282051282051,340.0,1051.407307011021,160.0,911.0,751.0,30854.0,4067.0,0.24367385192127458,0.19277725710715402,0,20.0
P27,1,2,DEVICE3-1,Y,203610,329047,125437.0,,,,,,P27,P27,Novice,False,CON,1,DEVICE3-1,203610,329047,125437,1,2,P27_T2_DEVICE3-1_378,1,SIMETRIC Recording 70.tsv,Recording 70,24.0,1422177.0,6261,5516,0.8810094234147899,46,919.9565217391304,350.5,1467.3019678083647,180.25,1002.0,821.75,42318.0,7193.0,0.3667179540327017,0.33736457345121457,0,20.0
P27,1,3,DEVICE1-1,Y,347747,541375,193628.0,366917.0,415477.0,485526.0,494670.0,536187.0,P27,P27,Novice,False,MST,1,DEVICE1-1,347747,541375,193628,1,3,P27_T3_DEVICE1-1_379,1,SIMETRIC Recording 70.tsv,Recording 70,24.0,1422177.0,9664,8871,0.917942880794702,64,1101.984375,350.5,1665.4591005560599,160.75,927.0,766.25,70527.0,7974.0,0.3305307083686244,0.3642396760799058,0,20.0
P27,2,4,DEVICE1-2,Y,560156,691252,131096.0,583029.0,599357.0,635718.0,645243.0,684975.0,P27,P27,Novice,False,MST,2,DEVICE1-2,560156,691252,131096,1,4,P27_T4_DEVICE1-2_380,1,SIMETRIC Recording 70.tsv,Recording 70,24.0,1422177.0,6543,6077,0.9287788476234143,31,1203.5483870967741,541.0,1525.397474730432,220.5,1853.5,1633.0,37310.0,7353.0,0.2364679318972356,0.28460059803502774,0,20.0
P27,2,5,DEVICE2-2,Y,721222,817835,96613.0,,,,,,P27,P27,Novice,False,ATG,2,DEVICE2-2,721222,817835,96613,1,5,P27_T5_DEVICE2-2_381,1,SIMETRIC Recording 70.tsv,Recording 70,24.0,1422177.0,4822,4367,0.9056408129406885,24,1112.8333333333333,761.0,1197.2417817876099,100.75,1743.25,1642.5,26708.0,4548.0,0.24841377454379845,0.27644312877149035,0,20.0
P27,2,6,DEVICE3-2,Y,833170,866430,33260.0,,,,,,P27,P27,Novice,False,CON,2,DEVICE3-2,833170,866430,33260,1,6,P27_T6_DEVICE3-2_382,1,SIMETRIC Recording 70.tsv,Recording 70,24.0,1422177.0,1660,1566,0.9433734939759036,7,1508.4285714285713,921.0,2216.7146002694208,340.5,1232.5,892.0,10559.0,6412.0,0.21046301864101025,0.31746843054720386,0,20.0
P27,3,7,DEVICE1-3,Y,885505,998901,113396.0,899152.0,910803.0,935146.0,950864.0,967674.0,P27,P27,Novice,False,MST,3,DEVICE1-3,885505,998901,113396,1,7,P27_T7_DEVICE1-3_383,1,SIMETRIC Recording 70.tsv,Recording 70,24.0,1422177.0,5660,5137,0.9075971731448763,19,1138.8947368421052,1001.0,1052.8415990777237,261.0,1432.5,1171.5,21639.0,3767.0,0.16755441109033828,0.19082683692546473,0,20.0
P27,3,8,DEVICE2-3,Y,1015789,1089988,74199.0,,,,,,P27,P27,Novice,False,ATG,3,DEVICE2-3,1015789,1089988,74199,1,8,P27_T8_DEVICE2-3_384,1,SIMETRIC Recording 70.tsv,Recording 70,24.0,1422177.0,3703,3352,0.9052119902781528,20,950.6,460.5,1418.832893242671,155.0,1017.0,862.0,19012.0,5770.0,0.26954541166323,0.2562298683270664,0,20.0
P27,3,9,DEVICE3-3,Y,1100075,1187946,87871.0,,,,,,P27,P27,Novice,False,CON,3,DEVICE3-3,1100075,1187946,87871,1,9,P27_T9_DEVICE3-3_385,1,SIMETRIC Recording 70.tsv,Recording 70,24.0,1422177.0,4385,3989,0.9096921322690992,64,436.078125,240.5,478.27120235903016,100.0,586.0,486.0,27909.0,2645.0,0.728340408098235,0.3176133195252131,0,20.0
P27,4,10,DEVICE1-4,Y,1200642,1297272,96630.0,1211841.0,1233475.0,1260011.0,1268274.0,1281765.0,P27,P27,Novice,False,MST,4,DEVICE1-4,1200642,1297272,96630,1,10,P27_T10_DEVICE1-4_386,1,SIMETRIC Recording 70.tsv,Recording 70,24.0,1422177.0,4823,4361,0.9042089985486212,37,505.7567567567568,220.0,748.3031696001519,120.0,481.0,361.0,18713.0,3466.0,0.38290386008485977,0.19365621442616165,0,20.0
P27,4,12,DEVICE3-4,Y,17545,137770,120225.0,,,,,,P27,P27,Novice,False,CON,4,DEVICE3-4,17545,137770,120225,1,12,P27_T12_DEVICE3-4_388,2,SIMETRIC Recording 70.tsv,Recording 70,24.0,1422177.0,6000,5670,0.945,35,863.2285714285714,381.0,1087.3930261305297,230.5,981.5,751.0,30213.0,4067.0,0.2911208151382824,0.25130380536494074,0,20.0
P27,5,13,DEVICE1-5 ,Y,158255,253527,95272.0,170998.0,187868.0,200818.0,211548.0,244869.0,P27,P27,Novice,False,MST,5,DEVICE1-5,158255,253527,95272,1,13,P27_T13_DEVICE1-5_389,2,SIMETRIC Recording 70.tsv,Recording 70,24.0,1422177.0,4755,4234,0.8904311251314406,15,784.0666666666667,461.0,1195.755915529507,180.5,831.5,651.0,11761.0,4869.0,0.15744394995381644,0.12344655302712235,0,20.0
P27,5,14,DEVICE3-5 ,Y,568308,711813,143505.0,,,,,,P27,P27,Novice,False,CON,5,DEVICE3-5,568308,711813,143505,1,14,P27_T14_DEVICE3-5_390,2,SIMETRIC Recording 70.tsv,Recording 70,24.0,1422177.0,7163,6635,0.9262878682116432,31,1215.1612903225807,541.0,1516.20519932218,270.0,1853.5,1583.5,37670.0,7353.0,0.21602034772307585,0.2624995644751054,0,20.0
P27,5,15,DEVICE2-5 ,N,902753,1078590,175837.0,,,,,,P27,P27,Novice,False,ATG,5,DEVICE2-5,902753,1078590,175837,0,15,P27_T15_DEVICE2-5_391,2,SIMETRIC Recording 70.tsv,Recording 70,24.0,1422177.0,8776,7918,0.9022333637192342,35,988.0,501.0,1209.4658276426392,150.0,1302.0,1152.0,34580.0,5770.0,0.19904798193781742,0.1966594061545636,0,20.0
P27,5,16,DEVICE2-5 ,Y,1138068,1199885,61817.0,,,,,,P27,P27,Novice,False,ATG,5,DEVICE2-5,1138068,1199885,61817,1,16,P27_T16_DEVICE2-5_392,2,SIMETRIC Recording 70.tsv,Recording 70,24.0,1422177.0,3085,2777,0.900162074554295,36,397.3888888888889,230.5,385.70294104421697,95.0,646.0,551.0,14306.0,1543.0,0.5823640746073087,0.23142501253700437,0,20.0
P27,1,1,DEVICE2-1,N,10698,170748,160050.0,,,,,,P27,P27,Novice,False,ATG,1,DEVICE2-1,10698,170748,160050,0,1,P27_T1_DEVICE2-1_377,1,SIMETRIC Recording 71.tsv,Recording 71,17.0,1298927.0,7988,7775,0.9733350025037556,0,,,,,,,0.0,,0.0,0.0,0,20.0
P27,1,2,DEVICE3-1,Y,203610,329047,125437.0,,,,,,P27,P27,Novice,False,CON,1,DEVICE3-1,203610,329047,125437,1,2,P27_T2_DEVICE3-1_378,1,SIMETRIC Recording 71.tsv,Recording 71,17.0,1298927.0,6260,6088,0.9725239616613418,0,,,,,,,0.0,,0.0,0.0,0,20.0
P27,1,3,DEVICE1-1,Y,347747,541375,193628.0,366917.0,415477.0,485526.0,494670.0,536187.0,P27,P27,Novice,False,MST,1,DEVICE1-1,347747,541375,193628,1,3,P27_T3_DEVICE1-1_379,1,SIMETRIC Recording 71.tsv,Recording 71,17.0,1298927.0,9663,9092,0.9409086205112284,0,,,,,,,0.0,,0.0,0.0,0,20.0
P27,2,4,DEVICE1-2,Y,560156,691252,131096.0,583029.0,599357.0,635718.0,645243.0,684975.0,P27,P27,Novice,False,MST,2,DEVICE1-2,560156,691252,131096,1,4,P27_T4_DEVICE1-2_380,1,SIMETRIC Recording 71.tsv,Recording 71,17.0,1298927.0,6543,6337,0.968515971267003,2,361.0,361.0,197.9898987322333,291.0,431.0,140.0,722.0,501.0,0.015255995606273266,0.005507414413864649,0,20.0
P27,2,5,DEVICE2-2,Y,721222,817835,96613.0,,,,,,P27,P27,Novice,False,ATG,2,DEVICE2-2,721222,817835,96613,1,5,P27_T5_DEVICE2-2_381,1,SIMETRIC Recording 71.tsv,Recording 71,17.0,1298927.0,4822,4519,0.9371630029033596,0,,,,,,,0.0,,0.0,0.0,0,20.0
P27,2,6,DEVICE3-2,Y,833170,866430,33260.0,,,,,,P27,P27,Novice,False,CON,2,DEVICE3-2,833170,866430,33260,1,6,P27_T6_DEVICE3-2_382,1,SIMETRIC Recording 71.tsv,Recording 71,17.0,1298927.0,1660,1110,0.6686746987951807,0,,,,,,,0.0,,0.0,0.0,0,20.0
P27,3,7,DEVICE1-3,Y,885505,998901,113396.0,899152.0,910803.0,935146.0,950864.0,967674.0,P27,P27,Novice,False,MST,3,DEVICE1-3,885505,998901,113396,1,7,P27_T7_DEVICE1-3_383,1,SIMETRIC Recording 71.tsv,Recording 71,17.0,1298927.0,5659,5264,0.9301996819226012,0,,,,,,,0.0,,0.0,0.0,0,20.0
P27,3,8,DEVICE2-3,Y,1015789,1089988,74199.0,,,,,,P27,P27,Novice,False,ATG,3,DEVICE2-3,1015789,1089988,74199,1,8,P27_T8_DEVICE2-3_384,1,SIMETRIC Recording 71.tsv,Recording 71,17.0,1298927.0,3703,3284,0.8868485012152308,3,567.6666666666666,701.0,398.1134679125203,410.5,791.5,381.0,1703.0,882.0,0.04043181174948449,0.02295179180312403,0,20.0
P27,3,9,DEVICE3-3,Y,1100075,1187946,87871.0,,,,,,P27,P27,Novice,False,CON,3,DEVICE3-3,1100075,1187946,87871,1,9,P27_T9_DEVICE3-3_385,1,SIMETRIC Recording 71.tsv,Recording 71,17.0,1298927.0,4386,4112,0.9375284997720018,1,4447.0,4447.0,,4447.0,4447.0,0.0,4447.0,4447.0,0.011380318876534921,0.050608278043950794,0,20.0
P27,4,10,DEVICE1-4,Y,1200642,1297272,96630.0,1211841.0,1233475.0,1260011.0,1268274.0,1281765.0,P27,P27,Novice,False,MST,4,DEVICE1-4,1200642,1297272,96630,1,10,P27_T10_DEVICE1-4_386,1,SIMETRIC Recording 71.tsv,Recording 71,17.0,1298927.0,4823,4421,0.9166493883475015,0,,,,,,,0.0,,0.0,0.0,0,20.0
P27,4,12,DEVICE3-4,Y,17545,137770,120225.0,,,,,,P27,P27,Novice,False,CON,4,DEVICE3-4,17545,137770,120225,1,12,P27_T12_DEVICE3-4_388,2,SIMETRIC Recording 71.tsv,Recording 71,17.0,1298927.0,6001,5882,0.9801699716713881,0,,,,,,,0.0,,0.0,0.0,0,20.0
P27,5,13,DEVICE1-5 ,Y,158255,253527,95272.0,170998.0,187868.0,200818.0,211548.0,244869.0,P27,P27,Novice,False,MST,5,DEVICE1-5,158255,253527,95272,1,13,P27_T13_DEVICE1-5_389,2,SIMETRIC Recording 71.tsv,Recording 71,17.0,1298927.0,4755,4630,0.9737118822292324,0,,,,,,,0.0,,0.0,0.0,0,20.0
P27,5,14,DEVICE3-5 ,Y,568308,711813,143505.0,,,,,,P27,P27,Novice,False,CON,5,DEVICE3-5,568308,711813,143505,1,14,P27_T14_DEVICE3-5_390,2,SIMETRIC Recording 71.tsv,Recording 71,17.0,1298927.0,7162,6929,0.9674671879363307,0,,,,,,,0.0,,0.0,0.0,0,20.0
P27,5,15,DEVICE2-5 ,N,902753,1078590,175837.0,,,,,,P27,P27,Novice,False,ATG,5,DEVICE2-5,902753,1078590,175837,0,15,P27_T15_DEVICE2-5_391,2,SIMETRIC Recording 71.tsv,Recording 71,17.0,1298927.0,8776,8071,0.9196672743846855,3,567.6666666666666,701.0,398.1134679125203,410.5,791.5,381.0,1703.0,882.0,0.017061255594670064,0.009685106092574372,0,20.0
P27,5,16,DEVICE2-5 ,Y,1138068,1199885,61817.0,,,,,,P27,P27,Novice,False,ATG,5,DEVICE2-5,1138068,1199885,61817,1,16,P27_T16_DEVICE2-5_392,2,SIMETRIC Recording 71.tsv,Recording 71,17.0,1298927.0,3085,2924,0.9478119935170178,1,4447.0,4447.0,,4447.0,4447.0,0.0,4447.0,4447.0,0.016176779850203018,0.07193813999385282,0,20.0
