Id,Round,Time,Device,FTIS,Start time (ms),End Time (ms),Duration (ms),Needle In (ms),Wire In (ms),Needle Out (ms),Catheter Over Needle (ms),Wire Out (ms),Participant_raw,Participant,Expertise,Abort_participant,Device_name,Repetition,Device_code_clean,Attempt_start_ms,Attempt_end_ms,Attempt_duration_ms,Success,Attempt_sequence,Attempt_ID,Session_index,Experience3,AnyExperience,Recording,File,Eye_sample_count,Mapped_fixation_count,Saccade_count,Saccade_rate_per_second,Amplitude_saccade_count,Amplitude_valid_proportion,Mean_saccade_amplitude_deg,Median_saccade_amplitude_deg,Q1_saccade_amplitude_deg,Q3_saccade_amplitude_deg,Max_saccade_amplitude_deg,Amplitude_method,Repetition_c,Attempt_sequence_c,log_attempt_seconds,log_mean_saccade_amplitude
P1,1,1,DEVICE2-1,N,937,183691,182754.0,,,,,,P1,P1,Expert,False,ATG,1,DEVICE2-1,937,183691,182754,0,1,P1_T1_DEVICE2-1_1,1,Higher prior experience,Any previous experience,Recording 15,SIMETRIC Recording 15.tsv,9122,62,92,0.5034089541131795,73,0.7934782608695652,2.3104738027770644,2.280301168934047,1.1593432858919577,3.3186874426728847,5.898696408342557,adjacent_mapped_fixation_centroid_angle,-1.9776674937965262,-7.116625310173697,5.20814098621525,0.83745261292894
P1,1,2,DEVICE3-1,Y,195082,337585,142503.0,,,,,,P1,P1,Expert,False,CON,1,DEVICE3-1,195082,337585,142503,1,2,P1_T2_DEVICE3-1_2,1,Higher prior experience,Any previous experience,Recording 15,SIMETRIC Recording 15.tsv,7112,117,146,1.0245398342491037,123,0.8424657534246576,3.22064434408174,2.5870145213327245,1.046745186934471,4.807191278428839,12.39719866344972,adjacent_mapped_fixation_centroid_angle,-1.9776674937965262,-6.116625310173697,4.959363052118681,1.1695814463952934
P1,1,3,DEVICE1-1,Y,341687,596099,254412.0,394132,428394,447088,461781,527914,P1,P1,Expert,False,MST,1,DEVICE1-1,341687,596099,254412,1,3,P1_T3_DEVICE1-1_3,1,Higher prior experience,Any previous experience,Recording 15,SIMETRIC Recording 15.tsv,12698,56,64,0.25156046098454476,58,0.90625,2.5306256009139143,1.9045215916131193,1.0023361017848873,3.4946704596572262,7.123766695037721,adjacent_mapped_fixation_centroid_angle,-1.9776674937965262,-5.116625310173697,5.538955000164827,0.9284665452609813
P1,2,4,DEVICE1-2,Y,613835,799256,185421.0,639035,658695,684157,702558,752402,P1,P1,Expert,False,MST,2,DEVICE1-2,613835,799256,185421,1,4,P1_T4_DEVICE1-2_4,1,Higher prior experience,Any previous experience,Recording 15,SIMETRIC Recording 15.tsv,9254,40,55,0.2966222811871363,50,0.9090909090909091,3.24881259972599,2.775859581055937,1.560090411743554,4.404483923633161,6.701829285536563,adjacent_mapped_fixation_centroid_angle,-0.9776674937965262,-4.116625310173697,5.222628915325765,1.1782895756531735
P1,2,5,DEVICE3-2,Y,808762,947479,138717.0,,,,,,P1,P1,Expert,False,CON,2,DEVICE3-2,808762,947479,138717,1,5,P1_T5_DEVICE3-2_5,1,Higher prior experience,Any previous experience,Recording 15,SIMETRIC Recording 15.tsv,6924,60,72,0.5190423668331927,63,0.875,3.173901261010936,1.7569548253462048,1.0416710993477576,3.6802020291883757,23.870313630238787,adjacent_mapped_fixation_centroid_angle,-0.9776674937965262,-3.1166253101736974,4.9324358865008024,1.1549615129281252
P1,2,6,DEVICE2-2,Y,959550,1072819,113269.0,,,,,,P1,P1,Expert,False,ATG,2,DEVICE2-2,959550,1072819,113269,1,6,P1_T6_DEVICE2-2_6,1,Higher prior experience,Any previous experience,Recording 15,SIMETRIC Recording 15.tsv,5653,51,71,0.6268264044001448,65,0.9154929577464789,3.1913835429961606,3.3123182157618816,1.4600586781617046,3.9423761381409577,8.953860240947783,adjacent_mapped_fixation_centroid_angle,-0.9776674937965262,-2.1166253101736974,4.729765520710687,1.1604545353086377
P1,3,7,DEVICE3-3,Y,1093951,1186315,92364.0,,,,,,P1,P1,Expert,False,CON,3,DEVICE3-3,1093951,1186315,92364,1,7,P1_T7_DEVICE3-3_7,1,Higher prior experience,Any previous experience,Recording 15,SIMETRIC Recording 15.tsv,4610,51,52,0.5629899094885453,48,0.9230769230769231,3.771017103303573,2.907492322982634,1.1836860168633463,4.499599909921907,16.992896247260333,adjacent_mapped_fixation_centroid_angle,0.022332506203473823,-1.1166253101736974,4.525737292340181,1.327344753748187
P1,3,8,DEVICE2-3,Y,1195141,1356029,160888.0,,,,,,P1,P1,Expert,False,ATG,3,DEVICE2-3,1195141,1356029,160888,1,8,P1_T8_DEVICE2-3_8,1,Higher prior experience,Any previous experience,Recording 15,SIMETRIC Recording 15.tsv,8030,64,75,0.46616279647953857,63,0.84,3.140676401285367,3.0252380853979894,1.7722973023454345,4.011621997094165,12.260456035706186,adjacent_mapped_fixation_centroid_angle,0.022332506203473823,-0.11662531017369737,5.080708470732302,1.1444381911438983
P1,3,9,DEVICE1-3,Y,1370414,1558826,188412.0,1402314,1434214,1466115,1482065,1513966,P1,P1,Expert,False,MST,3,DEVICE1-3,1370414,1558826,188412,1,9,P1_T9_DEVICE1-3_9,1,Higher prior experience,Any previous experience,Recording 15,SIMETRIC Recording 15.tsv,9404,50,49,0.2600683608262743,42,0.8571428571428571,3.3930541780026817,2.1575203465027273,1.1455162875306613,4.482941228313206,11.963971242256239,adjacent_mapped_fixation_centroid_angle,0.022332506203473823,0.8833746898263026,5.2386310543813845,1.2217304532557154
P1,4,10,DEVICE3-4,Y,1569283,1737599,168316.0,,,,,,P1,P1,Expert,False,CON,4,DEVICE3-4,1569283,1737599,168316,1,10,P1_T10_DEVICE3-4_10,1,Higher prior experience,Any previous experience,Recording 15,SIMETRIC Recording 15.tsv,8400,100,164,0.9743577556500868,140,0.8536585365853658,3.257366692858176,2.5143237365382505,1.157843615173839,4.211429284081712,16.58990594054411,adjacent_mapped_fixation_centroid_angle,1.0223325062034738,1.8833746898263026,5.1258431650084155,1.1809191060354134
P1,4,11,DEVICE1-4,Y,1754527,1903063,148536.0,1781443,1813343,1826303,1840259,1871163,P1,P1,Expert,False,MST,4,DEVICE1-4,1754527,1903063,148536,1,11,P1_T11_DEVICE1-4_11,1,Higher prior experience,Any previous experience,Recording 15,SIMETRIC Recording 15.tsv,7414,36,52,0.3500834814455755,45,0.8653846153846154,2.6512547865775646,1.8805194545438007,1.2445000920975335,3.1301669429133137,13.833405382056066,adjacent_mapped_fixation_centroid_angle,1.0223325062034738,2.8833746898263026,5.00082735310517,0.9750330322992045
P1,4,12,DEVICE2-4,Y,2041152,2114118,72966.0,,,,,,P1,P1,Expert,False,ATG,4,DEVICE2-4,2041152,2114118,72966,1,12,P1_T12_DEVICE2-4_12,1,Higher prior experience,Any previous experience,Recording 15,SIMETRIC Recording 15.tsv,3642,36,40,0.5482005317545159,36,0.9,2.068177276076366,2.136532613829938,1.1658947792361714,2.4983420650540973,4.678855720633327,adjacent_mapped_fixation_centroid_angle,1.0223325062034738,3.8833746898263026,4.289993579226917,0.7266676764133213
P1,5,13,DEVICE1-5 ,Y,2123376,2292777,169401.0,2157200,2187107,2208042,2225986,2257886,P1,P1,Expert,False,MST,5,DEVICE1-5,2123376,2292777,169401,1,13,P1_T13_DEVICE1-5_13,1,Higher prior experience,Any previous experience,Recording 15,SIMETRIC Recording 15.tsv,8455,30,35,0.20661035058824917,28,0.8,4.142918823160728,3.7128182624708503,1.7228025729853773,4.630675349565038,18.35899905242274,adjacent_mapped_fixation_centroid_angle,2.022332506203474,4.883374689826303,5.132268685388252,1.4214005691694716
P1,5,14,DEVICE2-5 ,Y,2392067,2516011,123944.0,,,,,,P1,P1,Expert,False,ATG,5,DEVICE2-5,2392067,2516011,123944,1,14,P1_T14_DEVICE2-5_14,1,Higher prior experience,Any previous experience,Recording 15,SIMETRIC Recording 15.tsv,6187,58,64,0.5163622281030142,52,0.8125,4.1458377056744276,3.043949249889831,1.2987096472820256,5.160054909442333,18.92874055268096,adjacent_mapped_fixation_centroid_angle,2.022332506203474,5.883374689826303,4.81982985069399,1.422104868451083
P1,5,15,DEVICE3-5 ,Y,2612295,2682253,69958.0,,,,,,P1,P1,Expert,False,CON,5,DEVICE3-5,2612295,2682253,69958,1,15,P1_T15_DEVICE3-5_15,1,Higher prior experience,Any previous experience,Recording 15,SIMETRIC Recording 15.tsv,3492,25,32,0.4574173075273736,27,0.84375,3.2666929676958456,2.770210084648812,1.79651796618993,4.160260558741793,13.660015752020454,adjacent_mapped_fixation_centroid_angle,2.022332506203474,6.883374689826303,4.247895061977326,1.1837781483114675
P10,1,1,DEVICE3-1,Y,27242,139542,112300.0,,,,,,P10,P10,Intermediate,False,CON,1,DEVICE3-1,27242,139542,112300,1,1,P10_T1_DEVICE3-1_121,1,Some prior experience,Any previous experience,Recording 31,SIMETRIC Recording 31.tsv,5605,61,85,0.7569011576135352,78,0.9176470588235294,1.8150016863337493,1.918154938170792,0.8189898478186203,2.6868444542182677,5.771416625388702,adjacent_mapped_fixation_centroid_angle,-1.9776674937965262,-7.116625310173697,4.721173861744398,0.5960863968258862
P10,1,2,DEVICE2-1,Y,147769,352537,204768.0,,,,,,P10,P10,Intermediate,False,ATG,1,DEVICE2-1,147769,352537,204768,1,2,P10_T2_DEVICE2-1_122,1,Some prior experience,Any previous experience,Recording 31,SIMETRIC Recording 31.tsv,10220,334,555,2.7103844350679793,494,0.8900900900900901,4.193584151889915,3.173218134475501,2.052579898769785,5.445195003800874,25.78030181410452,adjacent_mapped_fixation_centroid_angle,-1.9776674937965262,-6.116625310173697,5.32187763095705,1.4335557744616636
P10,1,3,DEVICE1-1,Y,370742,524622,153880.0,412413,448458,468902,485656,506517,P10,P10,Intermediate,False,MST,1,DEVICE1-1,370742,524622,153880,1,3,P10_T3_DEVICE1-1_123,1,Some prior experience,Any previous experience,Recording 31,SIMETRIC Recording 31.tsv,7680,18,27,0.1754613984923317,17,0.6296296296296297,7.1399520205730544,4.652029719737983,2.696586243354121,14.840049957028771,14.840049957028771,adjacent_mapped_fixation_centroid_angle,-1.9776674937965262,-5.116625310173697,5.0361730778840945,1.9657060565212197
P10,2,4,DEVICE1-2,Y,542533,693981,151448.0,578486,621905,636668,647957,676613,P10,P10,Intermediate,False,MST,2,DEVICE1-2,542533,693981,151448,1,4,P10_T4_DEVICE1-2_124,1,Some prior experience,Any previous experience,Recording 31,SIMETRIC Recording 31.tsv,7558,114,159,1.0498653003010934,145,0.9119496855345912,3.753365416725438,2.6528468965862757,1.5481374817752094,4.607390929791214,15.228482325312639,adjacent_mapped_fixation_centroid_angle,-0.9776674937965262,-4.116625310173697,5.020242331707609,1.3226528819799306
P10,2,5,DEVICE3-2,N,713855,841029,127174.0,,,,,,P10,P10,Intermediate,False,CON,2,DEVICE3-2,713855,841029,127174,0,5,P10_T5_DEVICE3-2_125,1,Some prior experience,Any previous experience,Recording 31,SIMETRIC Recording 31.tsv,6347,144,208,1.635554437227735,197,0.9471153846153846,2.5159475728300085,1.7957505478103546,0.8028354220987105,3.046509491248742,15.322025138335182,adjacent_mapped_fixation_centroid_angle,-0.9776674937965262,-3.1166253101736974,4.845556227497257,0.9226495011131445
P10,2,6,DEVICE2-2,N,861878,1008954,147076.0,,,,,,P10,P10,Intermediate,False,ATG,2,DEVICE2-2,861878,1008954,147076,0,6,P10_T6_DEVICE2-2_126,1,Some prior experience,Any previous experience,Recording 31,SIMETRIC Recording 31.tsv,7341,298,464,3.154831515678969,424,0.9137931034482759,6.496205319137872,4.9007393060345965,2.8359431469099157,8.740201412476422,30.012290334961403,adjacent_mapped_fixation_centroid_angle,-0.9776674937965262,-2.1166253101736974,4.990949459979487,1.8712182093700263
P10,3,7,DEVICE3-3,Y,1021548,1113922,92374.0,,,,,,P10,P10,Intermediate,False,CON,3,DEVICE3-3,1021548,1113922,92374,1,7,P10_T7_DEVICE3-3_127,1,Some prior experience,Any previous experience,Recording 31,SIMETRIC Recording 31.tsv,4610,136,203,2.197588065905991,189,0.9310344827586207,5.890969532199816,4.94486203907011,2.637608843864314,8.249780163553746,23.51596764281218,adjacent_mapped_fixation_centroid_angle,0.022332506203473823,-1.1166253101736974,4.525845553769987,1.7734205906028717
P10,3,8,DEVICE2-3,N,1126862,1305444,178582.0,,,,,,P10,P10,Intermediate,False,ATG,3,DEVICE2-3,1126862,1305444,178582,0,8,P10_T8_DEVICE2-3_128,1,Some prior experience,Any previous experience,Recording 31,SIMETRIC Recording 31.tsv,8913,229,325,1.8198922623780673,314,0.9661538461538461,3.8745435776788746,2.746464035990985,1.7215134087670387,4.883554498873496,18.7555204327359,adjacent_mapped_fixation_centroid_angle,0.022332506203473823,-0.11662531017369737,5.185047879488782,1.3544278694624952
P10,3,9,DEVICE1-3,N,1317739,1514861,197122.0,1329028,1362895,1377658,1392420,1507046,P10,P10,Intermediate,False,MST,3,DEVICE1-3,1317739,1514861,197122,0,9,P10_T9_DEVICE1-3_129,1,Some prior experience,Any previous experience,Recording 31,SIMETRIC Recording 31.tsv,9838,58,91,0.46164304339444606,77,0.8461538461538461,6.2380194288311195,5.1660703863218025,2.653340653685555,9.984728728946017,14.864389721123718,adjacent_mapped_fixation_centroid_angle,0.022332506203473823,0.8833746898263026,5.2838228263975795,1.8306627327737588
P10,3,10,DEVICE1-3,N,1557412,1829214,271802.0,1568701,1664223,1679853,1689405,1817926,P10,P10,Intermediate,False,MST,3,DEVICE1-3,1557412,1829214,271802,0,10,P10_T10_DEVICE1-3_130,1,Some prior experience,Any previous experience,Recording 31,SIMETRIC Recording 31.tsv,13565,193,307,1.1294986791855834,236,0.7687296416938111,6.847215012001249,5.634751293398771,2.817732369206744,8.42999940681823,28.85354644397134,adjacent_mapped_fixation_centroid_angle,0.022332506203473823,1.8833746898263026,5.6050738600417,1.9238420020120641
P10,4,11,DEVICE3-4,Y,1884137,1987755,103618.0,,,,,,P10,P10,Intermediate,False,CON,4,DEVICE3-4,1884137,1987755,103618,1,11,P10_T11_DEVICE3-4_131,1,Some prior experience,Any previous experience,Recording 31,SIMETRIC Recording 31.tsv,5172,187,292,2.818043197127912,276,0.9452054794520548,4.740307089915628,4.180093948120582,2.28329882459711,6.711816207185224,20.976345179288714,adjacent_mapped_fixation_centroid_angle,1.0223325062034738,2.8833746898263026,4.640711059907183,1.5561019205104358
P10,4,12,DEVICE1-4,Y,2012090,2205329,193239.0,2043895,2117930,2164169,2141450/2172187,2189560,P10,P10,Intermediate,False,MST,4,DEVICE1-4,2012090,2205329,193239,1,12,P10_T12_DEVICE1-4_132,1,Some prior experience,Any previous experience,Recording 31,SIMETRIC Recording 31.tsv,9644,26,29,0.15007322538410983,14,0.4827586206896552,6.242662324813225,4.204009807460288,1.673945554746035,8.302572157678428,16.873640582538336,adjacent_mapped_fixation_centroid_angle,1.0223325062034738,3.8833746898263026,5.26392776476079,1.8314067460076393
P10,4,13,DEVICE2-4,Y,11268,118712,107444.0,,,,,,P10,P10,Intermediate,False,ATG,4,DEVICE2-4,11268,118712,107444,1,13,P10_T13_DEVICE2-4_133,2,Some prior experience,Any previous experience,Recording 32,SIMETRIC Recording 32.tsv,5362,16,27,0.25129369718178773,12,0.4444444444444444,2.097049871489367,1.6568753320745517,1.349746477167767,2.6711722745625703,5.050177871205281,adjacent_mapped_fixation_centroid_angle,1.0223325062034738,4.883374689826303,4.676969781603866,0.740531533939977
P10,5,15,DEVICE1-5 ,Y,387452,545295,157843.0,410351,450425,466782,493771,532210,P10,P10,Intermediate,False,MST,5,DEVICE1-5,387452,545295,157843,1,15,P10_T15_DEVICE1-5_135,2,Some prior experience,Any previous experience,Recording 32,SIMETRIC Recording 32.tsv,7878,10,13,0.08236032006487459,7,0.5384615384615384,2.199970683621282,0.8173236828082939,0.5193661637293758,4.156539253800071,5.009251622831326,adjacent_mapped_fixation_centroid_angle,2.022332506203474,6.883374689826303,5.061600868122688,0.7884440346487931
P10,5,16,DEVICE2-5 ,Y,667841,875905,208064.0,,,,,,P10,P10,Intermediate,False,ATG,5,DEVICE2-5,667841,875905,208064,1,16,P10_T16_DEVICE2-5_136,2,Some prior experience,Any previous experience,Recording 32,SIMETRIC Recording 32.tsv,10385,19,24,0.11534912334666257,12,0.5,5.4247820493424,4.420607437724469,3.509636774413448,5.961361097445497,11.4866415694915,adjacent_mapped_fixation_centroid_angle,2.022332506203474,7.883374689826303,5.33784572468144,1.6909777233830527
P11,1,1,DEVICE2-1,Y,21784,169833,148049.0,,,,,,P11,P11,Intermediate,False,ATG,1,DEVICE2-1,21784,169833,148049,1,1,P11_T1_DEVICE2-1_137,1,Some prior experience,Any previous experience,Recording 33,SIMETRIC Recording 33.tsv,7389,15,16,0.10807232740511587,6,0.375,3.1400639477252237,3.160258314876194,1.5032645149590715,4.666156052660058,5.422576182990664,adjacent_mapped_fixation_centroid_angle,-1.9776674937965262,-7.116625310173697,4.997543300049949,1.1442431652303748
P11,1,2,DEVICE1-1,Y,16786,301357,284571.0,88427,137691,159808,230907,280099,P11,P11,Intermediate,False,MST,1,DEVICE1-1,16786,301357,284571,1,2,P11_T2_DEVICE1-1_138,2,Some prior experience,Any previous experience,Recording 34,SIMETRIC Recording 34.tsv,14203,15,15,0.052710922757413785,7,0.4666666666666667,3.609189823963353,2.7229609489560973,2.033319677368028,4.6816507018079845,7.0995086021800065,adjacent_mapped_fixation_centroid_angle,-1.9776674937965262,-6.116625310173697,5.650982783064,1.2834833216627035
P11,1,3,DEVICE3-1,Y,317174,445330,128156.0,,,,,,P11,P11,Intermediate,False,CON,1,DEVICE3-1,317174,445330,128156,1,3,P11_T3_DEVICE3-1_139,2,Some prior experience,Any previous experience,Recording 34,SIMETRIC Recording 34.tsv,6396,20,19,0.14825681201036237,13,0.6842105263157895,5.139634418369605,4.552062637186196,3.9622677652909357,6.436981860525868,9.52048550537336,adjacent_mapped_fixation_centroid_angle,-1.9776674937965262,-5.116625310173697,4.853248271846709,1.6369819521067668
P11,2,4,DEVICE3-2,Y,450815,559863,109048.0,,,,,,P11,P11,Intermediate,False,CON,2,DEVICE3-2,450815,559863,109048,1,4,P11_T4_DEVICE3-2_140,2,Some prior experience,Any previous experience,Recording 34,SIMETRIC Recording 34.tsv,5442,18,16,0.14672437825544715,10,0.625,5.252706971212684,4.72686290607316,4.272775209318823,5.724282286659795,10.39397473750096,adjacent_mapped_fixation_centroid_angle,-0.9776674937965262,-4.116625310173697,4.691788152268542,1.658743557284855
P11,2,5,DEVICE2-2,N,575960,677206,101246.0,,,,,,P11,P11,Intermediate,False,ATG,2,DEVICE2-2,575960,677206,101246,0,5,P11_T5_DEVICE2-2_141,2,Some prior experience,Any previous experience,Recording 34,SIMETRIC Recording 34.tsv,5053,19,22,0.21729253501372894,13,0.5909090909090909,4.994142495720322,4.309542024686263,3.454127382792253,5.137731084093756,14.05964001500852,adjacent_mapped_fixation_centroid_angle,-0.9776674937965262,-3.1166253101736974,4.61755319903342,1.6082657248346375
P11,2,6,DEVICE1-2,Y,693862,941556,247694.0,735441,785445,876916,900089,933019,P11,P11,Intermediate,False,MST,2,DEVICE1-2,693862,941556,247694,1,6,P11_T6_DEVICE1-2_142,2,Some prior experience,Any previous experience,Recording 34,SIMETRIC Recording 34.tsv,12363,19,17,0.06863307145106462,11,0.6470588235294118,4.089610601811827,4.622205521329955,2.631381687294038,5.148516290861011,7.323794161517383,adjacent_mapped_fixation_centroid_angle,-0.9776674937965262,-2.1166253101736974,5.512194113351714,1.4084497581412285
P11,3,7,DEVICE3-3,Y,955649,1056604,100955.0,,,,,,P11,P11,Intermediate,False,CON,3,DEVICE3-3,955649,1056604,100955,1,7,P11_T7_DEVICE3-3_143,2,Some prior experience,Any previous experience,Recording 34,SIMETRIC Recording 34.tsv,5039,13,11,0.10895943737308703,9,0.8181818181818182,3.241251413466168,2.9936567684888096,2.342777989671476,4.342307053212749,5.426449668368149,adjacent_mapped_fixation_centroid_angle,0.022332506203473823,-1.1166253101736974,4.614674873002337,1.1759594939573887
P11,3,8,DEVICE2-3,N,1077200,1210026,132826.0,,,,,,P11,P11,Intermediate,False,ATG,3,DEVICE2-3,1077200,1210026,132826,0,8,P11_T8_DEVICE2-3_144,2,Some prior experience,Any previous experience,Recording 34,SIMETRIC Recording 34.tsv,6630,15,11,0.08281511149925466,7,0.6363636363636364,3.898422597801709,3.6468428157660453,3.10949161303608,4.638706904950453,5.849526652874244,adjacent_mapped_fixation_centroid_angle,0.022332506203473823,-0.11662531017369737,4.889040001011847,1.360572009216617
P11,3,9,DEVICE1-3,Y,1239142,1419644,180502.0,1272071,1320856,1348907,1374519,1405009,P11,P11,Intermediate,False,MST,3,DEVICE1-3,1239142,1419644,180502,1,9,P11_T9_DEVICE1-3_145,2,Some prior experience,Any previous experience,Recording 34,SIMETRIC Recording 34.tsv,9009,8,8,0.04432083855026537,3,0.375,4.375909305960517,3.7173125474553252,3.6710442809112394,4.751475951757199,5.7856393560590735,adjacent_mapped_fixation_centroid_angle,0.022332506203473823,0.8833746898263026,5.195741858043959,1.4761143395759582
P11,4,10,DEVICE3-4,Y,1434290,1520896,86606.0,,,,,,P11,P11,Intermediate,False,CON,4,DEVICE3-4,1434290,1520896,86606,1,10,P11_T10_DEVICE3-4_146,2,Some prior experience,Any previous experience,Recording 34,SIMETRIC Recording 34.tsv,4322,10,10,0.11546544119345081,6,0.6,4.88698536509159,4.4004981507337035,3.4970734233965803,6.617056131933543,7.3992224277855945,adjacent_mapped_fixation_centroid_angle,1.0223325062034738,1.8833746898263026,4.461369097233025,1.5865756236225126
P11,4,11,DEVICE1-4,Y,1541955,1704163,162208.0,1580982,1617571,1644402,1659038,1689528,P11,P11,Intermediate,False,MST,4,DEVICE1-4,1541955,1704163,162208,1,11,P11_T11_DEVICE1-4_147,2,Some prior experience,Any previous experience,Recording 34,SIMETRIC Recording 34.tsv,8096,10,9,0.05548431643322154,5,0.5555555555555556,3.7762963860926364,4.153452478769857,2.6057385492439074,4.16855163293831,6.893432301006408,adjacent_mapped_fixation_centroid_angle,1.0223325062034738,2.8833746898263026,5.088879462289939,1.32874373728253
P11,4,12,DEVICE2-4,N,1726234,1821574,95340.0,,,,,,P11,P11,Intermediate,False,ATG,4,DEVICE2-4,1726234,1821574,95340,0,12,P11_T12_DEVICE2-4_148,2,Some prior experience,Any previous experience,Recording 34,SIMETRIC Recording 34.tsv,4759,4,4,0.04195510803440319,1,0.25,7.3899223036803585,7.3899223036803585,7.3899223036803585,7.3899223036803585,7.3899223036803585,adjacent_mapped_fixation_centroid_angle,1.0223325062034738,3.8833746898263026,4.55744944977668,2.0001172211944698
P11,5,13,DEVICE3-5 ,Y,1885244,1978956,93712.0,,,,,,P11,P11,Intermediate,False,CON,5,DEVICE3-5,1885244,1978956,93712,1,13,P11_T13_DEVICE3-5_149,2,Some prior experience,Any previous experience,Recording 34,SIMETRIC Recording 34.tsv,4677,7,5,0.053354959877070174,3,0.6,2.643823943586025,1.5977564235060768,1.400592633995205,3.364021493136871,5.130286562767665,adjacent_mapped_fixation_centroid_angle,2.022332506203474,4.883374689826303,4.540226249347427,0.972226332626436
P11,5,14,DEVICE1-5 ,Y,2066470,2281122,214652.0,2104278,2156721,2175015,2195749,2237216,P11,P11,Intermediate,False,MST,5,DEVICE1-5,2066470,2281122,214652,1,14,P11_T14_DEVICE1-5_150,2,Some prior experience,Any previous experience,Recording 34,SIMETRIC Recording 34.tsv,10714,11,11,0.05124573728639845,6,0.5454545454545454,2.7326083934884564,2.545169293821706,1.8951572306096331,3.4773977410714543,4.300349107194921,adjacent_mapped_fixation_centroid_angle,2.022332506203474,5.883374689826303,5.369018112120756,1.0052566085300838
P11,5,15,DEVICE2-5 ,N,2392017,2524219,132202.0,,,,,,P11,P11,Intermediate,False,ATG,5,DEVICE2-5,2392017,2524219,132202,0,15,P11_T15_DEVICE2-5_151,2,Some prior experience,Any previous experience,Recording 34,SIMETRIC Recording 34.tsv,6599,11,10,0.0756418208499115,4,0.4,4.551691415801848,3.8864609967468633,2.9704863750697807,5.46766603747893,7.815148390870793,adjacent_mapped_fixation_centroid_angle,2.022332506203474,6.883374689826303,4.88433105589619,1.515498903621432
P12,1,1,DEVICE1-1,Y,42351,183810,141459.0,52523,91595,112356,131502,158681,P12,P12,Expert,False,MST,1,DEVICE1-1,42351,183810,141459,1,1,P12_T1_DEVICE1-1_152,1,Higher prior experience,Any previous experience,Recording 35,SIMETRIC Recording 35.tsv,7060,44,69,0.48777384259750173,57,0.8260869565217391,1.8903575689765948,1.6233791187186852,1.118630208102444,2.467101820328017,4.195629900880099,adjacent_mapped_fixation_centroid_angle,-1.9776674937965262,-7.116625310173697,4.952009922446706,0.6367660011120985
P12,1,2,DEVICE3-1,Y,215446,299085,83639.0,,,,,,P12,P12,Expert,False,CON,1,DEVICE3-1,215446,299085,83639,1,2,P12_T2_DEVICE3-1_153,1,Higher prior experience,Any previous experience,Recording 35,SIMETRIC Recording 35.tsv,4175,68,96,1.1477899066225088,80,0.8333333333333334,3.4776502027285447,3.2009650784768446,1.825211916582783,4.3332602903611175,9.90548735140647,adjacent_mapped_fixation_centroid_angle,-1.9776674937965262,-6.116625310173697,4.426509918487047,1.2463568366155486
P12,1,3,DEVICE2-1,Y,324274,444850,120576.0,,,,,,P12,P12,Expert,False,ATG,1,DEVICE2-1,324274,444850,120576,1,3,P12_T3_DEVICE2-1_154,1,Higher prior experience,Any previous experience,Recording 35,SIMETRIC Recording 35.tsv,6018,69,101,0.8376459660297241,86,0.8514851485148515,2.9768031297704605,2.601829835320511,1.52233730691066,3.825420334819267,12.185580020419414,adjacent_mapped_fixation_centroid_angle,-1.9776674937965262,-5.116625310173697,4.792280259513843,1.0908499494372734
P12,2,4,DEVICE2-2,Y,460389,540441,80052.0,,,,,,P12,P12,Expert,False,ATG,2,DEVICE2-2,460389,540441,80052,1,4,P12_T4_DEVICE2-2_155,1,Higher prior experience,Any previous experience,Recording 35,SIMETRIC Recording 35.tsv,3995,66,90,1.1242692250037474,72,0.8,2.86625196785014,2.186511480222497,1.4254184099391036,4.160534146154314,8.370174625003996,adjacent_mapped_fixation_centroid_angle,-0.9776674937965262,-4.116625310173697,4.382676423515378,1.0530052417488833
P12,2,5,DEVICE1-2,Y,562702,674498,111796.0,575607,608571,628584,642712,666901,P12,P12,Expert,False,MST,2,DEVICE1-2,562702,674498,111796,1,5,P12_T5_DEVICE1-2_156,1,Higher prior experience,Any previous experience,Recording 35,SIMETRIC Recording 35.tsv,5580,67,90,0.8050377473254856,84,0.9333333333333333,3.902952793135321,2.64184648116854,1.326039889249269,5.535585897151291,14.521758899434523,adjacent_mapped_fixation_centroid_angle,-0.9776674937965262,-3.1166253101736974,4.716675781905631,1.3617333931049178
P12,2,6,DEVICE3-2,Y,691885,737218,45333.0,,,,,,P12,P12,Expert,False,CON,2,DEVICE3-2,691885,737218,45333,1,6,P12_T6_DEVICE3-2_157,1,Higher prior experience,Any previous experience,Recording 35,SIMETRIC Recording 35.tsv,2263,42,77,1.69854190104339,69,0.8961038961038961,4.731700052069715,3.824273463419165,1.2540569559993366,8.256770927294369,14.35769654530769,adjacent_mapped_fixation_centroid_angle,-0.9776674937965262,-2.1166253101736974,3.814035244099733,1.5542845569705133
P12,3,7,DEVICE1-3,Y,758084,885230,127146.0,780452,813416,835784,849912,875811,P12,P12,Expert,False,MST,3,DEVICE1-3,758084,885230,127146,1,7,P12_T7_DEVICE1-3_158,1,Higher prior experience,Any previous experience,Recording 35,SIMETRIC Recording 35.tsv,6346,16,21,0.16516445660893775,15,0.7142857142857143,1.8770265386640135,1.8387894006935723,1.1132084281340817,2.343761921770749,4.728915748212852,adjacent_mapped_fixation_centroid_angle,0.022332506203473823,-1.1166253101736974,4.845336032466484,0.6296888963770951
P12,3,8,DEVICE2-3,Y,899242,983594,84352.0,,,,,,P12,P12,Expert,False,ATG,3,DEVICE2-3,899242,983594,84352,1,8,P12_T8_DEVICE2-3_159,1,Higher prior experience,Any previous experience,Recording 35,SIMETRIC Recording 35.tsv,4210,15,20,0.23710166919575112,17,0.85,2.059514202525463,1.664465095350942,1.4051910314961298,2.6757952508083505,5.179080390584019,adjacent_mapped_fixation_centroid_angle,0.022332506203473823,-0.11662531017369737,4.434998519439987,0.7224701309738684
P12,3,9,DEVICE3-3,Y,1015039,1071863,56824.0,,,,,,P12,P12,Expert,False,CON,3,DEVICE3-3,1015039,1071863,56824,1,9,P12_T9_DEVICE3-3_160,1,Higher prior experience,Any previous experience,Recording 35,SIMETRIC Recording 35.tsv,2837,13,17,0.2991693650570182,11,0.6470588235294118,3.3603379148409287,3.8252148049752464,2.321615205774947,4.141582292593773,5.541650683999556,adjacent_mapped_fixation_centroid_angle,0.022332506203473823,0.8833746898263026,4.039958771695509,1.2120415388114338
P12,4,10,DEVICE1-4,Y,1084189,1171355,87166.0,1091514,1109312,1122839,1135653,1159147,P12,P12,Expert,False,MST,4,DEVICE1-4,1084189,1171355,87166,1,10,P12_T10_DEVICE1-4_161,1,Higher prior experience,Any previous experience,Recording 35,SIMETRIC Recording 35.tsv,4350,7,10,0.11472363077346673,9,0.9,3.0002419102306406,3.4508815617110606,1.7813945752649825,4.318922877409628,5.287886462479914,adjacent_mapped_fixation_centroid_angle,1.0223325062034738,1.8833746898263026,4.467814346624064,1.0986929221606891
P12,4,11,DEVICE3-4,Y,1195245,1235482,40237.0,,,,,,P12,P12,Expert,False,CON,4,DEVICE3-4,1195245,1235482,40237,1,11,P12_T11_DEVICE3-4_162,1,Higher prior experience,Any previous experience,Recording 35,SIMETRIC Recording 35.tsv,2009,5,7,0.1739692322986306,6,0.8571428571428571,3.0600589361273047,2.6247988443973798,2.2838457254325903,4.121290720982017,4.5064703068553,adjacent_mapped_fixation_centroid_angle,1.0223325062034738,2.8833746898263026,3.6947869703283978,1.1184341759511365
P12,4,12,DEVICE2-4,Y,1243838,1302657,58819.0,,,,,,P12,P12,Expert,False,ATG,4,DEVICE2-4,1243838,1302657,58819,1,12,P12_T12_DEVICE2-4_163,1,Higher prior experience,Any previous experience,Recording 35,SIMETRIC Recording 35.tsv,2935,10,10,0.1700130910080076,8,0.8,2.643453828673278,2.2610602131571937,1.4485605463530788,2.6336966245035405,7.882772025797053,adjacent_mapped_fixation_centroid_angle,1.0223325062034738,3.8833746898263026,4.074464931961269,0.9720863305575855
P12,5,13,DEVICE3-5 ,Y,1318471,1360687,42216.0,,,,,,P12,P12,Expert,False,CON,5,DEVICE3-5,1318471,1360687,42216,1,13,P12_T13_DEVICE3-5_164,1,Higher prior experience,Any previous experience,Recording 35,SIMETRIC Recording 35.tsv,2107,17,29,0.6869433390183817,26,0.896551724137931,4.454730856327351,3.3124156749247415,2.1198932376366493,5.153334778460295,11.500556931562938,adjacent_mapped_fixation_centroid_angle,2.022332506203474,4.883374689826303,3.742799296103367,1.493966645254315
P12,5,14,DEVICE1-5 ,Y,1471968,1573062,101094.0,1486207,1505429,1520379,1533906,1560247,P12,P12,Expert,False,MST,5,DEVICE1-5,1471968,1573062,101094,1,14,P12_T14_DEVICE1-5_165,1,Higher prior experience,Any previous experience,Recording 35,SIMETRIC Recording 35.tsv,5045,10,14,0.13848497438027974,11,0.7857142857142857,2.7717221637407765,3.014036433139654,1.6020873988142845,4.162845101702726,4.382390114313237,adjacent_mapped_fixation_centroid_angle,2.022332506203474,5.883374689826303,4.616050777084303,1.0194688467735973
P12,5,15,DEVICE2-5 ,Y,1686172,1843965,157793.0,,,,,,P12,P12,Expert,False,ATG,5,DEVICE2-5,1686172,1843965,157793,1,15,P12_T15_DEVICE2-5_166,1,Higher prior experience,Any previous experience,Recording 35,SIMETRIC Recording 35.tsv,7876,43,62,0.3929198380156281,44,0.7096774193548387,4.042807292734815,3.38210214602021,1.964238836551352,5.4355105355004625,11.72823405352086,adjacent_mapped_fixation_centroid_angle,2.022332506203474,6.883374689826303,5.061284047478539,1.396939325098908
P13,1,1,DEVICE2-1,Y,24350,197115,172765.0,,,,,,P13,P13,Novice,False,ATG,1,DEVICE2-1,24350,197115,172765,1,1,P13_T1_DEVICE2-1_167,1,No prior experience,No previous experience,Recording 36,SIMETRIC Recording 36.tsv,8623,85,108,0.625126617081006,88,0.8148148148148148,2.7732364829201597,2.175034221160949,1.3541991050080147,3.6382947876844467,8.486793682904661,adjacent_mapped_fixation_centroid_angle,-1.9776674937965262,-7.116625310173697,5.1519322895583874,1.0200150435312385
P13,1,2,DEVICE3-1,N,235174,406259,171085.0,,,,,,P13,P13,Novice,False,CON,1,DEVICE3-1,235174,406259,171085,0,2,P13_T2_DEVICE3-1_168,1,No prior experience,No previous experience,Recording 36,SIMETRIC Recording 36.tsv,8539,134,160,0.9352076453225004,139,0.86875,4.0485249847828175,3.4846148756732402,1.7242396877761337,5.682691492824318,11.147599096558356,adjacent_mapped_fixation_centroid_angle,-1.9776674937965262,-6.116625310173697,5.14216050902469,1.398352613492858
P13,1,3,DEVICE1-1,Y,450961,666802,215841.0,503630,528757,613250,625781,651857,P13,P13,Novice,False,MST,1,DEVICE1-1,450961,666802,215841,1,3,P13_T3_DEVICE1-1_169,1,No prior experience,No previous experience,Recording 36,SIMETRIC Recording 36.tsv,10773,53,77,0.356744084766101,61,0.7922077922077922,3.520950117142064,2.9160988038685987,2.3702687158738116,4.75417293001595,9.053906274939576,adjacent_mapped_fixation_centroid_angle,-1.9776674937965262,-5.116625310173697,5.37454202551024,1.2587308728308846
P13,2,4,DEVICE1-2,Y,15951,238369,222418.0,106588,121495,163236,181721,224058,P13,P13,Novice,False,MST,2,DEVICE1-2,15951,238369,222418,1,4,P13_T4_DEVICE1-2_170,2,No prior experience,No previous experience,Recording 37,SIMETRIC Recording 37.tsv,11101,34,38,0.1708494816067045,26,0.6842105263157895,3.405607260061112,3.383164009290475,2.595352049207104,3.9772672990217695,7.027093711571682,adjacent_mapped_fixation_centroid_angle,-0.9776674937965262,-4.116625310173697,5.404558494353145,1.2254232673304235
P13,2,5,DEVICE2-2,N,258823,392263,133440.0,,,,,,P13,P13,Novice,False,ATG,2,DEVICE2-2,258823,392263,133440,0,5,P13_T5_DEVICE2-2_171,2,No prior experience,No previous experience,Recording 37,SIMETRIC Recording 37.tsv,6660,62,77,0.5770383693045563,62,0.8051948051948052,3.3767326662037127,3.4623001171352357,1.8044023844902515,4.851700336530474,7.601135297067932,adjacent_mapped_fixation_centroid_angle,-0.9776674937965262,-3.1166253101736974,4.893651938610437,1.21690857516762
P13,2,6,DEVICE3-2,N,416861,532914,116053.0,,,,,,P13,P13,Novice,False,CON,2,DEVICE3-2,416861,532914,116053,0,6,P13_T6_DEVICE3-2_172,2,No prior experience,No previous experience,Recording 37,SIMETRIC Recording 37.tsv,5793,49,56,0.4825381506725376,44,0.7857142857142857,3.43068972971478,3.0748004163142424,2.204028883014741,4.287147470845739,7.752097450456002,adjacent_mapped_fixation_centroid_angle,-0.9776674937965262,-2.1166253101736974,4.754046983312642,1.2327613283428935
P13,3,7,DEVICE1-3,N,549635,697516,147881.0,601513,615824,674857,690361,,P13,P13,Novice,False,MST,3,DEVICE1-3,549635,697516,147881,0,7,P13_T7_DEVICE1-3_173,2,No prior experience,No previous experience,Recording 37,SIMETRIC Recording 37.tsv,7381,31,37,0.25020117526930435,21,0.5675675675675675,4.390453486238888,4.48794562589938,3.232090232454426,5.326904188083995,8.19169991417892,adjacent_mapped_fixation_centroid_angle,0.022332506203473823,-1.1166253101736974,4.996407896285221,1.4794325215786464
P13,3,9,DEVICE3-3,N,163358,319269,155911.0,,,,,,P13,P13,Novice,False,CON,3,DEVICE3-3,163358,319269,155911,0,9,P13_T9_DEVICE3-3_175,3,No prior experience,No previous experience,Recording 38,SIMETRIC Recording 38.tsv,7781,114,144,0.923603850914945,108,0.75,3.066871025464615,2.6145973516665393,1.798002319387137,4.087772227216121,8.190914332566777,adjacent_mapped_fixation_centroid_angle,0.022332506203473823,0.8833746898263026,5.04928533162466,1.1206578319050844
P13,4,10,DEVICE1-4,Y,336618,471755,135137.0,354244,386560,414958,426709,458045,P13,P13,Novice,False,MST,4,DEVICE1-4,336618,471755,135137,1,10,P13_T10_DEVICE1-4_176,3,No prior experience,No previous experience,Recording 38,SIMETRIC Recording 38.tsv,6745,17,20,0.14799795762818474,13,0.65,4.667020738935019,4.226616246205079,2.522778131845041,5.750927973777185,8.854267194487111,adjacent_mapped_fixation_centroid_angle,1.0223325062034738,1.8833746898263026,4.906289078676794,1.5405209106978992
P13,4,11,DEVICE2-4,N,480940,572006,91066.0,,,,,,P13,P13,Novice,False,ATG,4,DEVICE2-4,480940,572006,91066,0,11,P13_T11_DEVICE2-4_177,3,No prior experience,No previous experience,Recording 38,SIMETRIC Recording 38.tsv,4545,51,63,0.6918059429424812,50,0.7936507936507936,3.7374067893923226,3.816082760485367,2.5802446459223987,4.578401756123098,10.881123503614097,adjacent_mapped_fixation_centroid_angle,1.0223325062034738,2.8833746898263026,4.5115845183575125,1.3183919991127915
P13,4,12,DEVICE3-4,Y,586250,672426,86176.0,,,,,,P13,P13,Novice,False,CON,4,DEVICE3-4,586250,672426,86176,1,12,P13_T12_DEVICE3-4_178,3,No prior experience,No previous experience,Recording 38,SIMETRIC Recording 38.tsv,4301,53,67,0.7774786483475677,51,0.7611940298507462,4.061475182380481,3.383322565691462,2.5503414543482865,4.475418509586871,12.24572858238608,adjacent_mapped_fixation_centroid_angle,1.0223325062034738,3.8833746898263026,4.456391716629188,1.4015462530335931
P13,5,13,DEVICE1-5 ,N,744966,921231,176265.0,802742,834078,864435,879124,900667,P13,P13,Novice,False,MST,5,DEVICE1-5,744966,921231,176265,0,13,P13_T13_DEVICE1-5_179,3,No prior experience,No previous experience,Recording 38,SIMETRIC Recording 38.tsv,8798,70,93,0.527614671091822,79,0.8494623655913979,4.126543607890764,3.860189659647124,2.634870316155675,5.516707826077933,10.790441487639058,adjacent_mapped_fixation_centroid_angle,2.022332506203474,4.883374689826303,5.171988544454014,1.4174401577618212
P13,5,14,DEVICE3-5 ,N,941564,1002578,61014.0,,,,,,P13,P13,Novice,False,CON,5,DEVICE3-5,941564,1002578,61014,0,14,P13_T14_DEVICE3-5_180,3,No prior experience,No previous experience,Recording 38,SIMETRIC Recording 38.tsv,3046,34,36,0.5900285180450389,30,0.8333333333333334,3.3202278561876972,2.82224967896327,2.291999028210898,3.7868637733769646,14.905124590603428,adjacent_mapped_fixation_centroid_angle,2.022332506203474,5.883374689826303,4.111103346037056,1.200033411955208
P13,5,15,DEVICE2-5 ,N,1024321,1156743,132422.0,,,,,,P13,P13,Novice,False,ATG,5,DEVICE2-5,1024321,1156743,132422,0,15,P13_T15_DEVICE2-5_181,3,No prior experience,No previous experience,Recording 38,SIMETRIC Recording 38.tsv,6609,89,130,0.9817099877663833,114,0.8769230769230769,3.7805679022029577,3.073018652358007,1.8465540613809388,4.954148851406115,16.4862425238214,adjacent_mapped_fixation_centroid_angle,2.022332506203474,6.883374689826303,4.885993792841336,1.3298742370248275
P15,1,1,DEVICE1-1,N,12472,327083,314611.0,32383,152878,204257,236018,261915,P15,P15,Novice,False,MST,1,DEVICE1-1,12472,327083,314611,0,1,P15_T1_DEVICE1-1_191,1,No prior experience,No previous experience,Recording 42,SIMETRIC Recording 42.tsv,15702,86,104,0.33056695411158543,81,0.7788461538461539,2.5581280910082604,2.300701243183567,1.250200746183733,3.158372714710779,8.35758839286911,adjacent_mapped_fixation_centroid_angle,-1.9776674937965262,-7.116625310173697,5.75133695504788,0.9392757765738948
P15,1,2,DEVICE3-1,Y,351802,470590,118788.0,,,,,,P15,P15,Novice,False,CON,1,DEVICE3-1,351802,470590,118788,1,2,P15_T2_DEVICE3-1_192,1,No prior experience,No previous experience,Recording 42,SIMETRIC Recording 42.tsv,5929,57,70,0.5892851129743746,59,0.8428571428571429,3.0963211497858127,2.545002834924443,1.0783319707469206,3.7604191686809605,15.091589514856501,adjacent_mapped_fixation_centroid_angle,-1.9776674937965262,-6.116625310173697,4.77734039172567,1.1302146808988123
P15,1,3,DEVICE2-1,Y,498468,608782,110314.0,,,,,,P15,P15,Novice,False,ATG,1,DEVICE2-1,498468,608782,110314,1,3,P15_T3_DEVICE2-1_193,1,No prior experience,No previous experience,Recording 42,SIMETRIC Recording 42.tsv,5506,37,46,0.41699149699947424,35,0.7608695652173914,1.995491277537293,1.9274913504389188,0.5961738735164774,2.6565878121259794,8.633595302425242,adjacent_mapped_fixation_centroid_angle,-1.9776674937965262,-5.116625310173697,4.703330844768878,0.6908902744308458
P15,2,4,DEVICE2-2,Y,617285,773210,155925.0,,,,,,P15,P15,Novice,False,ATG,2,DEVICE2-2,617285,773210,155925,1,4,P15_T4_DEVICE2-2_194,1,No prior experience,No previous experience,Recording 42,SIMETRIC Recording 42.tsv,7782,115,171,1.0966810966810967,159,0.9298245614035088,2.3837974734244582,1.553749710892202,1.1458293552154037,3.1603730134615238,12.238461230942693,adjacent_mapped_fixation_centroid_angle,-0.9776674937965262,-4.116625310173697,5.049375122412187,0.8686947931718153
P15,2,5,DEVICE1-2,Y,798507,954542,156035.0,813862,852013,906379,893401/919575,933682,P15,P15,Novice,False,MST,2,DEVICE1-2,798507,954542,156035,1,5,P15_T5_DEVICE1-2_195,1,No prior experience,No previous experience,Recording 42,SIMETRIC Recording 42.tsv,7788,64,90,0.5767936680872882,81,0.9,3.517078980166635,2.149973015824841,1.4917194566866179,4.005924934467055,13.104607584923437,adjacent_mapped_fixation_centroid_angle,-0.9776674937965262,-3.1166253101736974,5.050080341059185,1.2576308099262588
P15,2,6,DEVICE3-2,Y,973506,1050758,77252.0,,,,,,P15,P15,Novice,False,CON,2,DEVICE3-2,973506,1050758,77252,1,6,P15_T6_DEVICE3-2_196,1,No prior experience,No previous experience,Recording 42,SIMETRIC Recording 42.tsv,3856,60,73,0.9449593538031379,67,0.9178082191780822,3.030580925452382,1.9887097338869573,0.7958984259080045,3.414273105396655,21.74114594494226,adjacent_mapped_fixation_centroid_angle,-0.9776674937965262,-2.1166253101736974,4.3470728054103525,1.108754325716214
P15,3,7,DEVICE1-3,Y,1084336,1201290,116954.0,1096943,1121246,1147392,1161074,1183078,P15,P15,Novice,False,MST,3,DEVICE1-3,1084336,1201290,116954,1,7,P15_T7_DEVICE1-3_197,1,No prior experience,No previous experience,Recording 42,SIMETRIC Recording 42.tsv,5838,47,48,0.4104177710894882,44,0.9166666666666666,2.2128064479655674,2.0546314488810222,1.5090361222183761,2.53311358259778,5.1253953511106705,adjacent_mapped_fixation_centroid_angle,0.022332506203473823,-1.1166253101736974,4.761780695095996,0.7942615958637205
P15,3,8,DEVICE2-3,Y,1222559,1324829,102270.0,,,,,,P15,P15,Novice,False,ATG,3,DEVICE2-3,1222559,1324829,102270,1,8,P15_T8_DEVICE2-3_198,1,No prior experience,No previous experience,Recording 42,SIMETRIC Recording 42.tsv,5104,103,144,1.4080375476679379,136,0.9444444444444444,3.2269991467114183,2.314721341555959,1.199270858830411,4.658456971130774,13.452626459138918,adjacent_mapped_fixation_centroid_angle,0.022332506203473823,-0.11662531017369737,4.627616374817921,1.1715526486481656
P15,3,9,DEVICE3-3,N,1345258,1526070,180812.0,,,,,,P15,P15,Novice,False,CON,3,DEVICE3-3,1345258,1526070,180812,0,9,P15_T9_DEVICE3-3_199,1,No prior experience,No previous experience,Recording 42,SIMETRIC Recording 42.tsv,9024,184,260,1.4379576576775877,233,0.8961538461538462,2.596088426402952,1.72185319493467,0.9034299575352093,3.201881834536736,18.119387053492837,adjacent_mapped_fixation_centroid_angle,0.022332506203473823,0.8833746898263026,5.197457817436989,0.9540058608206461
P15,4,10,DEVICE1-4,Y,1576734,1690166,113432.0,1584974,1601621,1635403,1642915,1668749,P15,P15,Novice,False,MST,4,DEVICE1-4,1576734,1690166,113432,1,10,P15_T10_DEVICE1-4_200,1,No prior experience,No previous experience,Recording 42,SIMETRIC Recording 42.tsv,5661,25,28,0.24684392411312503,25,0.8928571428571429,2.173895514101574,2.017342394333624,1.1414551149268017,2.630576340030087,4.402369513508337,adjacent_mapped_fixation_centroid_angle,1.0223325062034738,1.8833746898263026,4.731203538435257,0.7765207259532102
P15,4,11,DEVICE3-4,Y,1711000,1788878,77878.0,,,,,,P15,P15,Novice,False,CON,4,DEVICE3-4,1711000,1788878,77878,1,11,P15_T11_DEVICE3-4_201,1,No prior experience,No previous experience,Recording 42,SIMETRIC Recording 42.tsv,3887,75,103,1.3225814735868924,95,0.9223300970873787,3.7496153127970033,2.4224936246182494,1.0899776113915558,4.36792402760987,17.876562339090643,adjacent_mapped_fixation_centroid_angle,1.0223325062034738,2.8833746898263026,4.355143499640093,1.3216532514661652
P15,4,12,DEVICE2-4,N,1806215,1937243,131028.0,,,,,,P15,P15,Novice,False,ATG,4,DEVICE2-4,1806215,1937243,131028,0,12,P15_T12_DEVICE2-4_202,1,No prior experience,No previous experience,Recording 42,SIMETRIC Recording 42.tsv,6540,197,281,2.1445797844735477,267,0.9501779359430605,3.495760760020724,2.517205939030436,1.4524935652555084,4.207161424478197,17.47011122879727,adjacent_mapped_fixation_centroid_angle,1.0223325062034738,3.8833746898263026,4.875411040819929,1.2515510229633282
P15,5,13,DEVICE3-5 ,N,1974239,2039769,65530.0,,,,,,P15,P15,Novice,False,CON,5,DEVICE3-5,1974239,2039769,65530,0,13,P15_T13_DEVICE3-5_203,1,No prior experience,No previous experience,Recording 42,SIMETRIC Recording 42.tsv,3271,54,81,1.2360750801159774,68,0.8395061728395061,3.2260570918251372,2.463433765704046,1.5260522897532618,3.5274916133663745,9.365274233243415,adjacent_mapped_fixation_centroid_angle,2.022332506203474,4.883374689826303,4.182508053051405,1.1712606769503682
P15,5,14,DEVICE1-5 ,Y,2113528,2271783,158255.0,2130598,2153630,2214746,2183889/2226849,2247770,P15,P15,Novice,False,MST,5,DEVICE1-5,2113528,2271783,158255,1,14,P15_T14_DEVICE1-5_204,1,No prior experience,No previous experience,Recording 42,SIMETRIC Recording 42.tsv,7898,59,55,0.3475403620738681,50,0.9090909090909091,2.818280475038223,2.61547635223876,1.1899356536160333,4.099747530209186,8.07796723454908,adjacent_mapped_fixation_centroid_angle,2.022332506203474,5.883374689826303,5.064207656101775,1.036126938345663
P15,5,15,DEVICE2-5 ,Y,2337240,2415226,77986.0,,,,,,P15,P15,Novice,False,ATG,5,DEVICE2-5,2337240,2415226,77986,1,15,P15_T15_DEVICE2-5_205,1,No prior experience,No previous experience,Recording 42,SIMETRIC Recording 42.tsv,3893,99,124,1.5900289795604339,106,0.8548387096774194,3.794363880010068,2.721211587880125,1.87640365648298,4.837755786990661,23.91390395776619,adjacent_mapped_fixation_centroid_angle,2.022332506203474,6.883374689826303,4.356529323400353,1.333516776246992
P16,1,1,DEVICE3-1,Y,22275,248590,226315.0,,,,,,P16,P16,Intermediate,False,CON,1,DEVICE3-1,22275,248590,226315,1,1,P16_T1_DEVICE3-1_206,1,Some prior experience,Any previous experience,Recording 43,SIMETRIC Recording 43.tsv,11295,87,106,0.46837372688509377,77,0.7264150943396226,3.3851761388990833,3.040766031762685,1.715925072148539,4.0576708898309075,10.957020864438508,adjacent_mapped_fixation_centroid_angle,-1.9776674937965262,-7.116625310173697,5.421927834137036,1.2194059401357413
P16,1,2,DEVICE2-1,N,270078,676068,405990.0,,,,,,P16,P16,Intermediate,False,ATG,1,DEVICE2-1,270078,676068,405990,0,2,P16_T2_DEVICE2-1_207,1,Some prior experience,Any previous experience,Recording 43,SIMETRIC Recording 43.tsv,20263,200,271,0.6675041257173822,228,0.8413284132841329,3.508018934973712,3.1259545544019796,1.7515436322863491,5.005484294482861,11.202532639422305,adjacent_mapped_fixation_centroid_angle,-1.9776674937965262,-6.116625310173697,6.006328528756524,1.2550514721503614
P16,1,3,DEVICE1-1,N,698581,1051697,353116.0,739727,894010,,950631,,P16,P16,Intermediate,False,MST,1,DEVICE1-1,698581,1051697,353116,0,3,P16_T3_DEVICE1-1_208,1,Some prior experience,Any previous experience,Recording 43,SIMETRIC Recording 43.tsv,17624,104,135,0.38231062880186684,122,0.9037037037037037,3.4783773290840383,2.6271592105077977,1.1776297771968747,4.664270095267463,20.830822536500577,adjacent_mapped_fixation_centroid_angle,-1.9776674937965262,-5.116625310173697,5.86679661485025,1.2465659002958795
P16,2,4,DEVICE1-2,N,58522,470494,411972.0,142575,213713,244174,263644,460898,P16,P16,Intermediate,False,MST,2,DEVICE1-2,58522,470494,411972,0,4,P16_T4_DEVICE1-2_209,2,Some prior experience,Any previous experience,Recording 44,SIMETRIC Recording 44.tsv,20561,87,101,0.24516229258299108,90,0.8910891089108911,3.4543455674373162,2.6691580430691677,1.1608371779666258,4.102695491057322,13.413027704273274,adjacent_mapped_fixation_centroid_angle,-0.9776674937965262,-4.116625310173697,6.0209553858750136,1.2396330231963228
P16,2,5,DEVICE3-2,Y,488709,616786,128077.0,,,,,,P16,P16,Intermediate,False,CON,2,DEVICE3-2,488709,616786,128077,1,5,P16_T5_DEVICE3-2_210,2,Some prior experience,Any previous experience,Recording 44,SIMETRIC Recording 44.tsv,6392,32,28,0.21861848731622383,25,0.8928571428571429,3.149406850710629,2.994573802016394,1.761572623738322,4.437670030475364,7.435304688897912,adjacent_mapped_fixation_centroid_angle,-0.9776674937965262,-3.1166253101736974,4.852631645553427,1.1472141337449093
P16,2,6,DEVICE2-2,N,638208,917264,279056.0,,,,,,P16,P16,Intermediate,False,ATG,2,DEVICE2-2,638208,917264,279056,0,6,P16_T6_DEVICE2-2_211,2,Some prior experience,Any previous experience,Recording 44,SIMETRIC Recording 44.tsv,13928,45,47,0.16842497563213119,35,0.7446808510638298,4.794140111148428,4.696473694450493,2.491509748772665,6.705542849952318,12.43098566622632,adjacent_mapped_fixation_centroid_angle,-0.9776674937965262,-2.1166253101736974,5.631412478526313,1.5673943619406445
P16,3,7,DEVICE3-3,Y,14822,158930,144108.0,,,,,,P16,P16,Intermediate,False,CON,3,DEVICE3-3,14822,158930,144108,1,7,P16_T7_DEVICE3-3_212,3,Some prior experience,Any previous experience,Recording 45,SIMETRIC Recording 45.tsv,7193,28,34,0.23593416049074303,29,0.8529411764705882,2.2006949463672174,1.9199114314454133,1.0561194457900513,2.528232280310263,6.14174801085679,adjacent_mapped_fixation_centroid_angle,0.022332506203473823,-1.1166253101736974,4.970563018466547,0.7887731951955701
P16,3,8,DEVICE2-3,Y,178806,301244,122438.0,,,,,,P16,P16,Intermediate,False,ATG,3,DEVICE2-3,178806,301244,122438,1,8,P16_T8_DEVICE2-3_213,3,Some prior experience,Any previous experience,Recording 45,SIMETRIC Recording 45.tsv,6110,6,6,0.049004394060667436,6,1.0,2.2116981162051625,1.850812202823172,1.850812202823172,2.201189007257418,4.049176051666488,adjacent_mapped_fixation_centroid_angle,0.022332506203473823,-0.11662531017369737,4.807604779412603,0.793760598851507
P16,3,9,DEVICE1-3,Y,327078,572154,245076.0,354562,429485,461516,473927,548206,P16,P16,Intermediate,False,MST,3,DEVICE1-3,327078,572154,245076,1,9,P16_T9_DEVICE1-3_214,3,Some prior experience,Any previous experience,Recording 45,SIMETRIC Recording 45.tsv,12231,25,30,0.12241100719776722,28,0.9333333333333333,3.02660902705874,3.0848828336441088,1.6550925511895462,4.181627567214337,7.413609965610674,adjacent_mapped_fixation_centroid_angle,0.022332506203473823,0.8833746898263026,5.5015683665230215,1.1074428598404307
P16,4,10,DEVICE3-4,Y,587587,726902,139315.0,,,,,,P16,P16,Intermediate,False,CON,4,DEVICE3-4,587587,726902,139315,1,10,P16_T10_DEVICE3-4_215,3,Some prior experience,Any previous experience,Recording 45,SIMETRIC Recording 45.tsv,6953,63,89,0.638840038761081,82,0.9213483146067416,2.9528165007820752,2.2363462875457385,1.087714571204645,3.7580352213226798,11.590293712197075,adjacent_mapped_fixation_centroid_angle,1.0223325062034738,1.8833746898263026,4.936737556252009,1.0827594608994506
P16,4,11,DEVICE1-4,Y,740609,1061190,320581.0,775202/848813,909508,985144,968047/991750,1041633,P16,P16,Intermediate,False,MST,4,DEVICE1-4,740609,1061190,320581,1,11,P16_T11_DEVICE1-4_216,3,Some prior experience,Any previous experience,Recording 45,SIMETRIC Recording 45.tsv,16000,117,167,0.5209291879431407,154,0.9221556886227545,3.119545075884138,2.831049650406066,1.9313929819832192,4.1717676860556985,11.965942687588628,adjacent_mapped_fixation_centroid_angle,1.0223325062034738,2.8833746898263026,5.770134974539055,1.1376871821787296
P16,4,12,DEVICE2-4,Y,1098912,1206691,107779.0,,,,,,P16,P16,Intermediate,False,ATG,4,DEVICE2-4,1098912,1206691,107779,1,12,P16_T12_DEVICE2-4_217,3,Some prior experience,Any previous experience,Recording 45,SIMETRIC Recording 45.tsv,5379,26,37,0.34329507603522025,31,0.8378378378378378,3.413773049536045,3.4543526539384337,1.625375376314757,4.552636903931602,11.111564966503451,adjacent_mapped_fixation_centroid_angle,1.0223325062034738,3.8833746898263026,4.680082834303095,1.2278181457525315
P16,5,13,DEVICE3-5 ,Y,1239339,1347478,108139.0,,,,,,P16,P16,Intermediate,False,CON,5,DEVICE3-5,1239339,1347478,108139,1,13,P16_T13_DEVICE3-5_218,3,Some prior experience,Any previous experience,Recording 45,SIMETRIC Recording 45.tsv,5398,62,84,0.7767780356763055,80,0.9523809523809523,3.37592855474943,3.0501261083973694,1.401122977182418,4.69602586413524,8.512487778095538,adjacent_mapped_fixation_centroid_angle,2.022332506203474,4.883374689826303,4.683417436639048,1.2166704138170734
P16,5,14,DEVICE1-5 ,N,1450985,1769588,318603.0,1488254,1621120,1650992,1665707,1748116,P16,P16,Intermediate,False,MST,5,DEVICE1-5,1450985,1769588,318603,0,14,P16_T14_DEVICE1-5_219,3,Some prior experience,Any previous experience,Recording 45,SIMETRIC Recording 45.tsv,15902,122,154,0.4833601692388333,142,0.922077922077922,3.491021750080526,3.239631778901165,1.3644830333226472,4.242749938119122,16.8676691402498,adjacent_mapped_fixation_centroid_angle,2.022332506203474,5.883374689826303,5.763945813627473,1.2501944584330598
P16,5,15,DEVICE2-5 ,N,1804844,1870559,65715.0,,,,,,P16,P16,Intermediate,False,ATG,5,DEVICE2-5,1804844,1870559,65715,0,15,P16_T15_DEVICE2-5_220,3,Some prior experience,Any previous experience,Recording 45,SIMETRIC Recording 45.tsv,3280,4,4,0.060868903598873925,3,0.75,9.657732460070866,10.668467161021827,6.981083220955994,12.839749049661219,15.011030938300609,adjacent_mapped_fixation_centroid_angle,2.022332506203474,6.883374689826303,4.185327209933972,2.2677588856875466
P17,1,1,DEVICE2-1,Y,26676,206080,179404.0,,,,,,P17,P17,Novice,False,ATG,1,DEVICE2-1,26676,206080,179404,1,1,P17_T1_DEVICE2-1_221,1,No prior experience,No previous experience,Recording 46,SIMETRIC Recording 46.tsv,8954,48,50,0.2787005863860338,36,0.72,3.6576792427869003,3.0086596451896854,1.5275014229754222,4.28575832997352,16.17127077126753,adjacent_mapped_fixation_centroid_angle,-1.9776674937965262,-7.116625310173697,5.189640245920168,1.2968288596250543
P17,1,2,DEVICE1-1,Y,224031,522525,298494.0,266742,334680,378728,395833,463163,P17,P17,Novice,False,MST,1,DEVICE1-1,224031,522525,298494,1,2,P17_T2_DEVICE1-1_222,1,No prior experience,No previous experience,Recording 46,SIMETRIC Recording 46.tsv,14897,198,300,1.0050453275442721,278,0.9266666666666666,4.069179461436394,3.512360364210768,1.515990383132475,5.676248197208577,18.958393140472637,adjacent_mapped_fixation_centroid_angle,-1.9776674937965262,-6.116625310173697,5.698749832128127,1.4034413726024915
P17,1,3,DEVICE3-1,N,536941,696459,159518.0,,,,,,P17,P17,Novice,False,CON,1,DEVICE3-1,536941,696459,159518,0,3,P17_T3_DEVICE3-1_223,1,No prior experience,No previous experience,Recording 46,SIMETRIC Recording 46.tsv,7961,101,115,0.7209217768527689,94,0.8173913043478261,4.571798016305442,3.6650407327139125,1.5350421074381324,7.697746451467001,12.567086201376933,adjacent_mapped_fixation_centroid_angle,-1.9776674937965262,-5.116625310173697,5.072156768522093,1.5199065665457863
P17,2,4,DEVICE3-2,N,715780,954554,238774.0,,,,,,P17,P17,Novice,False,CON,2,DEVICE3-2,715780,954554,238774,0,4,P17_T4_DEVICE3-2_224,1,No prior experience,No previous experience,Recording 46,SIMETRIC Recording 46.tsv,11917,150,200,0.8376121353246165,163,0.815,3.944652028373794,3.0546508768458738,1.255535857719136,6.218690536365339,12.558933142775837,adjacent_mapped_fixation_centroid_angle,-0.9776674937965262,-4.116625310173697,5.4755174978688945,1.3723607446720696
P17,2,5,DEVICE2-2,N,967445,1119878,152433.0,,,,,,P17,P17,Novice,False,ATG,2,DEVICE2-2,967445,1119878,152433,0,5,P17_T5_DEVICE2-2_225,1,No prior experience,No previous experience,Recording 46,SIMETRIC Recording 46.tsv,7608,59,68,0.44609762977832884,45,0.6617647058823529,4.670237799272526,4.358038945876306,2.452860306198223,6.259222935536162,10.136062448792172,adjacent_mapped_fixation_centroid_angle,-0.9776674937965262,-3.1166253101736974,5.026725155245203,1.5412099909994974
P17,2,6,DEVICE1-2,Y,1133710,1622955,489245.0,1159340,1430260,1461570,1470615,1553860,P17,P17,Novice,False,MST,2,DEVICE1-2,1133710,1622955,489245,1,6,P17_T6_DEVICE1-2_226,1,No prior experience,No previous experience,Recording 46,SIMETRIC Recording 46.tsv,24418,280,396,0.8094104180931844,310,0.7828282828282829,3.4220028368411595,3.1181762862714786,1.5477785107479456,4.456460682044048,13.602873531672138,adjacent_mapped_fixation_centroid_angle,-0.9776674937965262,-2.1166253101736974,6.192863386499896,1.2302260044705815
P17,3,7,DEVICE3-3,Y,1656420,1887414,230994.0,,,,,,P17,P17,Novice,False,CON,3,DEVICE3-3,1656420,1887414,230994,1,7,P17_T7_DEVICE3-3_227,1,No prior experience,No previous experience,Recording 46,SIMETRIC Recording 46.tsv,11529,122,158,0.6840004502281445,113,0.7151898734177216,3.1636669333089564,2.720326526831602,1.7399025575064182,4.31075990974643,11.503879770153102,adjacent_mapped_fixation_centroid_angle,0.022332506203473823,-1.1166253101736974,5.442391736158489,1.151731776762917
P17,3,8,DEVICE2-3,N,1906808,2048286,141478.0,,,,,,P17,P17,Novice,False,ATG,3,DEVICE2-3,1906808,2048286,141478,0,8,P17_T8_DEVICE2-3_228,1,No prior experience,No previous experience,Recording 46,SIMETRIC Recording 46.tsv,7061,87,108,0.7633695698271109,94,0.8703703703703703,3.190171790651865,2.7545274322283975,1.1457864688253003,4.563575131337743,10.921558511624898,adjacent_mapped_fixation_centroid_angle,0.022332506203473823,-0.11662531017369737,4.952144227963684,1.1600747682156627
P17,3,9,DEVICE1-3,Y,2068959,2247486,178527.0,2102751,2125489,2149185,2160147,2219748,P17,P17,Novice,False,MST,3,DEVICE1-3,2068959,2247486,178527,1,9,P17_T9_DEVICE1-3_229,1,No prior experience,No previous experience,Recording 46,SIMETRIC Recording 46.tsv,8910,28,34,0.1904473833089673,24,0.7058823529411765,2.3742595592712816,1.7264578253033578,0.9512328662090598,3.6844721480380667,6.998269924247036,adjacent_mapped_fixation_centroid_angle,0.022332506203473823,0.8833746898263026,5.184739850285179,0.864685624360589
P17,4,10,DEVICE3-4,Y,28324,153531,125207.0,,,,,,P17,P17,Novice,False,CON,4,DEVICE3-4,28324,153531,125207,1,10,P17_T10_DEVICE3-4_230,2,No prior experience,No previous experience,Recording 47,SIMETRIC Recording 47.tsv,6249,46,51,0.4073254690232974,38,0.7450980392156863,3.7058858575055247,3.0429485184526994,2.140476058665276,4.853694158725442,10.241788705209753,adjacent_mapped_fixation_centroid_angle,1.0223325062034738,1.8833746898263026,4.829968367646193,1.3099223280109633
P17,4,11,DEVICE1-4,Y,174555,339154,164599.0,186138,220626,239962,252162,319489,P17,P17,Novice,False,MST,4,DEVICE1-4,174555,339154,164599,1,11,P17_T11_DEVICE1-4_231,2,No prior experience,No previous experience,Recording 47,SIMETRIC Recording 47.tsv,8215,12,13,0.07897982369273204,8,0.6153846153846154,4.053183393716761,4.315733432383833,3.5876869786525845,4.85734033394967,5.863385955594258,adjacent_mapped_fixation_centroid_angle,1.0223325062034738,2.8833746898263026,5.103512212890371,1.399502595503982
P17,4,12,DEVICE2-4,Y,359528,448829,89301.0,,,,,,P17,P17,Novice,False,ATG,4,DEVICE2-4,359528,448829,89301,1,12,P17_T12_DEVICE2-4_232,2,No prior experience,No previous experience,Recording 47,SIMETRIC Recording 47.tsv,4457,8,5,0.055990414441047694,5,1.0,4.813621845030804,3.7409856822485987,3.7409856822485987,7.118043523274688,8.089152790330917,adjacent_mapped_fixation_centroid_angle,1.0223325062034738,3.8833746898263026,4.4920126860280405,1.571449783103587
P17,5,13,DEVICE3-5 ,Y,468169,579356,111187.0,,,,,,P17,P17,Novice,False,CON,5,DEVICE3-5,468169,579356,111187,1,13,P17_T13_DEVICE3-5_233,2,No prior experience,No previous experience,Recording 47,SIMETRIC Recording 47.tsv,5550,24,31,0.2788095730615989,23,0.7419354838709677,3.6503685796816523,2.7750081423038484,1.5754252272463187,3.8217809979738973,13.192542650725418,adjacent_mapped_fixation_centroid_angle,2.022332506203474,4.883374689826303,4.711213468507567,1.2948281432308881
P17,5,14,DEVICE1-5 ,Y,700722,881613,180891.0,735669,754431,781545,790074,826068,P17,P17,Novice,False,MST,5,DEVICE1-5,700722,881613,180891,1,14,P17_T14_DEVICE1-5_234,2,No prior experience,No previous experience,Recording 47,SIMETRIC Recording 47.tsv,9028,26,34,0.18795849434189651,28,0.8235294117647058,1.9823717699479866,2.337435347401178,0.6560487307646129,2.8271414924226796,6.143029966000109,adjacent_mapped_fixation_centroid_angle,2.022332506203474,5.883374689826303,5.197894639919834,0.6842939914503388
P17,5,15,DEVICE2-5 ,N,988497,1092880,104383.0,,,,,,P17,P17,Novice,False,ATG,5,DEVICE2-5,988497,1092880,104383,0,15,P17_T15_DEVICE2-5_235,2,No prior experience,No previous experience,Recording 47,SIMETRIC Recording 47.tsv,5209,27,30,0.28740312119789624,18,0.6,3.6241110741525597,3.524975146010044,2.433863963558593,4.426876337143073,6.873928777003715,adjacent_mapped_fixation_centroid_angle,2.022332506203474,6.883374689826303,4.648066826940398,1.2876090373116393
P18,1,1,DEVICE1-1,Y,21554,259287,237733.0,54336,103508,150013,129722/158420,227862,P18,P18,Novice,False,MST,1,DEVICE1-1,21554,259287,237733,1,1,P18_T1_DEVICE1-1_236,1,No prior experience,No previous experience,Recording 48,SIMETRIC Recording 48.tsv,11865,40,55,0.23135197890069953,40,0.7272727272727273,2.975896496250359,2.6996092659080455,1.8229725771901388,3.8457662115980122,6.70536411190773,adjacent_mapped_fixation_centroid_angle,-1.9776674937965262,-7.116625310173697,5.471148195188653,1.0905453368802587
P18,1,2,DEVICE3-1,Y,16732,113277,96545.0,,,,,,P18,P18,Novice,False,CON,1,DEVICE3-1,16732,113277,96545,1,2,P18_T2_DEVICE3-1_237,2,No prior experience,No previous experience,Recording 49,SIMETRIC Recording 49.tsv,4818,46,55,0.5696825314620125,42,0.7636363636363637,2.529947840610588,2.2885714386909974,1.1124665586292743,3.542265313512243,6.496756828817931,adjacent_mapped_fixation_centroid_angle,-1.9776674937965262,-6.116625310173697,4.5700092208945025,0.9281986861674575
P18,1,3,DEVICE2-1,Y,145949,265048,119099.0,,,,,,P18,P18,Novice,False,ATG,1,DEVICE2-1,145949,265048,119099,1,3,P18_T3_DEVICE2-1_238,2,No prior experience,No previous experience,Recording 49,SIMETRIC Recording 49.tsv,5944,61,73,0.6129354570567342,54,0.7397260273972602,3.9934087325316416,3.900845904253583,2.2856347087834115,5.509564793135185,8.501195970386291,adjacent_mapped_fixation_centroid_angle,-1.9776674937965262,-5.116625310173697,4.77995508002038,1.3846451851093025
P18,2,4,DEVICE2-2,Y,281130,365845,84715.0,,,,,,P18,P18,Novice,False,ATG,2,DEVICE2-2,281130,365845,84715,1,4,P18_T4_DEVICE2-2_239,2,No prior experience,No previous experience,Recording 49,SIMETRIC Recording 49.tsv,4228,18,28,0.33051997875228706,18,0.6428571428571429,3.6876789615747936,3.7848794217459147,2.4861928506770483,4.521698480668934,6.687016560683585,adjacent_mapped_fixation_centroid_angle,-0.9776674937965262,-4.116625310173697,4.43929268161007,1.3049972524407876
P18,2,5,DEVICE1-2,Y,408986,571698,162712.0,432198,462085,485604,497798,545693,P18,P18,Novice,False,MST,2,DEVICE1-2,408986,571698,162712,1,5,P18_T5_DEVICE1-2_240,2,No prior experience,No previous experience,Recording 49,SIMETRIC Recording 49.tsv,8121,58,67,0.4117704901912582,57,0.8507462686567164,2.636656431594973,2.5093260422790977,1.743541905222811,2.9366854518806886,10.927399324311732,adjacent_mapped_fixation_centroid_angle,-0.9776674937965262,-3.1166253101736974,5.091981766883194,0.9695116112815315
P18,2,6,DEVICE3-2,Y,624217,705607,81390.0,,,,,,P18,P18,Novice,False,CON,2,DEVICE3-2,624217,705607,81390,1,6,P18_T6_DEVICE3-2_241,2,No prior experience,No previous experience,Recording 49,SIMETRIC Recording 49.tsv,4062,12,16,0.1965843469713724,7,0.4375,4.242644871517329,5.315562788872442,3.51996092277503,5.442998499590414,6.17687549067527,adjacent_mapped_fixation_centroid_angle,-0.9776674937965262,-2.1166253101736974,4.3992524153389505,1.4451868652196733
P18,3,7,DEVICE1-3,Y,731989,1008905,276916.0,779502,809175,829859,837491,967218,P18,P18,Novice,False,MST,3,DEVICE1-3,731989,1008905,276916,1,7,P18_T7_DEVICE1-3_242,2,No prior experience,No previous experience,Recording 49,SIMETRIC Recording 49.tsv,13821,25,34,0.12278091551228532,25,0.7352941176470589,3.985656550396568,3.35335304604151,1.5473047321361502,4.055675117472534,17.175795353248027,adjacent_mapped_fixation_centroid_angle,0.022332506203473823,-1.1166253101736974,5.623714211100561,1.3827020541035047
P18,3,8,DEVICE2-3,Y,1101588,1199904,98316.0,,,,,,P18,P18,Novice,False,ATG,3,DEVICE2-3,1101588,1199904,98316,1,8,P18_T8_DEVICE2-3_243,2,No prior experience,No previous experience,Recording 49,SIMETRIC Recording 49.tsv,4907,69,85,0.8645591765328126,69,0.8117647058823529,3.4387822084441173,3.31916186395367,2.2038548497250354,3.955301246800852,9.006231634623203,adjacent_mapped_fixation_centroid_angle,0.022332506203473823,-0.11662531017369737,4.588186780947678,1.2351173995360456
P18,3,9,DEVICE3-3,Y,1216216,1299301,83085.0,,,,,,P18,P18,Novice,False,CON,3,DEVICE3-3,1216216,1299301,83085,1,9,P18_T9_DEVICE3-3_244,2,No prior experience,No previous experience,Recording 49,SIMETRIC Recording 49.tsv,4147,34,39,0.4693988084491786,25,0.6410256410256411,2.9128222475830547,2.6978207205534157,1.9388888601844065,3.3648512096534327,6.562728477559796,adjacent_mapped_fixation_centroid_angle,0.022332506203473823,0.8833746898263026,4.419864180153177,1.0691224557183112
P18,4,10,DEVICE1-4,N,1314288,1524946,210658.0,1337775,1370229,1388478,1398993,1497937,P18,P18,Novice,False,MST,4,DEVICE1-4,1314288,1524946,210658,0,10,P18_T10_DEVICE1-4_245,2,No prior experience,No previous experience,Recording 49,SIMETRIC Recording 49.tsv,10514,17,20,0.09494061464553923,14,0.7,2.852261824199824,2.171266370288854,1.6881218612087614,4.18328580791572,5.643317959264311,adjacent_mapped_fixation_centroid_angle,1.0223325062034738,1.8833746898263026,5.350235965392,1.0481123020549745
P18,4,11,DEVICE3-4,Y,1546102,1619347,73245.0,,,,,,P18,P18,Novice,False,CON,4,DEVICE3-4,1546102,1619347,73245,1,11,P18_T11_DEVICE3-4_246,2,No prior experience,No previous experience,Recording 49,SIMETRIC Recording 49.tsv,3655,8,15,0.2047921359819783,3,0.2,3.7460006440014486,4.623064796169549,3.164794916644727,4.765738447442221,4.9084120987148925,adjacent_mapped_fixation_centroid_angle,1.0223325062034738,2.8833746898263026,4.293809986181733,1.3206887759389798
P18,4,12,DEVICE2-4,N,1638537,1757072,118535.0,,,,,,P18,P18,Novice,False,ATG,4,DEVICE2-4,1638537,1757072,118535,0,12,P18_T12_DEVICE2-4_247,2,No prior experience,No previous experience,Recording 49,SIMETRIC Recording 49.tsv,5916,7,15,0.126544902349517,3,0.2,1.714244034227077,1.0571782082602854,0.8713915050964602,2.228563650374298,3.3999490924883102,adjacent_mapped_fixation_centroid_angle,1.0223325062034738,3.8833746898263026,4.775208275615196,0.538972187069574
P18,5,13,DEVICE3-5 ,Y,1775073,1851702,76629.0,,,,,,P18,P18,Novice,False,CON,5,DEVICE3-5,1775073,1851702,76629,1,13,P18_T13_DEVICE3-5_248,2,No prior experience,No previous experience,Recording 49,SIMETRIC Recording 49.tsv,3824,25,36,0.4697960302235446,26,0.7222222222222222,2.6885286281847014,1.920789207605737,1.2809123980644017,2.6088479522866024,8.481797591345103,adjacent_mapped_fixation_centroid_angle,2.022332506203474,4.883374689826303,4.338975595177733,0.9889940655965079
P18,5,14,DEVICE1-5 ,Y,1941614,2096643,155029.0,1964876,2011758,2033737,2041771,2073358,P18,P18,Novice,False,MST,5,DEVICE1-5,1941614,2096643,155029,1,14,P18_T14_DEVICE1-5_249,2,No prior experience,No previous experience,Recording 49,SIMETRIC Recording 49.tsv,7737,5,9,0.058053654477549364,1,0.1111111111111111,3.0637626906037063,3.0637626906037063,3.0637626906037063,3.0637626906037063,3.0637626906037063,adjacent_mapped_fixation_centroid_angle,2.022332506203474,5.883374689826303,5.043612196193021,1.1196437980315188
P18,5,15,DEVICE2-5 ,Y,2176323,2249794,73471.0,,,,,,P18,P18,Novice,False,ATG,5,DEVICE2-5,2176323,2249794,73471,1,15,P18_T15_DEVICE2-5_250,2,No prior experience,No previous experience,Recording 49,SIMETRIC Recording 49.tsv,3667,5,13,0.17694056158212082,2,0.15384615384615385,3.9612847715134007,3.9612847715134007,3.9612847715134007,3.9612847715134007,3.9612847715134007,adjacent_mapped_fixation_centroid_angle,2.022332506203474,6.883374689826303,4.296890770537243,1.3765684098988638
P19,1,1,DEVICE3-1,N,11665,550598,538933.0,,,,,,P19,P19,Novice,False,CON,1,DEVICE3-1,11665,550598,538933,0,1,P19_T1_DEVICE3-1_251,1,No prior experience,No previous experience,Recording 50,SIMETRIC Recording 50.tsv,26898,179,189,0.35069294327866357,140,0.7407407407407407,5.380278491015572,4.430439047400585,2.5676133895752393,7.6574977413000065,18.25157798565132,adjacent_mapped_fixation_centroid_angle,-1.9776674937965262,-7.116625310173697,6.28959125891542,1.6827401369632653
P19,1,2,DEVICE2-1,N,568280,750439,182159.0,,,,,,P19,P19,Novice,False,ATG,1,DEVICE2-1,568280,750439,182159,0,2,P19_T2_DEVICE2-1_252,1,No prior experience,No previous experience,Recording 50,SIMETRIC Recording 50.tsv,9091,37,36,0.19762954342085762,23,0.6388888888888888,4.998564628526492,4.782232783596552,2.8245091891993983,6.10050738517011,10.505854309102412,adjacent_mapped_fixation_centroid_angle,-1.9776674937965262,-6.116625310173697,5.204879932061013,1.6091507969256857
P19,1,3,DEVICE1-1,Y,22860,380458,357598.0,73028,161152,293160,215302/303747,349029,P19,P19,Novice,False,MST,1,DEVICE1-1,22860,380458,357598,1,3,P19_T3_DEVICE1-1_253,2,No prior experience,No previous experience,Recording 51,SIMETRIC Recording 51.tsv,17847,12,11,0.030760798438470013,5,0.45454545454545453,4.115173104621389,4.274693008785863,1.912784087122741,6.032306947689042,6.927257777569312,adjacent_mapped_fixation_centroid_angle,-1.9776674937965262,-5.116625310173697,5.879409450442556,1.4146808999809208
P19,2,4,DEVICE1-2,N,406392,825442,419050.0,419170,661308,693461,707313,807054,P19,P19,Novice,False,MST,2,DEVICE1-2,406392,825442,419050,0,4,P19_T4_DEVICE1-2_254,2,No prior experience,No previous experience,Recording 51,SIMETRIC Recording 51.tsv,20915,46,42,0.10022670325736785,12,0.2857142857142857,3.84887035331351,3.502771108564442,2.4989541745935693,4.493566958758978,7.446091394737723,adjacent_mapped_fixation_centroid_angle,-0.9776674937965262,-4.116625310173697,6.037990244544916,1.347779690521407
P19,2,5,DEVICE3-2,N,847588,1220737,373149.0,,,,,,P19,P19,Novice,False,CON,2,DEVICE3-2,847588,1220737,373149,0,5,P19_T5_DEVICE3-2_255,2,No prior experience,No previous experience,Recording 51,SIMETRIC Recording 51.tsv,18624,86,99,0.26530956802778516,72,0.7272727272727273,4.498025433954182,3.936604464250798,1.8919253171879307,5.966974800468113,13.844854361348485,adjacent_mapped_fixation_centroid_angle,-0.9776674937965262,-3.1166253101736974,5.921977803686361,1.503638508024068
P19,2,6,DEVICE2-2,Y,1240543,1537735,297192.0,,,,,,P19,P19,Novice,False,ATG,2,DEVICE2-2,1240543,1537735,297192,1,6,P19_T6_DEVICE2-2_256,2,No prior experience,No previous experience,Recording 51,SIMETRIC Recording 51.tsv,14832,36,42,0.14132278123233466,30,0.7142857142857143,6.083738214108117,4.7506840295669335,2.7319056563079096,7.295200144075584,16.614203685173297,adjacent_mapped_fixation_centroid_angle,-0.9776674937965262,-2.1166253101736974,5.694378394580907,1.8056193448894557
P19,3,7,DEVICE3-3,Y,1562470,1800826,238356.0,,,,,,P19,P19,Novice,False,CON,3,DEVICE3-3,1562470,1800826,238356,1,7,P19_T7_DEVICE3-3_257,2,No prior experience,No previous experience,Recording 51,SIMETRIC Recording 51.tsv,11896,44,51,0.21396566480390677,26,0.5098039215686274,3.22533904247883,2.7880929717337675,1.4088298536632178,5.265029478136545,8.889875097597683,adjacent_mapped_fixation_centroid_angle,0.022332506203473823,-1.1166253101736974,5.473765354398819,1.1710380741728224
P19,3,8,DEVICE2-3,Y,1818739,2019222,200483.0,,,,,,P19,P19,Novice,False,ATG,3,DEVICE2-3,1818739,2019222,200483,1,8,P19_T8_DEVICE2-3_258,2,No prior experience,No previous experience,Recording 51,SIMETRIC Recording 51.tsv,10006,32,37,0.18455430136221027,23,0.6216216216216216,3.3951944036928916,2.3003374237154337,1.5331486862657957,4.246198775194578,9.326534742329807,adjacent_mapped_fixation_centroid_angle,0.022332506203473823,-0.11662531017369737,5.30072945512199,1.2223610211364782
P19,3,9,DEVICE1-3,Y,2044630,2637590,592960.0,2082713,2455800,2475265,2484598/2500103,2619143,P19,P19,Novice,False,MST,3,DEVICE1-3,2044630,2637590,592960,1,9,P19_T9_DEVICE1-3_259,2,No prior experience,No previous experience,Recording 51,SIMETRIC Recording 51.tsv,29595,67,75,0.1264840798704803,28,0.37333333333333335,4.376561599393215,3.783303084492429,1.383249349956929,6.769472559807858,11.743261192635067,adjacent_mapped_fixation_centroid_angle,0.022332506203473823,0.8833746898263026,6.385126943096995,1.476263393126883
P19,4,10,DEVICE3-4,Y,2655140,2791049,135909.0,,,,,,P19,P19,Novice,False,CON,4,DEVICE3-4,2655140,2791049,135909,1,10,P19_T10_DEVICE3-4_260,2,No prior experience,No previous experience,Recording 51,SIMETRIC Recording 51.tsv,6784,24,27,0.19866234024236806,20,0.7407407407407407,3.2406215117063923,2.142303488822167,1.1853174941085975,4.049372888561541,10.998950546515639,adjacent_mapped_fixation_centroid_angle,1.0223325062034738,1.8833746898263026,4.911985544129871,1.1757651360089902
P19,4,11,DEVICE1-4,Y,2804905,3072123,267218.0,2862402,2978674,3003050,3012786,3061414,P19,P19,Novice,False,MST,4,DEVICE1-4,2804905,3072123,267218,1,11,P19_T11_DEVICE1-4_261,2,No prior experience,No previous experience,Recording 51,SIMETRIC Recording 51.tsv,13337,44,57,0.21330898367624934,43,0.7543859649122807,3.6625359263414694,3.165100995118309,2.345057541263002,4.394694033791691,7.691376241163912,adjacent_mapped_fixation_centroid_angle,1.0223325062034738,2.8833746898263026,5.588064804663014,1.298155783535067
P19,4,12,DEVICE2-4,Y,3086854,3474559,387705.0,,,,,,P19,P19,Novice,False,ATG,4,DEVICE2-4,3086854,3474559,387705,1,12,P19_T12_DEVICE2-4_262,2,No prior experience,No previous experience,Recording 51,SIMETRIC Recording 51.tsv,19350,59,69,0.17797036406546216,44,0.6376811594202898,4.53275969135466,2.7671783809725885,1.6707048431668368,5.184192249157848,19.966705523483935,adjacent_mapped_fixation_centroid_angle,1.0223325062034738,3.8833746898263026,5.960244741163236,1.5113309573954372
P19,5,13,DEVICE3-5 ,Y,30592,180750,150158.0,,,,,,P19,P19,Novice,False,CON,5,DEVICE3-5,30592,180750,150158,1,13,P19_T13_DEVICE3-5_263,3,No prior experience,No previous experience,Recording 52,SIMETRIC Recording 52.tsv,7494,9,9,0.05993686650061935,2,0.2222222222222222,12.727683223765219,12.727683223765219,12.442721901782019,13.01264454574842,13.297605867731622,adjacent_mapped_fixation_centroid_angle,2.022332506203474,4.883374689826303,5.011688073063287,2.543779402586646
P19,5,14,DEVICE2-5 ,Y,315878,610350,294472.0,,,,,,P19,P19,Novice,False,ATG,5,DEVICE2-5,315878,610350,294472,1,14,P19_T14_DEVICE2-5_264,3,No prior experience,No previous experience,Recording 52,SIMETRIC Recording 52.tsv,14697,38,53,0.17998315629329784,39,0.7358490566037735,4.7453317193341125,2.655852807016349,2.0477326102880924,6.900960617104433,13.280650301016712,adjacent_mapped_fixation_centroid_angle,2.022332506203474,5.883374689826303,5.685183922170915,1.5571613388563126
P19,5,15,DEVICE1-5 ,Y,777396,959194,181798.0,802786,871006,892524,901773,948242,P19,P19,Novice,False,MST,5,DEVICE1-5,777396,959194,181798,1,15,P19_T15_DEVICE1-5_265,3,No prior experience,No previous experience,Recording 52,SIMETRIC Recording 52.tsv,9073,8,10,0.055006105677730226,2,0.2,9.06232376899423,9.06232376899423,7.020669420850274,11.103978117138183,13.145632465282139,adjacent_mapped_fixation_centroid_angle,2.022332506203474,6.883374689826303,5.202896180582756,2.2041255738117664
P2,1,1,DEVICE3-1,Y,203230,356618,153388.0,,,,,,P2,P2,Intermediate,False,CON,1,DEVICE3-1,203230,356618,153388,1,1,P2_T1_DEVICE3-1_16,1,Some prior experience,Any previous experience,Recording 16,SIMETRIC Recording 16.tsv,7656,25,38,0.24773776305838788,17,0.4473684210526316,4.783681662370121,2.826013222484202,2.1353952564810834,3.202190492939475,13.173658133751283,adjacent_mapped_fixation_centroid_angle,-1.9776674937965262,-7.116625310173697,5.032970659015388,1.56521047228759
P2,1,2,DEVICE1-1,Y,386532,618752,232220.0,443976,495419,515731,530913,568260,P2,P2,Intermediate,False,MST,1,DEVICE1-1,386532,618752,232220,1,2,P2_T2_DEVICE1-1_17,1,Some prior experience,Any previous experience,Recording 16,SIMETRIC Recording 16.tsv,11590,8,14,0.06028765825510292,3,0.21428571428571427,3.4603520876410925,3.417429952260915,3.417429952260915,3.4818131553311815,3.5461963584014486,adjacent_mapped_fixation_centroid_angle,-1.9776674937965262,-6.116625310173697,5.44768519819886,1.2413703433263348
P2,3,8,DEVICE2-3,N,1727227,1868718,141491.0,,,,,,P2,P2,Intermediate,False,ATG,3,DEVICE2-3,1727227,1868718,141491,0,8,P2_T8_DEVICE2-3_23,1,Some prior experience,Any previous experience,Recording 16,SIMETRIC Recording 16.tsv,7062,8,6,0.04240552402626315,3,0.5,3.4979064309974106,3.993028574730552,3.2489205004234716,3.9944534334379203,3.9958782921452882,adjacent_mapped_fixation_centroid_angle,0.022332506203473823,-0.11662531017369737,4.9522361108201745,1.2521646269525957
P2,3,9,DEVICE1-3,Y,1922430,2120236,197806.0,1985618,2007597,2037817,2068037,2090016,P2,P2,Intermediate,False,MST,3,DEVICE1-3,1922430,2120236,197806,1,9,P2_T9_DEVICE1-3_24,1,Some prior experience,Any previous experience,Recording 16,SIMETRIC Recording 16.tsv,9872,2,2,0.01011091675682234,1,0.5,2.9584752926958555,2.9584752926958555,2.9584752926958555,2.9584752926958555,2.9584752926958555,adjacent_mapped_fixation_centroid_angle,0.022332506203473823,0.8833746898263026,5.28728675239893,1.0846740318054537
P20,1,1,DEVICE2-1,Y,46243,152433,106190.0,,,,,,P20,P20,Novice,False,ATG,1,DEVICE2-1,46243,152433,106190,1,1,P20_T1_DEVICE2-1_266,1,No prior experience,No previous experience,Recording 53,SIMETRIC Recording 53.tsv,5300,53,80,0.7533666070251436,71,0.8875,3.0473171081813875,2.605818361914337,1.156751869324299,4.451021113234667,9.68802604849635,adjacent_mapped_fixation_centroid_angle,-1.9776674937965262,-7.116625310173697,4.665229942415754,1.114261566850126
P20,1,2,DEVICE3-1,Y,164664,265184,,,,,,,P20,P20,Novice,False,CON,1,DEVICE3-1,164664,265184,100520,1,2,P20_T2_DEVICE3-1_267,1,No prior experience,No previous experience,Recording 53,SIMETRIC Recording 53.tsv,5017,58,70,0.6963788300835655,62,0.8857142857142857,3.482939243145162,3.1442932266139065,1.890657561186427,5.566988616605806,8.645270580436982,adjacent_mapped_fixation_centroid_angle,-1.9776674937965262,-6.116625310173697,4.610356712675391,1.2478765474031692
P20,1,3,DEVICE1-1,Y,314089,460454,146365.0,326317,350901,367530,377807,421744,P20,P20,Novice,False,MST,1,DEVICE1-1,314089,460454,146365,1,3,P20_T3_DEVICE1-1_268,1,No prior experience,No previous experience,Recording 53,SIMETRIC Recording 53.tsv,7305,57,74,0.50558535168927,64,0.8648648648648649,7.146190051015873,4.852433381047449,2.0146110367125725,11.315327424036475,21.264744926877658,adjacent_mapped_fixation_centroid_angle,-1.9776674937965262,-5.116625310173697,4.986103501906924,1.966579354687794
P20,2,4,DEVICE1-2,Y,491428,679534,188106.0,538445,576013,617218,623669,657204,P20,P20,Novice,False,MST,2,DEVICE1-2,491428,679534,188106,1,4,P20_T4_DEVICE1-2_269,1,No prior experience,No previous experience,Recording 53,SIMETRIC Recording 53.tsv,9389,140,214,1.1376564277588168,186,0.8691588785046729,4.09112346332625,3.237842891339785,1.8784457294440415,5.4145463258510995,16.872817283547178,adjacent_mapped_fixation_centroid_angle,-0.9776674937965262,-4.116625310173697,5.237005633724891,1.4088196177454213
P20,2,5,DEVICE2-2,Y,701275,777587,76312.0,,,,,,P20,P20,Novice,False,ATG,2,DEVICE2-2,701275,777587,76312,1,5,P20_T5_DEVICE2-2_270,1,No prior experience,No previous experience,Recording 53,SIMETRIC Recording 53.tsv,3808,31,42,0.5503721564105253,31,0.7380952380952381,3.417814290416707,2.5466356465246593,1.4882747964347216,6.2434760952705055,7.430957888034191,adjacent_mapped_fixation_centroid_angle,-0.9776674937965262,-3.1166253101736974,4.334830199842907,1.2290012503959917
P20,2,6,DEVICE3-2,Y,792684,847421,54737.0,,,,,,P20,P20,Novice,False,CON,2,DEVICE3-2,792684,847421,54737,1,6,P20_T6_DEVICE3-2_271,1,No prior experience,No previous experience,Recording 53,SIMETRIC Recording 53.tsv,2732,52,82,1.4980726017136488,73,0.8902439024390244,2.8092573549952453,2.896066786501571,1.4423036506811742,4.493720574044072,7.240335698107963,adjacent_mapped_fixation_centroid_angle,-0.9776674937965262,-2.1166253101736974,4.002539897580202,1.032920161937268
P20,3,7,DEVICE1-3,Y,890273,1003230,112957.0,909048,926200,936129,944095,981321,P20,P20,Novice,False,MST,3,DEVICE1-3,890273,1003230,112957,1,7,P20_T7_DEVICE1-3_272,1,No prior experience,No previous experience,Recording 53,SIMETRIC Recording 53.tsv,5638,19,17,0.15049974769159946,5,0.29411764705882354,4.01401815363106,3.472549670780988,2.996115115926718,5.250011678448455,5.447716230569025,adjacent_mapped_fixation_centroid_angle,0.022332506203473823,-1.1166253101736974,4.727007215318606,1.389792772942659
P20,3,8,DEVICE2-3,Y,1049687,1145310,95623.0,,,,,,P20,P20,Novice,False,ATG,3,DEVICE2-3,1049687,1145310,95623,1,8,P20_T8_DEVICE2-3_273,1,No prior experience,No previous experience,Recording 53,SIMETRIC Recording 53.tsv,4772,53,71,0.7424991895255325,62,0.8732394366197183,4.216530977180635,3.1913284646325435,1.7075590428478273,5.897785754101114,18.99301792563953,adjacent_mapped_fixation_centroid_angle,0.022332506203473823,-0.11662531017369737,4.560413376895298,1.4390127466629032
P20,3,9,DEVICE3-3,Y,1158661,1227015,68354.0,,,,,,P20,P20,Novice,False,CON,3,DEVICE3-3,1158661,1227015,68354,1,9,P20_T9_DEVICE3-3_274,1,No prior experience,No previous experience,Recording 53,SIMETRIC Recording 53.tsv,3411,16,18,0.26333499136846417,14,0.7777777777777778,2.474472648348871,2.028868699028513,1.2301401019195848,3.0578215879531836,7.8675296747636665,adjacent_mapped_fixation_centroid_angle,0.022332506203473823,0.8833746898263026,4.224700083769227,0.9060273019435299
P20,4,10,DEVICE1-4,Y,1279265,1420730,141465.0,1290970,1315332,1328666,1338274,1406403,P20,P20,Novice,False,MST,4,DEVICE1-4,1279265,1420730,141465,1,10,P20_T10_DEVICE1-4_275,1,No prior experience,No previous experience,Recording 53,SIMETRIC Recording 53.tsv,7060,34,43,0.3039621107694483,42,0.9767441860465116,2.61648424246767,1.9036282984664183,0.9590699540991066,3.208634406119707,12.761444695614426,adjacent_mapped_fixation_centroid_angle,1.0223325062034738,1.8833746898263026,4.952052336663958,0.9618315244415228
P20,4,11,DEVICE2-4,Y,1435074,1491446,56372.0,,,,,,P20,P20,Novice,False,ATG,4,DEVICE2-4,1435074,1491446,56372,1,11,P20_T11_DEVICE2-4_276,1,No prior experience,No previous experience,Recording 53,SIMETRIC Recording 53.tsv,2814,32,39,0.6918328248066415,33,0.8461538461538461,3.0866303626277047,2.4389851427176006,1.4552345569274654,4.148262888939424,10.556541362865449,adjacent_mapped_fixation_centroid_angle,1.0223325062034738,2.8833746898263026,4.031972581329264,1.1270799983531123
P20,4,12,DEVICE3-4,Y,1508171,1570285,62114.0,,,,,,P20,P20,Novice,False,CON,4,DEVICE3-4,1508171,1570285,62114,1,12,P20_T12_DEVICE3-4_277,1,No prior experience,No previous experience,Recording 53,SIMETRIC Recording 53.tsv,3101,71,107,1.7226390185787424,93,0.8691588785046729,4.193800198720285,2.987879155104663,1.7658603856839679,5.9998325130209,15.942116905097608,adjacent_mapped_fixation_centroid_angle,1.0223325062034738,3.8833746898263026,4.128971406365155,1.4336072915548088
P20,5,13,DEVICE1-5 ,Y,1630494,1741924,111430.0,1638947,1660625,1672018,1680481,1726411,P20,P20,Novice,False,MST,5,DEVICE1-5,1630494,1741924,111430,1,13,P20_T13_DEVICE1-5_278,1,No prior experience,No previous experience,Recording 53,SIMETRIC Recording 53.tsv,5561,13,16,0.1435879027191959,12,0.75,1.8532980635082377,1.6706368696073914,0.9706648920014382,2.3122732813896394,3.789597307660187,adjacent_mapped_fixation_centroid_angle,2.022332506203474,4.883374689826303,4.713396591058963,0.6169667889321326
P20,5,14,DEVICE3-5 ,Y,1767251,1829989,62738.0,,,,,,P20,P20,Novice,False,CON,5,DEVICE3-5,1767251,1829989,62738,1,14,P20_T14_DEVICE3-5_279,1,No prior experience,No previous experience,Recording 53,SIMETRIC Recording 53.tsv,3131,27,42,0.6694507316140138,29,0.6904761904761905,4.30377732941794,3.5689026938004824,1.8807191954337077,5.926403818560323,12.815881773644353,adjacent_mapped_fixation_centroid_angle,2.022332506203474,5.883374689826303,4.138967324664376,1.4594930857911117
P20,5,15,DEVICE2-5 ,N,2102215,2157377,55162.0,,,,,,P20,P20,Novice,False,ATG,5,DEVICE2-5,2102215,2157377,55162,0,15,P20_T15_DEVICE2-5_280,1,No prior experience,No previous experience,Recording 53,SIMETRIC Recording 53.tsv,2753,16,17,0.308183169573257,15,0.8823529411764706,1.4157020684313943,1.5041476383041283,0.9575078239107956,2.056970021773206,2.3018617107074526,adjacent_mapped_fixation_centroid_angle,2.022332506203474,6.883374689826303,4.010274310425875,0.3476255694834295
P20,5,16,DEVICE2-5 ,Y,2181458,2243213,61755.0,,,,,,P20,P20,Novice,False,ATG,5,DEVICE2-5,2181458,2243213,61755,1,16,P20_T16_DEVICE2-5_281,1,No prior experience,No previous experience,Recording 53,SIMETRIC Recording 53.tsv,3082,24,41,0.6639138531293013,32,0.7804878048780488,3.2712655820737453,2.4110500077771744,2.0712310501778655,4.029189658528031,12.992460436026175,adjacent_mapped_fixation_centroid_angle,2.022332506203474,7.883374689826303,4.123174943889977,1.1851769381901922
P21,1,1,DEVICE1-1,N,32186,237423,205237.0,72641,95122,121467,137070,,P21,P21,Novice,False,MST,1,DEVICE1-1,32186,237423,205237,0,1,P21_T1_DEVICE1-1_282,1,No prior experience,No previous experience,Recording 54,SIMETRIC Recording 54.tsv,10243,19,18,0.0877034842645332,11,0.6111111111111112,4.180156294561792,3.41186605340713,2.234122128411209,5.021793388185747,11.826762401796072,adjacent_mapped_fixation_centroid_angle,-1.9776674937965262,-7.116625310173697,5.324165408933218,1.4303486368811282
P21,1,2,DEVICE2-1,N,262280,376902,114622.0,,,,,,P21,P21,Novice,False,ATG,1,DEVICE2-1,262280,376902,114622,0,2,P21_T2_DEVICE2-1_283,1,No prior experience,No previous experience,Recording 54,SIMETRIC Recording 54.tsv,5720,18,22,0.19193523058400655,12,0.5454545454545454,3.4035521084473075,3.0226482617449166,1.4263259448586014,4.721108253726136,7.247701043833473,adjacent_mapped_fixation_centroid_angle,-1.9776674937965262,-6.116625310173697,4.741639757933147,1.2248196240420273
P21,1,3,DEVICE3-1,Y,393914,481731,87817.0,,,,,,P21,P21,Novice,False,CON,1,DEVICE3-1,393914,481731,87817,1,3,P21_T3_DEVICE3-1_284,1,No prior experience,No previous experience,Recording 54,SIMETRIC Recording 54.tsv,4383,18,29,0.3302321873896854,19,0.6551724137931034,2.8038573826345377,1.8163169883804149,1.4187450192116526,3.988652079738472,6.508898468563979,adjacent_mapped_fixation_centroid_angle,-1.9776674937965262,-5.116625310173697,4.475255103766658,1.0309961057656047
P21,2,4,DEVICE3-2,Y,505486,551359,45873.0,,,,,,P21,P21,Novice,False,CON,2,DEVICE3-2,505486,551359,45873,1,4,P21_T4_DEVICE3-2_285,1,No prior experience,No previous experience,Recording 54,SIMETRIC Recording 54.tsv,2290,4,8,0.17439452401194602,7,0.875,1.031581908324459,0.6820702821580853,0.4034039602788154,1.4085879126630272,2.511615369950628,adjacent_mapped_fixation_centroid_angle,-0.9776674937965262,-4.116625310173697,3.825876708694124,0.031093457380438384
P21,2,5,DEVICE1-2,Y,573070,683106,110036.0,578602,596774,622401,633960,672271,P21,P21,Novice,False,MST,2,DEVICE1-2,573070,683106,110036,1,5,P21_T5_DEVICE1-2_286,1,No prior experience,No previous experience,Recording 54,SIMETRIC Recording 54.tsv,5492,5,6,0.05452760914609764,5,0.8333333333333334,4.983903771508066,5.276845898791118,5.276845898791118,6.012820504345471,6.067056153160828,adjacent_mapped_fixation_centroid_angle,-0.9776674937965262,-3.1166253101736974,4.700807584977651,1.60621347381643
P21,2,6,DEVICE2-2,Y,697038,843239,146201.0,,,,,,P21,P21,Novice,False,ATG,2,DEVICE2-2,697038,843239,146201,1,6,P21_T6_DEVICE2-2_287,1,No prior experience,No previous experience,Recording 54,SIMETRIC Recording 54.tsv,7297,41,63,0.4309136052420982,47,0.746031746031746,3.136435399197342,1.4931873389272499,1.026287597003698,5.29109931533456,10.713197421172012,adjacent_mapped_fixation_centroid_angle,-0.9776674937965262,-2.1166253101736974,4.984982387237566,1.14308693188068
P21,3,7,DEVICE3-3,Y,874888,909827,34939.0,,,,,,P21,P21,Novice,False,CON,3,DEVICE3-3,874888,909827,34939,1,7,P21_T7_DEVICE3-3_288,1,No prior experience,No previous experience,Recording 54,SIMETRIC Recording 54.tsv,1744,4,5,0.14310655714244827,5,1.0,1.5993169514996795,1.9497984891638525,0.6449842251609385,2.378408909006333,2.378408909006333,adjacent_mapped_fixation_centroid_angle,0.022332506203473823,-1.1166253101736974,3.553603683804064,0.46957663278301964
P21,3,8,DEVICE2-3,Y,926991,981717,54726.0,,,,,,P21,P21,Novice,False,ATG,3,DEVICE2-3,926991,981717,54726,1,8,P21_T8_DEVICE2-3_289,1,No prior experience,No previous experience,Recording 54,SIMETRIC Recording 54.tsv,2732,5,8,0.14618280159339253,2,0.25,6.0774134768483705,6.0774134768483705,5.941859957193214,6.212966996503527,6.3485205161586835,adjacent_mapped_fixation_centroid_angle,0.022332506203473823,-0.11662531017369737,4.002338916426076,1.804579190471402
P21,3,9,DEVICE1-3,Y,1002318,1131222,128904.0,1021684,1039572,1064931,1081416,1116590,P21,P21,Novice,False,MST,3,DEVICE1-3,1002318,1131222,128904,1,9,P21_T9_DEVICE1-3_290,1,No prior experience,No previous experience,Recording 54,SIMETRIC Recording 54.tsv,6433,13,29,0.22497362378203936,15,0.5172413793103449,2.8349152003753733,1.8935132514079192,1.3921949022353468,2.7314246428799223,15.380887667803023,adjacent_mapped_fixation_centroid_angle,0.022332506203473823,0.8833746898263026,4.859067941271268,1.0420120250481804
P21,4,10,DEVICE3-4,Y,1152299,1197608,45309.0,,,,,,P21,P21,Novice,False,CON,4,DEVICE3-4,1152299,1197608,45309,1,10,P21_T10_DEVICE3-4_291,1,No prior experience,No previous experience,Recording 54,SIMETRIC Recording 54.tsv,2262,5,7,0.15449469200379617,3,0.42857142857142855,6.329513206903485,5.202150799783573,5.202150799783573,6.89319441046344,8.584238021143307,adjacent_mapped_fixation_centroid_angle,1.0223325062034738,1.8833746898263026,3.8135056882523144,1.8452233306560393
P21,4,11,DEVICE2-4,Y,1210698,1263201,52503.0,,,,,,P21,P21,Novice,False,ATG,4,DEVICE2-4,1210698,1263201,52503,1,11,P21_T11_DEVICE2-4_292,1,No prior experience,No previous experience,Recording 54,SIMETRIC Recording 54.tsv,2620,7,10,0.1904653067443765,8,0.8,6.649154986694233,6.671259642126679,1.4050594885797558,11.735663262836352,13.17319828207478,adjacent_mapped_fixation_centroid_angle,1.0223325062034738,2.8833746898263026,3.96087031082213,1.8944897769236881
P21,4,12,DEVICE1-4,Y,1283653,1393347,109694.0,1290839,1314515,1337185,1350366,1377187,P21,P21,Novice,False,MST,4,DEVICE1-4,1283653,1393347,109694,1,12,P21_T12_DEVICE1-4_293,1,No prior experience,No previous experience,Recording 54,SIMETRIC Recording 54.tsv,5475,10,13,0.11851149561507467,11,0.8461538461538461,2.518235639053577,3.204958801549713,0.6171466346820668,3.5381674235274567,7.060905331087373,adjacent_mapped_fixation_centroid_angle,1.0223325062034738,3.8833746898263026,4.697694671163684,0.9235585130758875
P21,5,13,DEVICE3-5 ,Y,1425935,1460494,34559.0,,,,,,P21,P21,Novice,False,CON,5,DEVICE3-5,1425935,1460494,34559,1,13,P21_T13_DEVICE3-5_294,1,No prior experience,No previous experience,Recording 54,SIMETRIC Recording 54.tsv,1725,5,5,0.14468011227176714,4,0.8,3.6118859696001744,2.7153165777757575,2.4770688604720466,3.8501336869038845,6.920403502766607,adjacent_mapped_fixation_centroid_angle,2.022332506203474,4.883374689826303,3.542668008332039,1.2842300651782643
P21,5,14,DEVICE2-5 ,Y,1655035,1697598,42563.0,,,,,,P21,P21,Novice,False,ATG,5,DEVICE2-5,1655035,1697598,42563,1,14,P21_T14_DEVICE2-5_295,1,No prior experience,No previous experience,Recording 54,SIMETRIC Recording 54.tsv,2125,11,14,0.32892418297582404,12,0.8571428571428571,2.749858001735213,2.7876782683342993,1.8285116582060885,3.2130657045062128,5.071884496597547,adjacent_mapped_fixation_centroid_angle,2.022332506203474,5.883374689826303,3.7509853312709804,1.0115492746126598
P21,5,15,DEVICE1-5 ,Y,1829026,1954866,125840.0,1841468,1875734,1896310,1907234,1937230,P21,P21,Novice,False,MST,5,DEVICE1-5,1829026,1954866,125840,1,15,P21_T15_DEVICE1-5_296,1,No prior experience,No previous experience,Recording 54,SIMETRIC Recording 54.tsv,6281,8,7,0.05562619198982835,4,0.5714285714285714,1.7359547246027938,1.710463687165955,1.4780348832439856,1.9683835285247633,2.7421430526011883,adjacent_mapped_fixation_centroid_angle,2.022332506203474,6.883374689826303,4.835011258750022,0.5515575356001317
P22,1,1,DEVICE3-1,Y,11744,220206,208462.0,,,,,,P22,P22,Novice,False,CON,1,DEVICE3-1,11744,220206,208462,1,1,P22_T1_DEVICE3-1_297,1,No prior experience,No previous experience,Recording 55,SIMETRIC Recording 55.tsv,10404,86,111,0.5324711458203414,92,0.8288288288288288,3.9573349093550108,3.4438139629428086,1.4148616794881528,5.155225355201762,24.930202124962175,adjacent_mapped_fixation_centroid_angle,-1.9776674937965262,-7.116625310173697,5.339756770431899,1.3755707960102919
P22,1,2,DEVICE1-1,Y,235562,489510,253948.0,272134/329877,389137,412765,454238,473555,P22,P22,Novice,False,MST,1,DEVICE1-1,235562,489510,253948,1,2,P22_T2_DEVICE1-1_298,1,No prior experience,No previous experience,Recording 55,SIMETRIC Recording 55.tsv,12674,76,104,0.4095326602296533,79,0.7596153846153846,4.81697354142449,3.728497002815071,1.918307546398661,5.432843706633241,21.151380586028043,adjacent_mapped_fixation_centroid_angle,-1.9776674937965262,-6.116625310173697,5.5371295216501855,1.572145834883256
P22,1,3,DEVICE2-1,Y,515339,644622,129283.0,,,,,,P22,P22,Novice,False,ATG,1,DEVICE2-1,515339,644622,129283,1,3,P22_T3_DEVICE2-1_299,1,No prior experience,No previous experience,Recording 55,SIMETRIC Recording 55.tsv,6453,24,38,0.29392882281506466,27,0.7105263157894737,3.868006743542947,2.740886135159742,1.2732336705796161,4.718145747572354,11.277594139071823,adjacent_mapped_fixation_centroid_angle,-1.9776674937965262,-5.116625310173697,4.862003799949088,1.352739321008077
P22,2,4,DEVICE2-2,Y,654924,741278,86354.0,,,,,,P22,P22,Novice,False,ATG,2,DEVICE2-2,654924,741278,86354,1,4,P22_T4_DEVICE2-2_300,1,No prior experience,No previous experience,Recording 55,SIMETRIC Recording 55.tsv,4310,24,36,0.4168886212566876,19,0.5277777777777778,4.353723143240918,3.608978786026018,2.976691155350289,5.32474758152534,11.723483755096808,adjacent_mapped_fixation_centroid_angle,-0.9776674937965262,-4.116625310173697,4.458455126623454,1.4710313740292442
P22,2,5,DEVICE3-2,Y,759217,815929,56712.0,,,,,,P22,P22,Novice,False,CON,2,DEVICE3-2,759217,815929,56712,1,5,P22_T5_DEVICE3-2_301,1,No prior experience,No previous experience,Recording 55,SIMETRIC Recording 55.tsv,2831,22,28,0.49372266892368455,20,0.7142857142857143,5.515022994618095,3.8675221179747314,1.7126198913726012,5.522256368079619,18.57445867760344,adjacent_mapped_fixation_centroid_angle,-0.9776674937965262,-3.1166253101736974,4.037985828552716,1.7074758221651498
P22,2,6,DEVICE1-2,Y,825470,988695,163225.0,876205,911870,930499,943080,978121,P22,P22,Novice,False,MST,2,DEVICE1-2,825470,988695,163225,1,6,P22_T6_DEVICE1-2_302,1,No prior experience,No previous experience,Recording 55,SIMETRIC Recording 55.tsv,8146,33,44,0.2695665492418441,29,0.6590909090909091,3.830155831637526,3.0131981620776376,2.135372119760586,4.694235050248901,10.157135976945645,adjacent_mapped_fixation_centroid_angle,-0.9776674937965262,-2.1166253101736974,5.095129617072697,1.342905489476482
P22,3,7,DEVICE3-3,Y,999417,1065062,65645.0,,,,,,P22,P22,Novice,False,CON,3,DEVICE3-3,999417,1065062,65645,1,7,P22_T7_DEVICE3-3_303,1,No prior experience,No previous experience,Recording 55,SIMETRIC Recording 55.tsv,3277,18,25,0.38083631655114636,14,0.56,4.831972911686468,4.718432193066417,3.222472858589094,6.169509295922461,9.696792388225496,adjacent_mapped_fixation_centroid_angle,0.022332506203473823,-1.1166253101736974,4.184261436386073,1.5752548545916485
P22,3,8,DEVICE2-3,Y,1106309,1161068,54759.0,,,,,,P22,P22,Novice,False,ATG,3,DEVICE2-3,1106309,1161068,54759,1,8,P22_T8_DEVICE2-3_304,1,No prior experience,No previous experience,Recording 55,SIMETRIC Recording 55.tsv,2733,15,22,0.4017604412060118,12,0.5454545454545454,3.7860321289273813,2.5571396607419854,1.5961225357507118,4.949917421700622,9.982006086269264,adjacent_mapped_fixation_centroid_angle,0.022332506203473823,-0.11662531017369737,4.002941738748757,1.3313185389971298
P22,3,9,DEVICE1-3,Y,1174085,1331544,157459.0,1197231,1216605,1228154,1247118,1318606,P22,P22,Novice,False,MST,3,DEVICE1-3,1174085,1331544,157459,1,9,P22_T9_DEVICE1-3_305,1,No prior experience,No previous experience,Recording 55,SIMETRIC Recording 55.tsv,7859,39,53,0.33659555820880355,45,0.8490566037735849,3.1941044356458455,2.6193089644780145,0.8588477136523794,4.146889646915549,11.354183282212727,adjacent_mapped_fixation_centroid_angle,0.022332506203473823,0.8833746898263026,5.059165106916899,1.1613067467053106
P22,4,10,DEVICE3-4,N,1415773,1549540,133767.0,,,,,,P22,P22,Novice,False,CON,4,DEVICE3-4,1415773,1549540,133767,0,10,P22_T10_DEVICE3-4_306,1,No prior experience,No previous experience,Recording 55,SIMETRIC Recording 55.tsv,6676,76,93,0.6952387360111238,75,0.8064516129032258,4.552909191337975,3.253604346575245,1.4953201562917544,5.654511177568912,17.41611101572024,adjacent_mapped_fixation_centroid_angle,1.0223325062034738,1.8833746898263026,4.896099480502977,1.515766411356463
P22,4,11,DEVICE1-4,Y,1656594,1864628,208034.0,1679022,1694514,1714472,1818202,1848582,P22,P22,Novice,False,MST,4,DEVICE1-4,1656594,1864628,208034,1,11,P22_T11_DEVICE1-4_307,1,No prior experience,No previous experience,Recording 55,SIMETRIC Recording 55.tsv,10383,17,21,0.10094503783035466,14,0.6666666666666666,4.49317678735367,3.366596315569314,1.8868143640829815,4.063134575229564,14.96650616669044,adjacent_mapped_fixation_centroid_angle,1.0223325062034738,2.8833746898263026,5.337701527881398,1.5025599765994206
P22,4,12,DEVICE2-4,Y,1874000,1982648,108648.0,,,,,,P22,P22,Novice,False,ATG,4,DEVICE2-4,1874000,1982648,108648,1,12,P22_T12_DEVICE2-4_308,1,No prior experience,No previous experience,Recording 55,SIMETRIC Recording 55.tsv,5423,74,94,0.8651792946027539,79,0.8404255319148937,4.448547076594047,3.89303217213232,2.0406484537365372,6.11605804159338,14.16919274739147,adjacent_mapped_fixation_centroid_angle,1.0223325062034738,3.8833746898263026,4.688113298801767,1.492577543223749
P22,5,13,DEVICE3-5 ,N,2001732,2124031,122299.0,,,,,,P22,P22,Novice,False,CON,5,DEVICE3-5,2001732,2124031,122299,0,13,P22_T13_DEVICE3-5_309,1,No prior experience,No previous experience,Recording 55,SIMETRIC Recording 55.tsv,6104,50,65,0.5314843130360837,58,0.8923076923076924,4.702750866578386,4.27437981671119,2.1241402498075823,6.189627834516329,12.483271399291619,adjacent_mapped_fixation_centroid_angle,2.022332506203474,4.883374689826303,4.806468866044817,1.548147628261538
P22,5,14,DEVICE1-5 ,Y,2139124,2320414,181290.0,2189806,2217545,2241582,2265725,2304149,P22,P22,Novice,False,MST,5,DEVICE1-5,2139124,2320414,181290,1,14,P22_T14_DEVICE1-5_310,1,No prior experience,No previous experience,Recording 55,SIMETRIC Recording 55.tsv,9048,23,36,0.19857686579513487,26,0.7222222222222222,5.167434925627355,4.227891784132527,3.4420475791478693,6.699019325695049,14.435676524657751,adjacent_mapped_fixation_centroid_angle,2.022332506203474,5.883374689826303,5.200097959041577,1.6423764194857573
P22,5,15,DEVICE2-5 ,Y,2450666,2524150,73484.0,,,,,,P22,P22,Novice,False,ATG,5,DEVICE2-5,2450666,2524150,73484,1,15,P22_T15_DEVICE2-5_311,1,No prior experience,No previous experience,Recording 55,SIMETRIC Recording 55.tsv,3667,27,40,0.5443361820260193,35,0.875,4.2564201111429885,2.5955959381084295,1.6145967360941988,7.04931207684284,13.178642705092182,adjacent_mapped_fixation_centroid_angle,2.022332506203474,6.883374689826303,4.297067695446691,1.44842845749275
P23,1,1,DEVICE2-1,N,30318,195908,165590.0,,,,,,P23,P23,Novice,False,ATG,1,DEVICE2-1,30318,195908,165590,0,1,P23_T1_DEVICE2-1_312,1,No prior experience,No previous experience,Recording 57,SIMETRIC Recording 57.tsv,8265,16,21,0.12681925237031222,5,0.23809523809523808,4.4576385283177435,4.092842624478158,3.377875875296028,5.575158009125599,6.749594750453837,adjacent_mapped_fixation_centroid_angle,-1.9776674937965262,-7.116625310173697,5.109514853654393,1.4946191478533581
P23,1,2,DEVICE3-1,Y,215572,321938,106366.0,,,,,,P23,P23,Novice,False,CON,1,DEVICE3-1,215572,321938,106366,1,2,P23_T2_DEVICE3-1_313,1,No prior experience,No previous experience,Recording 57,SIMETRIC Recording 57.tsv,5309,9,10,0.09401500479476524,1,0.1,3.332064227634881,3.332064227634881,3.332064227634881,3.332064227634881,3.332064227634881,adjacent_mapped_fixation_centroid_angle,-1.9776674937965262,-6.116625310173697,4.666885976968744,1.2035920001196811
P23,1,3,DEVICE1-1,Y,337154,524962,187808.0,372169,396260,417991,430924,495463,P23,P23,Novice,False,MST,1,DEVICE1-1,337154,524962,187808,1,3,P23_T3_DEVICE1-1_314,1,No prior experience,No previous experience,Recording 57,SIMETRIC Recording 57.tsv,9373,5,4,0.021298347248253538,1,0.25,3.4251564308339253,3.4251564308339253,3.4251564308339253,3.4251564308339253,3.4251564308339253,adjacent_mapped_fixation_centroid_angle,-1.9776674937965262,-5.116625310173697,5.235420164375924,1.2311471439073807
P23,2,6,DEVICE3-2,Y,882499,975517,93018.0,,,,,,P23,P23,Novice,False,CON,2,DEVICE3-2,882499,975517,93018,1,6,P23_T6_DEVICE3-2_317,1,No prior experience,No previous experience,Recording 57,SIMETRIC Recording 57.tsv,4642,6,7,0.07525425186523038,1,0.14285714285714285,5.560252615838009,5.560252615838009,5.560252615838009,5.560252615838009,5.560252615838009,adjacent_mapped_fixation_centroid_angle,-0.9776674937965262,-2.1166253101736974,4.53279302281228,1.7156435417336142
P23,3,7,DEVICE3-3,Y,990334,1071818,81484.0,,,,,,P23,P23,Novice,False,CON,3,DEVICE3-3,990334,1071818,81484,1,7,P23_T7_DEVICE3-3_318,1,No prior experience,No previous experience,Recording 57,SIMETRIC Recording 57.tsv,4067,7,8,0.09817878356487164,2,0.25,7.977489485252863,7.977489485252863,7.912287376175975,8.042691594329751,8.107893703406639,adjacent_mapped_fixation_centroid_angle,0.022332506203473823,-1.1166253101736974,4.400406681955311,2.076623761118984
P23,3,8,DEVICE2-3,Y,1087778,1206226,118448.0,,,,,,P23,P23,Novice,False,ATG,3,DEVICE2-3,1087778,1206226,118448,1,8,P23_T8_DEVICE2-3_319,1,No prior experience,No previous experience,Recording 57,SIMETRIC Recording 57.tsv,5912,14,17,0.1435228961231933,8,0.47058823529411764,6.058471322038965,6.354218846420046,4.88241515376491,7.069801959606892,7.310345338678821,adjacent_mapped_fixation_centroid_angle,0.022332506203473823,-0.11662531017369737,4.774474045700742,1.8014575111697722
P23,3,9,DEVICE1-3,N,1227010,1597945,370935.0,1236479,1302974,1314254,1323585,1549985,P23,P23,Novice,False,MST,3,DEVICE1-3,1227010,1597945,370935,0,9,P23_T9_DEVICE1-3_320,1,No prior experience,No previous experience,Recording 57,SIMETRIC Recording 57.tsv,18514,39,41,0.11053149473627455,23,0.5609756097560976,4.012955855738899,3.276226251213962,2.3398012391653933,5.123727235162029,10.758856774030082,adjacent_mapped_fixation_centroid_angle,0.022332506203473823,0.8833746898263026,5.916026845101411,1.3895280909100218
P23,4,10,DEVICE3-4,Y,1633966,1708547,74581.0,,,,,,P23,P23,Novice,False,CON,4,DEVICE3-4,1633966,1708547,74581,1,10,P23_T10_DEVICE3-4_321,1,No prior experience,No previous experience,Recording 57,SIMETRIC Recording 57.tsv,3723,6,4,0.053632962818948526,2,0.5,7.584398025043905,7.584398025043905,7.236360669767429,7.93243538032038,8.280472735596856,adjacent_mapped_fixation_centroid_angle,1.0223325062034738,1.8833746898263026,4.311885783081271,2.0260932457807344
P23,4,11,DEVICE1-4,Y,1722161,1900216,178055.0,1764907,1791499,1801462,1812067,1879474,P23,P23,Novice,False,MST,4,DEVICE1-4,1722161,1900216,178055,1,11,P23_T11_DEVICE1-4_322,1,No prior experience,No previous experience,Recording 57,SIMETRIC Recording 57.tsv,8887,13,11,0.06177866389598719,9,0.8181818181818182,4.347093522286948,3.6831333990416915,2.84895140810936,5.934456052616183,7.825485477984443,adjacent_mapped_fixation_centroid_angle,1.0223325062034738,2.8833746898263026,5.182092491328933,1.4695074659889262
P23,4,12,DEVICE2-4,Y,1909878,2021696,111818.0,,,,,,P23,P23,Novice,False,ATG,4,DEVICE2-4,1909878,2021696,111818,1,12,P23_T12_DEVICE2-4_323,1,No prior experience,No previous experience,Recording 57,SIMETRIC Recording 57.tsv,5581,4,4,0.035772415890107136,1,0.25,2.1370742716557483,2.1370742716557483,2.1370742716557483,2.1370742716557483,2.1370742716557483,adjacent_mapped_fixation_centroid_angle,1.0223325062034738,3.8833746898263026,4.71687254955051,0.7594377308363641
P23,5,13,DEVICE1-5 ,N,2060654,2377981,317327.0,2084520,2101845,2123846,2132307,2283669,P23,P23,Novice,False,MST,5,DEVICE1-5,2060654,2377981,317327,0,13,P23_T13_DEVICE1-5_324,1,No prior experience,No previous experience,Recording 57,SIMETRIC Recording 57.tsv,15838,59,56,0.17647411030262158,42,0.75,4.269743086593759,3.8748559432361067,2.983763449851669,5.250946692665307,10.550476925711038,adjacent_mapped_fixation_centroid_angle,2.022332506203474,4.883374689826303,5.759932787940899,1.451553658356361
P23,5,14,DEVICE1-5 ,Y,2412618,2573031,160413.0,2442682,2472161,2490379,2502948,2555547,P23,P23,Novice,False,MST,5,DEVICE1-5,2412618,2573031,160413,1,14,P23_T14_DEVICE1-5_325,1,No prior experience,No previous experience,Recording 57,SIMETRIC Recording 57.tsv,8007,12,11,0.06857299595419324,4,0.36363636363636365,5.781825256941424,5.5317019323518615,4.669597524734414,6.643929664558871,7.853407995069586,adjacent_mapped_fixation_centroid_angle,2.022332506203474,5.883374689826303,5.077751739529798,1.7547194212317947
P23,5,15,DEVICE3-5 ,Y,2847033,2967290,120257.0,,,,,,P23,P23,Novice,False,CON,5,DEVICE3-5,2847033,2967290,120257,1,15,P23_T15_DEVICE3-5_326,1,No prior experience,No previous experience,Recording 57,SIMETRIC Recording 57.tsv,6002,8,7,0.05820866976558537,3,0.42857142857142855,8.963670403659114,8.134634264625243,7.668643659865348,9.844179077935944,11.553723891246646,adjacent_mapped_fixation_centroid_angle,2.022332506203474,6.883374689826303,4.789631119349827,2.1931797863714695
P23,5,16,DEVICE2-5 ,Y,3200910,3305018,104108.0,,,,,,P23,P23,Novice,False,ATG,5,DEVICE2-5,3200910,3305018,104108,1,16,P23_T16_DEVICE2-5_327,1,No prior experience,No previous experience,Recording 57,SIMETRIC Recording 57.tsv,5196,7,5,0.048027048833903255,2,0.4,6.123727229032442,6.123727229032442,5.931549167820948,6.3159052902439345,6.5080833514554275,adjacent_mapped_fixation_centroid_angle,2.022332506203474,7.883374689826303,4.645428821851653,1.812170935495874
P24,1,1,DEVICE3-1,Y,14582,133033,118451.0,,,,,,P24,P24,Intermediate,False,CON,1,DEVICE3-1,14582,133033,118451,1,1,P24_T1_DEVICE3-1_328,1,Some prior experience,Any previous experience,Recording 59,SIMETRIC Recording 59.tsv,5912,44,59,0.49809625921267026,54,0.9152542372881356,4.248695598856489,2.6034688433322817,1.0432367539847893,6.521175946527304,18.356043526962843,adjacent_mapped_fixation_centroid_angle,-1.9776674937965262,-7.116625310173697,4.774499372949909,1.4466120179112625
P24,1,2,DEVICE2-1,N,196911,321872,124961.0,,,,,,P24,P24,Intermediate,False,ATG,1,DEVICE2-1,196911,321872,124961,0,2,P24_T2_DEVICE2-1_329,1,Some prior experience,Any previous experience,Recording 59,SIMETRIC Recording 59.tsv,6237,24,36,0.2880898840438217,29,0.8055555555555556,2.416785619143696,1.1969552945184434,0.526137266842432,3.653421854176194,8.486113135045237,adjacent_mapped_fixation_centroid_angle,-1.9776674937965262,-6.116625310173697,4.828001688620175,0.8824384007017576
P24,1,3,DEVICE1-1,Y,370382,468567,98185.0,388997,400218,417883,427958,447466,P24,P24,Intermediate,False,MST,1,DEVICE1-1,370382,468567,98185,1,3,P24_T3_DEVICE1-1_330,1,Some prior experience,Any previous experience,Recording 59,SIMETRIC Recording 59.tsv,4900,31,39,0.39720934969700056,31,0.7948717948717948,5.850729861917688,5.343346471733993,2.422752755222271,8.406993860221853,21.352330390825635,adjacent_mapped_fixation_centroid_angle,-1.9776674937965262,-5.116625310173697,4.586853454202194,1.7665664161825163
P24,2,4,DEVICE1-2,Y,482198,555654,73456.0,490171,498414,511198,521823,541770,P24,P24,Intermediate,False,MST,2,DEVICE1-2,482198,555654,73456,1,4,P24_T4_DEVICE1-2_331,1,Some prior experience,Any previous experience,Recording 59,SIMETRIC Recording 59.tsv,3666,17,28,0.38118057068176864,17,0.6071428571428571,3.9849020657863936,2.1483818486778055,1.6915798587472697,5.12135479015367,16.385897441704813,adjacent_mapped_fixation_centroid_angle,-0.9776674937965262,-4.116625310173697,4.2966865875068665,1.3825127362278677
P24,2,5,DEVICE3-2,Y,14988,68557,53569.0,,,,,,P24,P24,Intermediate,False,CON,2,DEVICE3-2,14988,68557,53569,1,5,P24_T5_DEVICE3-2_332,2,Some prior experience,Any previous experience,Recording 60,SIMETRIC Recording 60.tsv,2674,36,52,0.9707106722171405,44,0.8461538461538461,3.697076212501408,3.5802762980244625,0.9066566376604097,5.185928661201062,10.262168252232572,adjacent_mapped_fixation_centroid_angle,-0.9776674937965262,-3.1166253101736974,3.9809705425541777,1.3075422944299806
P24,2,6,DEVICE2-2,Y,81041,151926,70885.0,,,,,,P24,P24,Intermediate,False,ATG,2,DEVICE2-2,81041,151926,70885,1,6,P24_T6_DEVICE2-2_333,2,Some prior experience,Any previous experience,Recording 60,SIMETRIC Recording 60.tsv,3538,28,29,0.4091133526133878,27,0.9310344827586207,2.77533139913181,2.080620778512878,1.95768554394995,2.997507818676137,6.729873491331087,adjacent_mapped_fixation_centroid_angle,-0.9776674937965262,-2.1166253101736974,4.261058845569595,1.020770163178588
P24,3,7,DEVICE3-3,Y,167600,225034,57434.0,,,,,,P24,P24,Intermediate,False,CON,3,DEVICE3-3,167600,225034,57434,1,7,P24_T7_DEVICE3-3_334,2,Some prior experience,Any previous experience,Recording 60,SIMETRIC Recording 60.tsv,2867,57,48,0.835741895044747,41,0.8541666666666666,3.194395959674702,3.0908182503935424,1.531925523339891,3.8752376247201115,8.000659053047462,adjacent_mapped_fixation_centroid_angle,0.022332506203473823,-1.1166253101736974,4.050636462459462,1.1613980119509926
P24,3,8,DEVICE2-3,Y,238886,295718,56832.0,,,,,,P24,P24,Intermediate,False,ATG,3,DEVICE2-3,238886,295718,56832,1,8,P24_T8_DEVICE2-3_335,2,Some prior experience,Any previous experience,Recording 60,SIMETRIC Recording 60.tsv,2837,46,56,0.9853603603603603,46,0.8214285714285714,4.314050219276135,3.4121343088559537,2.7764028580515663,4.786389547263426,15.73235971231455,adjacent_mapped_fixation_centroid_angle,0.022332506203473823,-0.11662531017369737,4.040099547369705,1.4618771888997035
P24,3,9,DEVICE1-3,Y,311714,495574,183860.0,344298/399102/409814,428814,442409,447001/455940,478050,P24,P24,Intermediate,False,MST,3,DEVICE1-3,311714,495574,183860,1,9,P24_T9_DEVICE1-3_336,2,Some prior experience,Any previous experience,Recording 60,SIMETRIC Recording 60.tsv,9176,114,139,0.7560100076144892,116,0.8345323741007195,3.971889929410687,3.7242706055668107,1.8823729805719347,5.1528578022931955,14.545138859130425,adjacent_mapped_fixation_centroid_angle,0.022332506203473823,0.8833746898263026,5.2141745984356085,1.3792420341702225
P24,4,10,DEVICE3-4,Y,517724,565561,47837.0,,,,,,P24,P24,Intermediate,False,CON,4,DEVICE3-4,517724,565561,47837,1,10,P24_T10_DEVICE3-4_337,2,Some prior experience,Any previous experience,Recording 60,SIMETRIC Recording 60.tsv,2387,36,35,0.7316512323097184,29,0.8285714285714286,5.373137549602739,4.782848253911096,3.3532336589129645,8.296145542037566,15.311336808553664,adjacent_mapped_fixation_centroid_angle,1.0223325062034738,1.8833746898263026,3.8677993986459827,1.6814120115684086
P24,4,11,DEVICE1-4,Y,598744,710301,111557.0,616879,651878,666312,674999,696138,P24,P24,Intermediate,False,MST,4,DEVICE1-4,598744,710301,111557,1,11,P24_T11_DEVICE1-4_338,2,Some prior experience,Any previous experience,Recording 60,SIMETRIC Recording 60.tsv,5568,64,95,0.8515825990300923,80,0.8421052631578947,4.421999435764519,2.9365720604249956,1.369629149972068,7.886800342119929,12.093886794523977,adjacent_mapped_fixation_centroid_angle,1.0223325062034738,2.8833746898263026,4.714535671038799,1.4865919548378965
P24,4,12,DEVICE2-4,N,730613,777765,47152.0,,,,,,P24,P24,Intermediate,False,ATG,4,DEVICE2-4,730613,777765,47152,0,12,P24_T12_DEVICE2-4_339,2,Some prior experience,Any previous experience,Recording 60,SIMETRIC Recording 60.tsv,2353,21,42,0.8907363420427553,35,0.8333333333333334,3.1370330674347406,3.4565502167967366,2.1378374223981202,3.9963042533293867,5.948747470431895,adjacent_mapped_fixation_centroid_angle,1.0223325062034738,3.8833746898263026,3.853376425995339,1.143277470254272
P24,5,13,DEVICE3-5 ,Y,822532,875935,53403.0,,,,,,P24,P24,Intermediate,False,CON,5,DEVICE3-5,822532,875935,53403,1,13,P24_T13_DEVICE3-5_340,2,Some prior experience,Any previous experience,Recording 60,SIMETRIC Recording 60.tsv,2665,26,34,0.6366683519652454,28,0.8235294117647058,3.4558332040919106,2.7730804464026315,1.048777553940134,5.188846882210829,8.050721758126173,adjacent_mapped_fixation_centroid_angle,2.022332506203474,4.883374689826303,3.9778669241634055,1.2400635870722405
P24,5,14,DEVICE1-5 ,Y,1087718,1206070,118352.0,1107571,1126142,1137220,1142670/1154854,1175970,P24,P24,Intermediate,False,MST,5,DEVICE1-5,1087718,1206070,118352,1,14,P24_T14_DEVICE1-5_341,2,Some prior experience,Any previous experience,Recording 60,SIMETRIC Recording 60.tsv,5907,7,8,0.0675949709341625,6,0.75,3.9417572256156324,3.8488630542187936,2.241976857484307,4.820899828272342,7.1420979777680955,adjacent_mapped_fixation_centroid_angle,2.022332506203474,5.883374689826303,4.773663234845512,1.3716266202321776
P24,5,15,DEVICE2-5 ,Y,1514938,1568135,53197.0,,,,,,P24,P24,Intermediate,False,ATG,5,DEVICE2-5,1514938,1568135,53197,1,15,P24_T15_DEVICE2-5_342,2,Some prior experience,Any previous experience,Recording 60,SIMETRIC Recording 60.tsv,2655,40,56,1.0526909412184897,48,0.8571428571428571,3.497563725418638,3.2450691182618074,2.1206712484636747,5.06376355064746,7.843090154147598,adjacent_mapped_fixation_centroid_angle,2.022332506203474,6.883374689826303,3.9740020037801242,1.2520666476684634
P25,1,1,DEVICE1-1,N,13582,319107,305525.0,40335,139728,240174,121817/252709,279869,P25,P25,Novice,False,MST,1,DEVICE1-1,13582,319107,305525,0,1,P25_T1_DEVICE1-1_343,1,No prior experience,No previous experience,Recording 61,SIMETRIC Recording 61.tsv,15249,31,34,0.11128385565829312,25,0.7352941176470589,5.005152234623137,4.7589140002257055,3.69162967513405,6.380716276893894,9.094096264957331,adjacent_mapped_fixation_centroid_angle,-1.9776674937965262,-7.116625310173697,5.722031608324064,1.6104678288127305
P25,1,2,DEVICE3-1,N,336197,553706,217509.0,,,,,,P25,P25,Novice,False,CON,1,DEVICE3-1,336197,553706,217509,0,2,P25_T2_DEVICE3-1_344,1,No prior experience,No previous experience,Recording 61,SIMETRIC Recording 61.tsv,10856,36,37,0.17010790358100125,21,0.5675675675675675,4.619790836017031,4.0230532744073,2.3998505698078314,6.0638752025621585,10.313005417854416,adjacent_mapped_fixation_centroid_angle,-1.9776674937965262,-6.116625310173697,5.382240228982983,1.5303494304793803
P25,1,3,DEVICE2-1,N,584781,773350,188569.0,,,,,,P25,P25,Novice,False,ATG,1,DEVICE2-1,584781,773350,188569,0,3,P25_T3_DEVICE2-1_345,1,No prior experience,No previous experience,Recording 61,SIMETRIC Recording 61.tsv,9411,24,28,0.14848676081434384,15,0.5357142857142857,3.1235643142275733,1.2591110022907728,0.48180155549413084,3.6718180587133444,16.405866855215113,adjacent_mapped_fixation_centroid_angle,-1.9776674937965262,-5.116625310173697,5.239463987654292,1.1389747581757403
P25,2,4,DEVICE2-2,Y,10895,194349,183454.0,,,,,,P25,P25,Novice,False,ATG,2,DEVICE2-2,10895,194349,183454,1,4,P25_T4_DEVICE2-2_346,2,No prior experience,No previous experience,Recording 62,SIMETRIC Recording 62.tsv,9157,25,27,0.14717585879839087,11,0.4074074074074074,4.664579957448217,3.349269630576194,2.6225907437307314,4.897078279940465,13.88429744421785,adjacent_mapped_fixation_centroid_angle,-0.9776674937965262,-4.116625310173697,5.2119639548699315,1.5399977889695105
P25,2,5,DEVICE1-2,N,228979,565360,336381.0,271857/470723,483790,509422,521563,,P25,P25,Novice,False,MST,2,DEVICE1-2,228979,565360,336381,0,5,P25_T5_DEVICE1-2_347,2,No prior experience,No previous experience,Recording 62,SIMETRIC Recording 62.tsv,16789,40,43,0.1278312389819877,28,0.6511627906976745,5.8899952291442705,3.42166013876582,1.478309234716792,8.158594632609049,16.44110329986673,adjacent_mapped_fixation_centroid_angle,-0.9776674937965262,-3.1166253101736974,5.818244446123217,1.7732551876706835
P25,2,6,DEVICE3-2,Y,588655,724021,135366.0,,,,,,P25,P25,Novice,False,CON,2,DEVICE3-2,588655,724021,135366,1,6,P25_T6_DEVICE3-2_348,2,No prior experience,No previous experience,Recording 62,SIMETRIC Recording 62.tsv,6756,19,22,0.1625223468226881,15,0.6818181818181818,2.125677592776596,1.7699883221073491,1.4693479735578143,2.451768317296674,4.4315954000685664,adjacent_mapped_fixation_centroid_angle,-0.9776674937965262,-2.1166253101736974,4.9079822211166695,0.7540906187380289
P25,3,7,DEVICE1-3,Y,740193,968563,228370.0,760624,781267,883672,901669,933841,P25,P25,Novice,False,MST,3,DEVICE1-3,740193,968563,228370,1,7,P25_T7_DEVICE1-3_349,2,No prior experience,No previous experience,Recording 62,SIMETRIC Recording 62.tsv,11398,5,4,0.01751543547751456,3,0.75,6.008646383991981,6.050175889645087,3.709669405160846,8.32838811564967,10.606600341654252,adjacent_mapped_fixation_centroid_angle,0.022332506203473823,-1.1166253101736974,5.4309671206435,1.7931994958904534
P25,3,8,DEVICE2-3,Y,981905,1094657,112752.0,,,,,,P25,P25,Novice,False,ATG,3,DEVICE2-3,981905,1094657,112752,1,8,P25_T8_DEVICE2-3_350,2,No prior experience,No previous experience,Recording 62,SIMETRIC Recording 62.tsv,5628,31,31,0.27493969064850293,26,0.8387096774193549,4.171546201687268,3.1589427078018533,1.5067266426607382,6.24889250529897,10.653480340512301,adjacent_mapped_fixation_centroid_angle,0.022332506203473823,-0.11662531017369737,4.725190716584667,1.4282867588559565
P25,3,9,DEVICE3-3,Y,1113994,1197580,83586.0,,,,,,P25,P25,Novice,False,CON,3,DEVICE3-3,1113994,1197580,83586,1,9,P25_T9_DEVICE3-3_351,2,No prior experience,No previous experience,Recording 62,SIMETRIC Recording 62.tsv,4171,12,14,0.16749216375948126,8,0.5714285714285714,4.0128376443230005,4.064343589225142,2.088402101203449,5.822224982865508,8.774120009999793,adjacent_mapped_fixation_centroid_angle,0.022332506203473823,0.8833746898263026,4.425876041952143,1.3894986330337618
P25,4,10,DEVICE1-4,Y,1220896,1417556,196660.0,1250884,1280485,1346561,1361170,1400317,P25,P25,Novice,False,MST,4,DEVICE1-4,1220896,1417556,196660,1,10,P25_T10_DEVICE1-4_352,2,No prior experience,No previous experience,Recording 62,SIMETRIC Recording 62.tsv,9815,10,12,0.06101901759381674,6,0.5,7.169509058797516,6.4511257252725365,5.0967189697709046,7.23129986343832,14.606304243494973,adjacent_mapped_fixation_centroid_angle,1.0223325062034738,1.8833746898263026,5.28147634935201,1.9698371806908859
P25,4,11,DEVICE3-4,Y,1433150,1505720,72570.0,,,,,,P25,P25,Novice,False,CON,4,DEVICE3-4,1433150,1505720,72570,1,11,P25_T11_DEVICE3-4_353,2,No prior experience,No previous experience,Recording 62,SIMETRIC Recording 62.tsv,3622,6,7,0.09645859170456113,4,0.5714285714285714,6.160079497761659,6.151329792706097,5.942299701306014,6.3691095891617415,6.395358704328429,adjacent_mapped_fixation_centroid_angle,1.0223325062034738,2.8833746898263026,4.284551613290046,1.8180896829429423
P25,4,12,DEVICE2-4,Y,1522854,1673430,150576.0,,,,,,P25,P25,Novice,False,ATG,4,DEVICE2-4,1522854,1673430,150576,1,12,P25_T12_DEVICE2-4_354,2,No prior experience,No previous experience,Recording 62,SIMETRIC Recording 62.tsv,7515,20,21,0.13946445648708958,9,0.42857142857142855,9.225542829182332,6.101382082616488,4.735277696400642,15.979807438496305,23.513857434202897,adjacent_mapped_fixation_centroid_angle,1.0223325062034738,3.8833746898263026,5.014467940116432,2.2219760314671912
P25,5,13,DEVICE3-5 ,N,1744305,1805622,61317.0,,,,,,P25,P25,Novice,False,CON,5,DEVICE3-5,1744305,1805622,61317,0,13,P25_T13_DEVICE3-5_355,2,No prior experience,No previous experience,Recording 62,SIMETRIC Recording 62.tsv,3061,10,12,0.19570429081657614,7,0.5833333333333334,4.431726053769913,5.293351433122585,3.131326025053423,5.956199152708674,5.956199152708674,adjacent_mapped_fixation_centroid_angle,2.022332506203474,4.883374689826303,4.116057129127751,1.4887891365621133
P25,5,15,DEVICE2-5 ,N,2254193,2299856,45663.0,,,,,,P25,P25,Novice,False,ATG,5,DEVICE2-5,2254193,2299856,45663,0,15,P25_T15_DEVICE2-5_357,2,No prior experience,No previous experience,Recording 62,SIMETRIC Recording 62.tsv,2280,13,16,0.3503930972559841,12,0.75,5.5202357087122875,5.311217100456894,1.9316508078799155,7.994708277354953,12.059569566943996,adjacent_mapped_fixation_centroid_angle,2.022332506203474,6.883374689826303,3.8212883419656394,1.7084205602310236
P25,5,16,DEVICE2-5 ,Y,2318097,2382646,64549.0,,,,,,P25,P25,Novice,False,ATG,5,DEVICE2-5,2318097,2382646,64549,1,16,P25_T16_DEVICE2-5_358,2,No prior experience,No previous experience,Recording 62,SIMETRIC Recording 62.tsv,3222,7,9,0.13942896094439883,6,0.6666666666666666,6.702594190692639,4.429111146227055,3.516398461403876,6.664615794840868,17.523237041063947,adjacent_mapped_fixation_centroid_angle,2.022332506203474,7.883374689826303,4.167424625305881,1.9024946440978856
P26,1,1,DEVICE3-1,N,18717,303144,284427.0,,,,,,P26,P26,Novice,False,CON,1,DEVICE3-1,18717,303144,284427,0,1,P26_T1_DEVICE3-1_359,1,No prior experience,No previous experience,Recording 63,SIMETRIC Recording 63.tsv,14192,417,597,2.0989568500880718,569,0.9530988274706867,3.369824800125564,2.4064762181734323,1.3399309900266707,3.7832053758972917,19.55750614051052,adjacent_mapped_fixation_centroid_angle,-1.9776674937965262,-7.116625310173697,5.650476630131743,1.214860754919538
P26,1,2,DEVICE3-1,N,4872,705435,700563.0,,,,,,P26,P26,Novice,False,CON,1,DEVICE3-1,4872,705435,700563,0,2,P26_T2_DEVICE3-1_360,2,No prior experience,No previous experience,Recording 64,SIMETRIC Recording 64.tsv,34965,1203,1712,2.443748813454322,1602,0.9357476635514018,3.3824149548517437,2.4756828154613615,1.4847677938378239,4.3911425064502625,19.14617654909218,adjacent_mapped_fixation_centroid_angle,-1.9776674937965262,-6.116625310173697,6.551884297493255,1.218589938056921
P26,1,3,DEVICE2-1,N,724772,1008732,283960.0,,,,,,P26,P26,Novice,False,ATG,1,DEVICE2-1,724772,1008732,283960,0,3,P26_T3_DEVICE2-1_361,2,No prior experience,No previous experience,Recording 64,SIMETRIC Recording 64.tsv,14173,392,593,2.0883222989153403,539,0.9089376053962901,3.6436358169769347,2.632274542302052,1.513049332527123,4.63420079051251,19.344162087758086,adjacent_mapped_fixation_centroid_angle,-1.9776674937965262,-5.116625310173697,5.648833383171185,1.292982033946947
P26,1,4,DEVICE2-1,N,19690,253427,233737.0,,,,,,P26,P26,Novice,False,ATG,1,DEVICE2-1,19690,253427,233737,0,4,P26_T4_DEVICE2-1_362,3,No prior experience,No previous experience,Recording 65,SIMETRIC Recording 65.tsv,11666,226,316,1.3519468462417161,295,0.9335443037974683,3.6025434021612623,2.2440891686345594,1.444427837110359,4.768503842000153,16.981802718606392,adjacent_mapped_fixation_centroid_angle,-1.9776674937965262,-4.116625310173697,5.454196551648964,1.2816400966083519
P26,1,5,DEVICE2-1,N,23920,116215,92295.0,,,,,,P26,P26,Novice,False,ATG,1,DEVICE2-1,23920,116215,92295,0,5,P26_T5_DEVICE2-1_363,4,No prior experience,No previous experience,Recording 66,SIMETRIC Recording 66.tsv,4606,95,156,1.6902324069559564,141,0.9038461538461539,3.2219902311387716,2.929817479156277,1.4196477764891418,4.19921499301662,13.593253633523188,adjacent_mapped_fixation_centroid_angle,-1.9776674937965262,-3.1166253101736974,4.524989968860563,1.1699992528255345
P26,1,6,DEVICE1-1,Y,21878,562856,540978.0,49129,378381,457459,476322,551699,P26,P26,Novice,False,MST,1,DEVICE1-1,21878,562856,540978,1,6,P26_T6_DEVICE1-1_364,5,No prior experience,No previous experience,Recording 67,SIMETRIC Recording 67.tsv,27000,504,716,1.3235288680870572,650,0.9078212290502793,3.3997708731354286,2.4337620462882237,1.2943553646658534,4.90964452516947,18.633388600356195,adjacent_mapped_fixation_centroid_angle,-1.9776674937965262,-2.1166253101736974,6.293378612585239,1.2237080390970048
P26,2,7,DEVICE1-2,N,583146,881261,298115.0,613499,636883,733530,779185,,P26,P26,Novice,False,MST,2,DEVICE1-2,583146,881261,298115,0,7,P26_T7_DEVICE1-2_365,5,No prior experience,No previous experience,Recording 67,SIMETRIC Recording 67.tsv,14879,66,95,0.31866897002834477,81,0.8526315789473684,3.264799276833245,2.204971411463997,1.4668635841426556,5.09918976751785,9.882891494363323,adjacent_mapped_fixation_centroid_angle,-0.9776674937965262,-1.1166253101736974,5.697479318103088,1.1831982836052823
P26,2,8,DEVICE3-2,N,12523,65019,52496.0,,,,,,P26,P26,Novice,False,CON,2,DEVICE3-2,12523,65019,52496,0,8,P26_T8_DEVICE3-2_366,6,No prior experience,No previous experience,Recording 68,SIMETRIC Recording 68.tsv,2620,8,12,0.22858884486437062,8,0.6666666666666666,2.3311225522286443,2.5116219234731108,2.015605360815251,2.6753291653310565,3.166450890904894,adjacent_mapped_fixation_centroid_angle,-0.9776674937965262,-0.11662531017369737,3.9607369762187457,0.8463499336302688
P26,2,9,DEVICE2-2,N,84636,183051,98415.0,,,,,,P26,P26,Novice,False,ATG,2,DEVICE2-2,84636,183051,98415,0,9,P26_T9_DEVICE2-2_367,6,No prior experience,No previous experience,Recording 68,SIMETRIC Recording 68.tsv,4912,17,16,0.16257684296093075,10,0.625,6.576658191241232,5.815293199266802,4.622397759674023,8.636106680038875,12.69552818281927,adjacent_mapped_fixation_centroid_angle,-0.9776674937965262,0.8833746898263026,4.58919323146495,1.8835267426541644
P26,3,10,DEVICE3-3,N,195326,263180,67854.0,,,,,,P26,P26,Novice,False,CON,3,DEVICE3-3,195326,263180,67854,0,10,P26_T10_DEVICE3-3_368,6,No prior experience,No previous experience,Recording 68,SIMETRIC Recording 68.tsv,3386,7,8,0.11790019748283079,3,0.375,2.372365440956004,2.11481003373959,2.0314249499816768,2.5845282283221245,3.0542464229046584,adjacent_mapped_fixation_centroid_angle,0.022332506203473823,1.8833746898263026,4.217358338117245,0.8638875337527466
P26,3,11,DEVICE2-3,N,280963,351605,70642.0,,,,,,P26,P26,Novice,False,ATG,3,DEVICE2-3,280963,351605,70642,0,11,P26_T11_DEVICE2-3_369,6,No prior experience,No previous experience,Recording 68,SIMETRIC Recording 68.tsv,3526,36,41,0.580391268650378,37,0.9024390243902439,3.7944771522208574,3.5154107031134783,2.2466739549049195,4.843299129545844,8.839260231195865,adjacent_mapped_fixation_centroid_angle,0.022332506203473823,2.8833746898263026,4.257624868465693,1.333546628555221
P26,3,12,DEVICE1-3,N,373770,606645,232875.0,402465,436418,595892,,,P26,P26,Novice,False,MST,3,DEVICE1-3,373770,606645,232875,0,12,P26_T12_DEVICE1-3_370,6,No prior experience,No previous experience,Recording 68,SIMETRIC Recording 68.tsv,11622,8,10,0.04294149221685454,4,0.4,3.5484393129207255,3.4538299811390893,3.1258166631864186,3.876452630873396,5.144320580076317,adjacent_mapped_fixation_centroid_angle,0.022332506203473823,3.8833746898263026,5.450501828921753,1.2665078766584759
P26,3,13,DEVICE3-4,N,620689,704294,83605.0,,,,,,P26,P26,Novice,False,CON,4,DEVICE3-4,620689,704294,83605,0,13,P26_T13_DEVICE3-4_371,6,No prior experience,No previous experience,Recording 68,SIMETRIC Recording 68.tsv,4173,39,48,0.5741283416063633,42,0.875,2.8760011196392696,2.000303366250648,1.354139029181892,4.142729694521754,7.982156104740478,adjacent_mapped_fixation_centroid_angle,1.0223325062034738,4.883374689826303,4.426103326914633,1.0564008291630602
P26,4,14,DEVICE1-4,Y,714070,1177712,463642.0,739986,965215,1058890,1083121,1163263,P26,P26,Novice,False,MST,4,DEVICE1-4,714070,1177712,463642,1,14,P26_T14_DEVICE1-4_372,6,No prior experience,No previous experience,Recording 68,SIMETRIC Recording 68.tsv,23140,68,91,0.19627212375065245,54,0.5934065934065934,3.1092846786932986,2.0652494369907455,1.1701032779274552,3.946334137730118,16.29633485598797,adjacent_mapped_fixation_centroid_angle,1.0223325062034738,5.883374689826303,6.1391127027028976,1.134392692884481
P26,4,15,DEVICE2-4,N,1191890,1283678,91788.0,,,,,,P26,P26,Novice,False,ATG,4,DEVICE2-4,1191890,1283678,91788,0,15,P26_T15_DEVICE2-4_373,6,No prior experience,No previous experience,Recording 68,SIMETRIC Recording 68.tsv,4581,21,28,0.30505076916372514,22,0.7857142857142857,1.1621661157053562,1.1343423944797966,0.5846671519087152,1.5765308355595966,3.1118155812433823,adjacent_mapped_fixation_centroid_angle,1.0223325062034738,6.883374689826303,4.519481570127729,0.15028560492955576
P26,5,16,DEVICE3-5 ,Y,1303346,1386832,83486.0,,,,,,P26,P26,Novice,False,CON,5,DEVICE3-5,1303346,1386832,83486,1,16,P26_T16_DEVICE3-5_374,6,No prior experience,No previous experience,Recording 68,SIMETRIC Recording 68.tsv,4167,8,9,0.10780250580935725,7,0.7777777777777778,1.6511533483047944,1.691786632243452,1.2179905711401757,1.8808180042796407,2.766775106317894,adjacent_mapped_fixation_centroid_angle,2.022332506203474,7.883374689826303,4.424678953128859,0.501474042699094
P26,5,17,DEVICE2-5 ,N,83498,192143,108645.0,,,,,,P26,P26,Novice,False,ATG,5,DEVICE2-5,83498,192143,108645,0,17,P26_T17_DEVICE2-5_375,7,No prior experience,No previous experience,Recording 69,SIMETRIC Recording 69.tsv,5423,25,39,0.3589672787518984,32,0.8205128205128205,2.139832646009108,1.6499501419014102,1.1877755141872886,2.670577773169856,5.131579022255036,adjacent_mapped_fixation_centroid_angle,2.022332506203474,8.883374689826303,4.688085686315399,0.7607276231762796
P26,5,18,DEVICE1-5 ,Y,294854,1200547,905693.0,328136/707668,582548/808748,990178,1007384,1181113,P26,P26,Novice,False,MST,5,DEVICE1-5,294854,1200547,905693,1,18,P26_T18_DEVICE1-5_376,7,No prior experience,No previous experience,Recording 69,SIMETRIC Recording 69.tsv,45203,260,320,0.3533206064306559,280,0.875,3.2086731842923877,2.800145249930524,1.604548833938439,4.47162410843028,12.058796071316129,adjacent_mapped_fixation_centroid_angle,2.022332506203474,9.883374689826303,6.808700396522505,1.1658575134674625
P27,1,1,DEVICE2-1,N,10698,170748,160050.0,,,,,,P27,P27,Novice,False,ATG,1,DEVICE2-1,10698,170748,160050,0,1,P27_T1_DEVICE2-1_377,1,No prior experience,No previous experience,Recording 70,SIMETRIC Recording 70.tsv,7988,39,50,0.31240237425804435,41,0.82,3.430813124681206,2.7503329158343415,1.5322064769673391,5.470866819208665,7.813573972138571,adjacent_mapped_fixation_centroid_angle,-1.9776674937965262,-7.116625310173697,5.075486266415872,1.232797295672226
P27,1,2,DEVICE3-1,Y,203610,329047,125437.0,,,,,,P27,P27,Novice,False,CON,1,DEVICE3-1,203610,329047,125437,1,2,P27_T2_DEVICE3-1_378,1,No prior experience,No previous experience,Recording 70,SIMETRIC Recording 70.tsv,6261,46,37,0.29496878911326,30,0.8108108108108109,2.9233032094469507,2.789440880405455,0.7592210099153445,3.5746526340417604,13.371872817149747,adjacent_mapped_fixation_centroid_angle,-1.9776674937965262,-6.116625310173697,4.831803640499784,1.072714213026726
P27,1,3,DEVICE1-1,Y,347747,541375,193628.0,366917,415477,485526,494670,536187,P27,P27,Novice,False,MST,1,DEVICE1-1,347747,541375,193628,1,3,P27_T3_DEVICE1-1_379,1,No prior experience,No previous experience,Recording 70,SIMETRIC Recording 70.tsv,9664,64,75,0.38734067386948173,49,0.6533333333333333,4.34547599972167,3.650205384292721,1.5720767840229906,6.277213236806447,13.540903698344298,adjacent_mapped_fixation_centroid_angle,-1.9776674937965262,-5.116625310173697,5.265938792484015,1.4691353038612949
P27,2,4,DEVICE1-2,Y,560156,691252,131096.0,583029,599357,635718,645243,684975,P27,P27,Novice,False,MST,2,DEVICE1-2,560156,691252,131096,1,4,P27_T4_DEVICE1-2_380,1,No prior experience,No previous experience,Recording 70,SIMETRIC Recording 70.tsv,6543,31,36,0.27460792091291875,22,0.6111111111111112,5.139356089149988,5.617159658368699,3.250656923611524,6.6585663734830725,8.923640225675458,adjacent_mapped_fixation_centroid_angle,-0.9776674937965262,-4.116625310173697,4.875929879243923,1.636927797135132
P27,2,5,DEVICE2-2,Y,721222,817835,96613.0,,,,,,P27,P27,Novice,False,ATG,2,DEVICE2-2,721222,817835,96613,1,5,P27_T5_DEVICE2-2_381,1,No prior experience,No previous experience,Recording 70,SIMETRIC Recording 70.tsv,4822,24,25,0.2587643484831234,18,0.72,3.8548053026381948,3.8721509174134594,1.7738687218581812,5.312104444666405,7.3655719622327664,adjacent_mapped_fixation_centroid_angle,-0.9776674937965262,-3.1166253101736974,4.570713307733351,1.3493205005876454
P27,2,6,DEVICE3-2,Y,833170,866430,33260.0,,,,,,P27,P27,Novice,False,CON,2,DEVICE3-2,833170,866430,33260,1,6,P27_T6_DEVICE3-2_382,1,No prior experience,No previous experience,Recording 70,SIMETRIC Recording 70.tsv,1660,7,8,0.24052916416115455,7,0.875,7.498896981733611,6.876745967863552,6.757562956578232,7.827693048449651,9.727841289623706,adjacent_mapped_fixation_centroid_angle,-0.9776674937965262,-2.1166253101736974,3.5043554737647815,2.014755940624359
P27,3,7,DEVICE1-3,Y,885505,998901,113396.0,899152,910803,935146,950864,967674,P27,P27,Novice,False,MST,3,DEVICE1-3,885505,998901,113396,1,7,P27_T7_DEVICE1-3_383,1,No prior experience,No previous experience,Recording 70,SIMETRIC Recording 70.tsv,5660,19,29,0.2557409432431479,15,0.5172413793103449,2.9003480777898565,2.5673370230123775,1.794563360268114,4.150446998860311,7.4878490507507625,adjacent_mapped_fixation_centroid_angle,0.022332506203473823,-1.1166253101736974,4.7308861173029255,1.064830756613874
P27,3,8,DEVICE2-3,Y,1015789,1089988,74199.0,,,,,,P27,P27,Novice,False,ATG,3,DEVICE2-3,1015789,1089988,74199,1,8,P27_T8_DEVICE2-3_384,1,No prior experience,No previous experience,Recording 70,SIMETRIC Recording 70.tsv,3703,20,26,0.35040903516219896,20,0.7692307692307693,2.493075188042183,1.791566779076517,1.167312012151387,3.5222476094692325,7.588635499256889,adjacent_mapped_fixation_centroid_angle,0.022332506203473823,-0.11662531017369737,4.306750672993569,0.9135169637505595
P27,3,9,DEVICE3-3,Y,1100075,1187946,87871.0,,,,,,P27,P27,Novice,False,CON,3,DEVICE3-3,1100075,1187946,87871,1,9,P27_T9_DEVICE3-3_385,1,No prior experience,No previous experience,Recording 70,SIMETRIC Recording 70.tsv,4385,64,91,1.0356090177646777,72,0.7912087912087912,4.271918626410862,3.4278641675104717,0.9235404976062976,6.304672647380295,14.617817892998687,adjacent_mapped_fixation_centroid_angle,0.022332506203473823,0.8833746898263026,4.475869829891384,1.4520630533516776
P27,4,10,DEVICE1-4,Y,1200642,1297272,96630.0,1211841,1233475,1260011,1268274,1281765,P27,P27,Novice,False,MST,4,DEVICE1-4,1200642,1297272,96630,1,10,P27_T10_DEVICE1-4_386,1,No prior experience,No previous experience,Recording 70,SIMETRIC Recording 70.tsv,4823,37,45,0.4656938838869916,36,0.8,3.7355518154490284,2.759526415206251,1.1542395880790226,5.861554932190479,12.1272966360678,adjacent_mapped_fixation_centroid_angle,1.0223325062034738,1.8833746898263026,4.570889252011217,1.3178955494254638
P27,4,11,DEVICE2-4,N,1333696,1417442,83746.0,,,,,,P27,P27,Novice,False,ATG,4,DEVICE2-4,1333696,1417442,83746,0,11,P27_T11_DEVICE2-4_387,1,No prior experience,No previous experience,Recording 70,SIMETRIC Recording 70.tsv,4180,55,81,0.9672103742268288,78,0.9629629629629629,4.652966356549353,4.725855412292089,2.0303746006926358,6.267265043498368,19.71995841756137,adjacent_mapped_fixation_centroid_angle,1.0223325062034738,2.8833746898263026,4.427788408370544,1.537504942350524
P27,5,15,DEVICE2-5 ,N,902753,1078590,175837.0,,,,,,P27,P27,Novice,False,ATG,5,DEVICE2-5,902753,1078590,175837,0,15,P27_T15_DEVICE2-5_391,2,No prior experience,No previous experience,Recording 71,SIMETRIC Recording 71.tsv,8776,3,6,0.03412251118934013,2,0.3333333333333333,2.5744655129124374,2.5744655129124374,1.8068334871722243,3.3420975386526504,4.109729564392864,adjacent_mapped_fixation_centroid_angle,2.022332506203474,6.883374689826303,5.169557429545258,0.9456419447695268
P28,1,1,DEVICE1-1,Y,26889,143434,116545.0,64528,88184,97810,109490,130509,P28,P28,Intermediate,False,MST,1,DEVICE1-1,26889,143434,116545,1,1,P28_T1_DEVICE1-1_393,1,Some prior experience,Any previous experience,Recording 72,SIMETRIC Recording 72.tsv,5817,73,153,1.3127976318160368,118,0.7712418300653595,3.8481418723067895,3.2181742695622666,1.7589202322061983,4.968684747950976,14.053022897393262,adjacent_mapped_fixation_centroid_angle,-1.9776674937965262,-7.116625310173697,4.758277464518633,1.3475904012264075
P28,1,2,DEVICE2-1,N,170223,207699,37476.0,,,,,,P28,P28,Intermediate,False,ATG,1,DEVICE2-1,170223,207699,37476,0,2,P28_T2_DEVICE2-1_394,1,Some prior experience,Any previous experience,Recording 72,SIMETRIC Recording 72.tsv,1870,5,11,0.2935211868929448,4,0.36363636363636365,1.380046747543608,1.1944491903943772,0.703830914523043,1.8706650234149422,2.427457694862635,adjacent_mapped_fixation_centroid_angle,-1.9776674937965262,-6.116625310173697,3.623700728088942,0.3221173736269674
P28,1,3,DEVICE2-1,N,225958,286546,60588.0,,,,,,P28,P28,Intermediate,False,ATG,1,DEVICE2-1,225958,286546,60588,0,3,P28_T3_DEVICE2-1_395,1,Some prior experience,Any previous experience,Recording 72,SIMETRIC Recording 72.tsv,3012,7,9,0.14854426619132502,7,0.7777777777777778,1.615717413241772,1.2241131639481184,1.0570961289295198,2.099621737634666,2.882393901704991,adjacent_mapped_fixation_centroid_angle,-1.9776674937965262,-5.116625310173697,4.104096853664779,0.47977907676424675
P28,1,4,DEVICE3-1,Y,300151,504320,204169.0,,,,,,P28,P28,Intermediate,False,CON,1,DEVICE3-1,300151,504320,204169,1,4,P28_T4_DEVICE3-1_396,1,Some prior experience,Any previous experience,Recording 72,SIMETRIC Recording 72.tsv,10190,250,612,2.997516763073728,518,0.8464052287581699,7.936712295502133,5.808424847987183,3.6532113225773264,10.637504064641192,31.81786746506017,adjacent_mapped_fixation_centroid_angle,-1.9776674937965262,-4.116625310173697,5.318948082256895,2.071499120932422
P28,2,5,DEVICE3-2,Y,570099,645897,75798.0,,,,,,P28,P28,Intermediate,False,CON,2,DEVICE3-2,570099,645897,75798,1,5,P28_T5_DEVICE3-2_397,1,Some prior experience,Any previous experience,Recording 72,SIMETRIC Recording 72.tsv,3783,48,58,0.7651916937122352,52,0.896551724137931,3.5943168662184983,3.113201934772683,2.1214474903900085,5.226450191104689,7.962518779875674,adjacent_mapped_fixation_centroid_angle,-0.9776674937965262,-3.1166253101736974,4.328071907075955,1.279353949811287
P28,2,6,DEVICE1-2,Y,664896,744470,79574.0,673409,693518,701231,712455,729242,P28,P28,Intermediate,False,MST,2,DEVICE1-2,664896,744470,79574,1,6,P28_T6_DEVICE1-2_398,1,Some prior experience,Any previous experience,Recording 72,SIMETRIC Recording 72.tsv,3972,26,43,0.5403775102420388,40,0.9302325581395349,2.3012072468194296,2.380294420532283,1.369719192386563,2.9958050379922616,5.2565333478422325,adjacent_mapped_fixation_centroid_angle,-0.9776674937965262,-2.1166253101736974,4.376687406328276,0.8334338751500654
P28,2,7,DEVICE2-2,Y,758452,824142,65690.0,,,,,,P28,P28,Intermediate,False,ATG,2,DEVICE2-2,758452,824142,65690,1,7,P28_T7_DEVICE2-2_399,1,Some prior experience,Any previous experience,Recording 72,SIMETRIC Recording 72.tsv,3278,19,28,0.4262444816562643,20,0.7142857142857143,2.806515909113189,2.6240217220728668,1.8269747058574877,4.066298071514617,4.325270537475548,adjacent_mapped_fixation_centroid_angle,-0.9776674937965262,-1.1166253101736974,4.184946706904381,1.031943824050784
P28,3,8,DEVICE3-3,Y,832138,888231,56093.0,,,,,,P28,P28,Intermediate,False,CON,3,DEVICE3-3,832138,888231,56093,1,8,P28_T8_DEVICE3-3_400,1,Some prior experience,Any previous experience,Recording 72,SIMETRIC Recording 72.tsv,2800,18,21,0.37437826466760554,17,0.8095238095238095,2.439963596915911,2.4219103725776723,1.4583946100917287,3.0999862462500523,6.044142582787459,adjacent_mapped_fixation_centroid_angle,0.022332506203473823,-0.11662531017369737,4.0270110275597295,0.8919831198970589
P28,3,9,DEVICE2-3,Y,903435,1048130,144695.0,,,,,,P28,P28,Intermediate,False,ATG,3,DEVICE2-3,903435,1048130,144695,1,9,P28_T9_DEVICE2-3_401,1,Some prior experience,Any previous experience,Recording 72,SIMETRIC Recording 72.tsv,7222,35,45,0.31099899789211793,33,0.7333333333333333,2.1296068439545413,1.6125917332460815,1.1976618210527297,2.5330572377757075,5.115607249269744,adjacent_mapped_fixation_centroid_angle,0.022332506203473823,0.8833746898263026,4.9746280787902535,0.7559373823812608
P28,3,10,DEVICE1-3,Y,1062230,1166468,104238.0,1071671,1114073,1122224,1136138,1151797,P28,P28,Intermediate,False,MST,3,DEVICE1-3,1062230,1166468,104238,1,10,P28_T10_DEVICE1-3_402,1,Some prior experience,Any previous experience,Recording 72,SIMETRIC Recording 72.tsv,5203,21,24,0.23024233005238012,17,0.7083333333333334,1.0345982432884726,0.9496280656417087,0.6490584596152037,1.057743427039163,2.9894067835524427,adjacent_mapped_fixation_centroid_angle,0.022332506203473823,1.8833746898263026,4.646676746139818,0.03401318062379533
P28,4,11,DEVICE3-4,Y,1175773,1261736,85963.0,,,,,,P28,P28,Intermediate,False,CON,4,DEVICE3-4,1175773,1261736,85963,1,11,P28_T11_DEVICE3-4_403,1,Some prior experience,Any previous experience,Recording 72,SIMETRIC Recording 72.tsv,4291,40,48,0.5583797680397381,42,0.875,1.7414235232888953,1.22781551822959,0.8014083398211336,1.5438784927765654,6.378080922091637,adjacent_mapped_fixation_centroid_angle,1.0223325062034738,2.8833746898263026,4.453916971118788,0.5547028955839742
P28,4,12,DEVICE2-4,Y,1288059,1377577,89518.0,,,,,,P28,P28,Intermediate,False,ATG,4,DEVICE2-4,1288059,1377577,89518,1,12,P28_T12_DEVICE2-4_404,1,Some prior experience,Any previous experience,Recording 72,SIMETRIC Recording 72.tsv,4468,15,23,0.2569315668357202,13,0.5652173913043478,2.1070327216873013,2.0120641330550026,1.5446711469853993,2.7535531453396995,3.203331209661764,adjacent_mapped_fixation_centroid_angle,1.0223325062034738,3.8833746898263026,4.4944397223778685,0.74528066469069
P28,4,13,DEVICE1-4,Y,1396491,1456974,60483.0,1403875,1417675,1424360,1430270,1442142,P28,P28,Intermediate,False,MST,4,DEVICE1-4,1396491,1456974,60483,1,13,P28_T13_DEVICE1-4_405,1,Some prior experience,Any previous experience,Recording 72,SIMETRIC Recording 72.tsv,3019,5,3,0.049600714250285206,2,0.6666666666666666,2.5704788235295855,2.5704788235295855,2.407971111982798,2.7329865350763725,2.89549424662316,adjacent_mapped_fixation_centroid_angle,1.0223325062034738,4.883374689826303,4.102362333815684,0.944092194210507
P28,5,14,DEVICE3-5 ,Y,1477819,1522832,45013.0,,,,,,P28,P28,Intermediate,False,CON,5,DEVICE3-5,1477819,1522832,45013,1,14,P28_T14_DEVICE3-5_406,1,Some prior experience,Any previous experience,Recording 72,SIMETRIC Recording 72.tsv,2247,10,12,0.26658965187834627,9,0.75,1.8024196960303094,1.5588474187800494,0.7541368804125587,3.1464188322944238,3.1464188322944238,adjacent_mapped_fixation_centroid_angle,2.022332506203474,5.883374689826303,3.8069513369388486,0.5891300377450267
P28,5,15,DEVICE2-5 ,Y,1679195,1721267,42072.0,,,,,,P28,P28,Intermediate,False,ATG,5,DEVICE2-5,1679195,1721267,42072,1,15,P28_T15_DEVICE2-5_407,1,Some prior experience,Any previous experience,Recording 72,SIMETRIC Recording 72.tsv,2100,9,12,0.2852253280091272,9,0.75,1.759241468140759,1.510597486838069,0.7818412289044241,1.8012909433945614,4.341732453810595,adjacent_mapped_fixation_centroid_angle,2.022332506203474,6.883374689826303,3.739382436287043,0.5648827321388259
P28,5,16,DEVICE1-5 ,Y,1779064,1851117,72053.0,1789180,1798890,1809156,1819254,1834657,P28,P28,Intermediate,False,MST,5,DEVICE1-5,1779064,1851117,72053,1,16,P28_T16_DEVICE1-5_408,1,Some prior experience,Any previous experience,Recording 72,SIMETRIC Recording 72.tsv,3596,9,11,0.1526653990812319,9,0.8181818181818182,1.5988959606465523,1.2163940344612056,1.0751279244487142,1.736017346552759,3.8436717401854525,adjacent_mapped_fixation_centroid_angle,2.022332506203474,7.883374689826303,4.277401959330265,0.4693133664732878
P29,1,1,DEVICE3-1,Y,93605,218195,124590.0,,,,,,P29,P29,Expert,False,CON,1,DEVICE3-1,93605,218195,124590,1,1,P29_T1_DEVICE3-1_409,1,Higher prior experience,Any previous experience,Recording 74,SIMETRIC Recording 74.tsv,6218,97,138,1.1076330363592584,122,0.8840579710144928,3.5312511643008437,2.577893149774323,1.4825809207527711,4.994136081984534,12.094704559359384,adjacent_mapped_fixation_centroid_angle,-1.9776674937965262,-7.116625310173697,4.825028346310772,1.261652245626073
P29,1,2,DEVICE1-1,Y,265648,375836,110188.0,288110,315955,329845,340586,365077,P29,P29,Expert,False,MST,1,DEVICE1-1,265648,375836,110188,1,2,P29_T2_DEVICE1-1_410,1,Higher prior experience,Any previous experience,Recording 74,SIMETRIC Recording 74.tsv,5499,53,82,0.7441826696191962,72,0.8780487804878049,2.542346450356858,1.9349793540063494,1.0330172381765443,3.4973792781043844,11.67044638279411,adjacent_mapped_fixation_centroid_angle,-1.9776674937965262,-6.116625310173697,4.70218799786759,0.9330874539435262
P29,1,3,DEVICE2-1,N,407477,561138,153661.0,,,,,,P29,P29,Expert,False,ATG,1,DEVICE2-1,407477,561138,153661,0,3,P29_T3_DEVICE2-1_411,1,Higher prior experience,Any previous experience,Recording 74,SIMETRIC Recording 74.tsv,7669,84,125,0.8134790220029806,110,0.88,3.4730291461521787,2.7014742421832496,1.5464120784196156,4.871955379328248,16.237415821628318,adjacent_mapped_fixation_centroid_angle,-1.9776674937965262,-5.116625310173697,5.034748877292841,1.2450271659386944
P29,2,4,DEVICE2-2,Y,584392,758281,173889.0,,,,,,P29,P29,Expert,False,ATG,2,DEVICE2-2,584392,758281,173889,1,4,P29_T4_DEVICE2-2_412,1,Higher prior experience,Any previous experience,Recording 74,SIMETRIC Recording 74.tsv,8679,177,306,1.7597432845090832,266,0.869281045751634,4.067650201840641,3.6406597793973337,1.993705997836115,5.564531016203044,12.951516541963974,adjacent_mapped_fixation_centroid_angle,-0.9776674937965262,-4.116625310173697,5.158417164615466,1.4030654867410335
P29,2,5,DEVICE3-2,N,773185,864030,90845.0,,,,,,P29,P29,Expert,False,CON,2,DEVICE3-2,773185,864030,90845,0,5,P29_T5_DEVICE3-2_413,1,Higher prior experience,Any previous experience,Recording 74,SIMETRIC Recording 74.tsv,4534,79,145,1.5961252683141616,121,0.8344827586206897,6.092197341128741,4.320488796068789,2.9340854046948937,9.192643657941085,15.934307792038043,adjacent_mapped_fixation_centroid_angle,-0.9776674937965262,-3.1166253101736974,4.509154757554404,1.8070088279962322
P29,2,6,DEVICE1-2,Y,906909,1011634,104725.0,923918,949771,965579,973094,995462,P29,P29,Expert,False,MST,2,DEVICE1-2,906909,1011634,104725,1,6,P29_T6_DEVICE1-2_414,1,Higher prior experience,Any previous experience,Recording 74,SIMETRIC Recording 74.tsv,5227,69,136,1.2986392933874433,114,0.8382352941176471,4.782555660006741,3.8516161699497427,1.8198864746242696,6.349974199342552,13.868433254507972,adjacent_mapped_fixation_centroid_angle,-0.9776674937965262,-2.1166253101736974,4.6513378668330985,1.5649750605304624
P29,3,7,DEVICE3-3,Y,1028439,1120455,92016.0,,,,,,P29,P29,Expert,False,CON,3,DEVICE3-3,1028439,1120455,92016,1,7,P29_T7_DEVICE3-3_415,1,Higher prior experience,Any previous experience,Recording 74,SIMETRIC Recording 74.tsv,4593,148,237,2.575639019300991,227,0.9578059071729957,4.996316383396027,3.83517771949355,1.8912708695948963,6.694745246205853,21.03417040536853,adjacent_mapped_fixation_centroid_angle,0.022332506203473823,-1.1166253101736974,4.5219624749713985,1.608700917599318
P29,3,8,DEVICE2-3,Y,1142217,1342700,200483.0,,,,,,P29,P29,Expert,False,ATG,3,DEVICE2-3,1142217,1342700,200483,1,8,P29_T8_DEVICE2-3_416,1,Higher prior experience,Any previous experience,Recording 74,SIMETRIC Recording 74.tsv,10006,338,543,2.7084590713427072,476,0.8766114180478821,4.052748710741357,3.0347921114389,1.6526414629977921,5.568567169709496,19.76939241821525,adjacent_mapped_fixation_centroid_angle,0.022332506203473823,-0.11662531017369737,5.30072945512199,1.3993953449200345
P29,3,9,DEVICE1-3,Y,1379847,1463475,83628.0,1388911,1409603,1420065,1429196,1451518,P29,P29,Expert,False,MST,3,DEVICE1-3,1379847,1463475,83628,1,9,P29_T9_DEVICE1-3_417,1,Higher prior experience,Any previous experience,Recording 74,SIMETRIC Recording 74.tsv,4174,39,57,0.6815898981202468,50,0.8771929824561403,4.025548998302267,2.5615733541909753,1.7413359580840182,5.154738628909091,21.601153486139747,adjacent_mapped_fixation_centroid_angle,0.022332506203473823,0.8833746898263026,4.4263783922443825,1.3926612986630198
P29,4,10,DEVICE3-4,Y,1474602,1535282,60680.0,,,,,,P29,P29,Expert,False,CON,4,DEVICE3-4,1474602,1535282,60680,1,10,P29_T10_DEVICE3-4_418,1,Higher prior experience,Any previous experience,Recording 74,SIMETRIC Recording 74.tsv,3029,66,124,2.0435069215557022,106,0.8548387096774194,4.479744421057045,3.439403935155098,2.0735603061888015,6.6548147366683486,14.20298047745223,adjacent_mapped_fixation_centroid_angle,1.0223325062034738,1.8833746898263026,4.105614154480332,1.4995659959283498
P29,4,11,DEVICE1-4,Y,1564935,1639474,74539.0,1578997,1597716,1607213,1614484,1627808,P29,P29,Expert,False,MST,4,DEVICE1-4,1564935,1639474,74539,1,11,P29_T11_DEVICE1-4_419,1,Higher prior experience,Any previous experience,Recording 74,SIMETRIC Recording 74.tsv,3721,47,75,1.0061846818444036,69,0.92,4.18970701094928,3.5682781087819104,2.0435952229756102,4.386323464822788,16.72258469786963,adjacent_mapped_fixation_centroid_angle,1.0223325062034738,2.8833746898263026,4.311322478345345,1.4326308057013633
P29,4,12,DEVICE2-4,Y,1658990,1729559,70569.0,,,,,,P29,P29,Expert,False,ATG,4,DEVICE2-4,1658990,1729559,70569,1,12,P29_T12_DEVICE2-4_420,1,Higher prior experience,Any previous experience,Recording 74,SIMETRIC Recording 74.tsv,3522,62,107,1.5162465105074465,98,0.9158878504672897,3.869970023431332,2.2170699716691105,1.6967551835094479,4.9669342794577656,14.270212055898021,adjacent_mapped_fixation_centroid_angle,1.0223325062034738,3.8833746898263026,4.256590954585004,1.353246761128314
P29,5,13,DEVICE3-5 ,Y,1748255,1897302,149047.0,,,,,,P29,P29,Expert,False,CON,5,DEVICE3-5,1748255,1897302,149047,1,13,P29_T13_DEVICE3-5_421,1,Higher prior experience,Any previous experience,Recording 74,SIMETRIC Recording 74.tsv,7439,178,275,1.8450555864928513,259,0.9418181818181818,4.5844373544901815,3.35780996904146,2.0336287555980785,6.543967738783021,15.745134008643614,adjacent_mapped_fixation_centroid_angle,2.022332506203474,4.883374689826303,5.0042616924475185,1.5226673837814935
P29,5,14,DEVICE1-5 ,Y,2117727,2206287,88560.0,2131831,2151494,2162395,2168487,2190776,P29,P29,Expert,False,MST,5,DEVICE1-5,2117727,2206287,88560,1,14,P29_T14_DEVICE1-5_422,1,Higher prior experience,Any previous experience,Recording 74,SIMETRIC Recording 74.tsv,4420,46,68,0.7678410117434508,59,0.8676470588235294,5.838031692996994,5.791041135516997,3.8702113948320376,7.808922217372168,15.966870848799289,adjacent_mapped_fixation_centroid_angle,2.022332506203474,5.883374689826303,4.4836802884003815,1.7643937011593926
P29,5,15,DEVICE2-5 ,Y,2436142,2627968,191826.0,,,,,,P29,P29,Expert,False,ATG,5,DEVICE2-5,2436142,2627968,191826,1,15,P29_T15_DEVICE2-5_423,1,Higher prior experience,Any previous experience,Recording 74,SIMETRIC Recording 74.tsv,9574,240,383,1.9966010864012178,344,0.8981723237597912,4.964220159962208,3.739363735912412,1.926464865836531,6.574046459925442,28.355951738904015,adjacent_mapped_fixation_centroid_angle,2.022332506203474,6.883374689826303,5.256588711134984,1.6022562176808297
P3,1,1,DEVICE1-1,Y,47694,206452,158758.0,56781,96639,124460,133940,173191,P3,P3,Expert,False,MST,1,DEVICE1-1,47694,206452,158758,1,1,P3_T1_DEVICE1-1_31,1,Higher prior experience,Any previous experience,Recording 17,SIMETRIC Recording 17.tsv,7924,5,8,0.05039116139029214,2,0.25,7.572545347357993,7.572545347357993,7.572545347357993,7.572545347357993,7.572545347357993,adjacent_mapped_fixation_centroid_angle,-1.9776674937965262,-7.116625310173697,5.067381030203869,2.024529252327603
P3,1,2,DEVICE2-1,Y,244340,394412,150072.0,,,,,,P3,P3,Expert,False,ATG,1,DEVICE2-1,244340,394412,150072,1,2,P3_T2_DEVICE2-1_32,1,Higher prior experience,Any previous experience,Recording 17,SIMETRIC Recording 17.tsv,7491,16,20,0.1332693640385948,14,0.7,2.346809766650344,2.967042368873809,0.6302227566975087,3.708060798395829,4.02284539147222,adjacent_mapped_fixation_centroid_angle,-1.9776674937965262,-6.116625310173697,5.011115178933107,0.8530568597493109
P3,1,3,DEVICE3-1,Y,419897,630198,210301.0,,,,,,P3,P3,Expert,False,CON,1,DEVICE3-1,419897,630198,210301,1,3,P3_T3_DEVICE3-1_33,1,Higher prior experience,Any previous experience,Recording 17,SIMETRIC Recording 17.tsv,10497,44,52,0.24726463497558263,47,0.9038461538461539,2.8965073188372803,3.2459462562011203,1.1627686979438854,4.047551549293329,8.3216967527507,adjacent_mapped_fixation_centroid_angle,-1.9776674937965262,-5.116625310173697,5.348539837809094,1.0635056383379127
P3,2,4,DEVICE3-2,Y,640036,804532,164496.0,,,,,,P3,P3,Expert,False,CON,2,DEVICE3-2,640036,804532,164496,1,4,P3_T4_DEVICE3-2_34,1,Higher prior experience,Any previous experience,Recording 17,SIMETRIC Recording 17.tsv,8210,41,52,0.3161171092306196,47,0.9038461538461539,2.614507989241074,3.3050984279486766,0.6352530119578024,4.267435599199816,5.907406397693484,adjacent_mapped_fixation_centroid_angle,-0.9776674937965262,-4.116625310173697,5.102886253800363,0.9610759303847621
P3,2,5,DEVICE1-2,N,817143,1229395,412252.0,846589,1095249,1131240,1160686,1219580,P3,P3,Expert,False,MST,2,DEVICE1-2,817143,1229395,412252,0,5,P3_T5_DEVICE1-2_35,1,Higher prior experience,Any previous experience,Recording 17,SIMETRIC Recording 17.tsv,20575,106,139,0.3371724091089916,128,0.920863309352518,2.6821350155476797,3.2535645352672753,0.7167835878700637,3.7174492539489155,9.557347774759368,adjacent_mapped_fixation_centroid_angle,-0.9776674937965262,-3.1166253101736974,6.021634812853046,0.9866131249599194
P3,2,6,DEVICE2-2,Y,1251613,1388251,136638.0,,,,,,P3,P3,Expert,False,ATG,2,DEVICE2-2,1251613,1388251,136638,1,6,P3_T6_DEVICE2-2_36,1,Higher prior experience,Any previous experience,Recording 17,SIMETRIC Recording 17.tsv,6820,11,19,0.13905355757549143,12,0.631578947368421,1.3750357798146107,1.2661900369661194,0.16246749947369946,2.0633060531078575,5.105809353627444,adjacent_mapped_fixation_centroid_angle,-0.9776674937965262,-2.1166253101736974,4.917335092930796,0.3184797524633297
P3,3,7,DEVICE1-3,Y,1406075,1798696,392621.0,1437299/1570808,1578701,1602890,1614509,1752077,P3,P3,Expert,False,MST,3,DEVICE1-3,1406075,1798696,392621,1,7,P3_T7_DEVICE1-3_37,1,Higher prior experience,Any previous experience,Recording 17,SIMETRIC Recording 17.tsv,19596,120,146,0.3718598852328327,130,0.8904109589041096,2.719395603837013,2.5414020463441926,0.9849567352857755,3.966682529290099,9.53272556463622,adjacent_mapped_fixation_centroid_angle,0.022332506203473823,-1.1166253101736974,5.972844769968646,1.0004096511451481
P3,3,8,DEVICE3-3,N,1806817,2125120,318303.0,,,,,,P3,P3,Expert,False,CON,3,DEVICE3-3,1806817,2125120,318303,0,8,P3_T8_DEVICE3-3_38,1,Higher prior experience,Any previous experience,Recording 17,SIMETRIC Recording 17.tsv,15886,108,135,0.42412418356094667,120,0.8888888888888888,2.7329698473504624,2.8929603865429416,0.8441598062854078,4.38673971116698,9.199355894989198,adjacent_mapped_fixation_centroid_angle,0.022332506203473823,-0.11662531017369737,5.763003759314319,1.0053888740824575
P3,3,9,DEVICE2-3,Y,2136817,2337215,200398.0,,,,,,P3,P3,Expert,False,ATG,3,DEVICE2-3,2136817,2337215,200398,1,9,P3_T9_DEVICE2-3_39,1,Higher prior experience,Any previous experience,Recording 17,SIMETRIC Recording 17.tsv,10002,59,68,0.3393247437599178,58,0.8529411764705882,2.992697846473315,3.5108744825799563,1.3164623797291237,4.231887321302551,7.920922360297134,adjacent_mapped_fixation_centroid_angle,0.022332506203473823,0.8833746898263026,5.300305389120989,1.0961752703742624
P3,4,10,DEVICE1-4,N,2348365,2718084,369719.0,2394171,2446521,2475976,2484732,2698453,P3,P3,Expert,False,MST,4,DEVICE1-4,2348365,2718084,369719,0,10,P3_T10_DEVICE1-4_40,1,Higher prior experience,Any previous experience,Recording 17,SIMETRIC Recording 17.tsv,18453,80,110,0.29752325414706843,90,0.8181818181818182,3.231519264612622,3.55622859217301,1.885741887257433,4.298774583906789,10.426196829562011,adjacent_mapped_fixation_centroid_angle,1.0223325062034738,1.8833746898263026,5.9127432576433785,1.172952387210895
P3,4,11,DEVICE3-4,Y,2750595,2921336,170741.0,,,,,,P3,P3,Expert,False,CON,4,DEVICE3-4,2750595,2921336,170741,1,11,P3_T11_DEVICE3-4_41,1,Higher prior experience,Any previous experience,Recording 17,SIMETRIC Recording 17.tsv,8522,19,28,0.16399107420010423,23,0.8214285714285714,1.7701554476459636,0.962087565599705,0.7398248541431809,2.689293935714698,7.473537634665977,adjacent_mapped_fixation_centroid_angle,1.0223325062034738,2.8833746898263026,5.14014778842339,0.5710673662582704
P3,4,12,DEVICE2-4,Y,2932859,3057733,124874.0,,,,,,P3,P3,Expert,False,ATG,4,DEVICE2-4,2932859,3057733,124874,1,12,P3_T12_DEVICE2-4_42,1,Higher prior experience,Any previous experience,Recording 17,SIMETRIC Recording 17.tsv,6233,65,85,0.6806861316206737,79,0.9294117647058824,3.661526501510945,4.241709465492163,2.9241954089823454,4.647065341239959,7.971623228350532,adjacent_mapped_fixation_centroid_angle,1.0223325062034738,3.8833746898263026,4.827305228928645,1.2978801373764333
P3,5,13,DEVICE3-5 ,Y,3082798,3201032,118234.0,,,,,,P3,P3,Expert,False,CON,5,DEVICE3-5,3082798,3201032,118234,1,13,P3_T13_DEVICE3-5_43,1,Higher prior experience,Any previous experience,Recording 17,SIMETRIC Recording 17.tsv,5901,48,54,0.4567214168513287,50,0.9259259259259259,3.24097758544505,3.9258280808952204,0.8070042481570721,4.545220606314054,8.853194686522597,adjacent_mapped_fixation_centroid_angle,2.022332506203474,4.883374689826303,4.7726657116633735,1.1758750081975284
P3,5,14,DEVICE2-5 ,Y,3331043,3441204,110161.0,,,,,,P3,P3,Expert,False,ATG,5,DEVICE2-5,3331043,3441204,110161,1,14,P3_T14_DEVICE2-5_44,1,Higher prior experience,Any previous experience,Recording 17,SIMETRIC Recording 17.tsv,5499,37,51,0.46295876035983696,44,0.8627450980392157,2.927409651692609,3.164240651254236,1.2308348030177596,4.338147545306057,5.941888504992327,adjacent_mapped_fixation_centroid_angle,2.022332506203474,5.883374689826303,4.7019429320843535,1.074117954080997
P3,5,15,DEVICE1-5 ,N,3506598,3909035,402437.0,3522957,3640743,3666918,3686549,,P3,P3,Expert,False,MST,5,DEVICE1-5,3506598,3909035,402437,0,15,P3_T15_DEVICE1-5_45,1,Higher prior experience,Any previous experience,Recording 17,SIMETRIC Recording 17.tsv,20086,66,87,0.21618290564734355,69,0.7931034482758621,2.531203391443933,2.3433156202633634,1.1465562605331263,3.7233561927318157,5.364498890265553,adjacent_mapped_fixation_centroid_angle,2.022332506203474,6.883374689826303,5.997538562868682,0.9286948384464683
P30,1,1,DEVICE2-1,N,23355,218928,195573.0,,,,,,P30,P30,Novice,False,ATG,1,DEVICE2-1,23355,218928,195573,0,1,P30_T1_DEVICE2-1_424,1,No prior experience,No previous experience,Recording 1,SIMETRIC Recording 1.tsv,9761,173,245,1.2527291599556176,228,0.9306122448979591,4.384682516560793,3.6927549693415784,2.1943013602429406,5.724102604901772,16.633531888111715,adjacent_mapped_fixation_centroid_angle,-1.9776674937965262,-7.116625310173697,5.275933711262944,1.4781172210503712
P30,1,2,DEVICE3-1,Y,243131,351390,108259.0,,,,,,P30,P30,Novice,False,CON,1,DEVICE3-1,243131,351390,108259,1,2,P30_T2_DEVICE3-1_425,1,No prior experience,No previous experience,Recording 1,SIMETRIC Recording 1.tsv,5403,56,96,0.8867623015176568,81,0.84375,2.8159813326880827,2.372024297815133,1.0685719779558283,4.1845080988587515,7.355986114956333,adjacent_mapped_fixation_centroid_angle,-1.9776674937965262,-6.116625310173697,4.684526504304186,1.035310809256808
P30,1,3,DEVICE1-1,Y,379972,479540,99568.0,399499,434883,442127,451240,471184,P30,P30,Novice,False,MST,1,DEVICE1-1,379972,479540,99568,1,3,P30_T3_DEVICE1-1_426,1,No prior experience,No previous experience,Recording 1,SIMETRIC Recording 1.tsv,4969,30,48,0.4820825968182549,38,0.7916666666666666,3.803567407517025,1.9484010072056785,1.1801736892893377,6.380128090107137,10.201229206503353,adjacent_mapped_fixation_centroid_angle,-1.9776674937965262,-5.116625310173697,4.600840827826862,1.3359394177950945
P30,2,4,DEVICE1-2,Y,508439,604068,95629.0,530049,555480,562710,576004,595067,P30,P30,Novice,False,MST,2,DEVICE1-2,508439,604068,95629,1,4,P30_T4_DEVICE1-2_427,1,No prior experience,No previous experience,Recording 1,SIMETRIC Recording 1.tsv,4773,25,40,0.4182831567829842,31,0.775,3.053681450905491,2.52590993326327,1.112712355337211,4.347298079833244,10.692385459616956,adjacent_mapped_fixation_centroid_angle,-0.9776674937965262,-4.116625310173697,4.5604761213372065,1.116347895824312
P30,2,5,DEVICE2-2,Y,10983,128989,118006.0,,,,,,P30,P30,Novice,False,ATG,2,DEVICE2-2,10983,128989,118006,1,5,P30_T5_DEVICE2-2_428,2,No prior experience,No previous experience,Recording 2,SIMETRIC Recording 2.tsv,5889,25,32,0.2711726522380218,21,0.65625,4.910511572445966,4.392109656724321,3.1863169907859623,6.523070242330425,8.075004550285989,adjacent_mapped_fixation_centroid_angle,-0.9776674937965262,-3.1166253101736974,4.770735470630604,1.5913781262865665
P30,2,6,DEVICE3-2,N,151273,227262,75989.0,,,,,,P30,P30,Novice,False,CON,2,DEVICE3-2,151273,227262,75989,0,6,P30_T6_DEVICE3-2_429,2,No prior experience,No previous experience,Recording 2,SIMETRIC Recording 2.tsv,3793,13,18,0.23687639000381633,11,0.6111111111111112,3.6563790763489106,4.091799233329992,2.770787148630082,4.155058082017598,5.842859474421373,adjacent_mapped_fixation_centroid_angle,-0.9776674937965262,-2.1166253101736974,4.330588592968838,1.296473334307931
P30,3,7,DEVICE3-3,Y,248508,333641,85133.0,,,,,,P30,P30,Novice,False,CON,3,DEVICE3-3,248508,333641,85133,1,7,P30_T7_DEVICE3-3_430,2,No prior experience,No previous experience,Recording 2,SIMETRIC Recording 2.tsv,4249,20,28,0.3288971374202718,22,0.7857142857142857,2.9007931396919506,2.939501364271861,1.1536189559787218,4.140659716920672,6.005019590554743,adjacent_mapped_fixation_centroid_angle,0.022332506203473823,-1.1166253101736974,4.444214739495882,1.0649841960445936
P30,3,8,DEVICE2-3,N,349026,426003,76977.0,,,,,,P30,P30,Novice,False,ATG,3,DEVICE2-3,349026,426003,76977,0,8,P30_T8_DEVICE2-3_431,2,No prior experience,No previous experience,Recording 2,SIMETRIC Recording 2.tsv,3842,13,24,0.31178144120971196,13,0.5416666666666666,4.110382367476175,4.130958778186066,1.56084955881563,5.68397902467333,8.991376257942614,adjacent_mapped_fixation_centroid_angle,0.022332506203473823,-0.11662531017369737,4.343506675934864,1.4135160576299914
P30,3,9,DEVICE1-3,Y,469360,636638,167278.0,487494,539165,581234,589228/599015,624522,P30,P30,Novice,False,MST,3,DEVICE1-3,469360,636638,167278,1,9,P30_T9_DEVICE1-3_432,2,No prior experience,No previous experience,Recording 2,SIMETRIC Recording 2.tsv,8349,45,78,0.46628964956539415,60,0.7692307692307693,2.6686007482697667,1.8936768906632322,1.1728048352744276,4.342711375652208,6.873933432398657,adjacent_mapped_fixation_centroid_angle,0.022332506203473823,0.8833746898263026,5.119657099046991,0.981554270724018
P30,4,10,DEVICE3-4,Y,650135,758214,108079.0,,,,,,P30,P30,Novice,False,CON,4,DEVICE3-4,650135,758214,108079,1,10,P30_T10_DEVICE3-4_433,2,No prior experience,No previous experience,Recording 2,SIMETRIC Recording 2.tsv,5395,31,48,0.44411957919669875,30,0.625,3.8403053568561716,2.6283101828186526,1.922454634729519,5.187178781169691,9.55651026439674,adjacent_mapped_fixation_centroid_angle,1.0223325062034738,1.8833746898263026,4.682862441203514,1.3455518834527147
P30,4,11,DEVICE1-4,Y,782563,855570,73007.0,796547,817142,820947,830054,848251,P30,P30,Novice,False,MST,4,DEVICE1-4,782563,855570,73007,1,11,P30_T11_DEVICE1-4_434,2,No prior experience,No previous experience,Recording 2,SIMETRIC Recording 2.tsv,3644,10,16,0.2191570671305491,7,0.4375,3.781098253944088,4.1490374713601295,2.0189044766038773,4.992833709027586,6.802207428034823,adjacent_mapped_fixation_centroid_angle,1.0223325062034738,2.8833746898263026,4.290555326962158,1.3300145108033965
P30,4,12,DEVICE2-4,Y,866615,940473,73858.0,,,,,,P30,P30,Novice,False,ATG,4,DEVICE2-4,866615,940473,73858,1,12,P30_T12_DEVICE2-4_435,2,No prior experience,No previous experience,Recording 2,SIMETRIC Recording 2.tsv,3686,18,27,0.3655663570635544,18,0.6666666666666666,4.8362680871894215,5.351132899871082,2.6460008663628045,6.968909802583152,8.114596578420946,adjacent_mapped_fixation_centroid_angle,1.0223325062034738,3.8833746898263026,4.302144330801634,1.5761433669458653
P30,5,13,DEVICE1-5 ,Y,997602,1088670,91068.0,1016922,1041051,1043896,1051834,1073093,P30,P30,Novice,False,MST,5,DEVICE1-5,997602,1088670,91068,1,13,P30_T13_DEVICE1-5_436,2,No prior experience,No previous experience,Recording 2,SIMETRIC Recording 2.tsv,4545,15,28,0.30746255545306805,17,0.6071428571428571,4.3103277642534,4.113261172412855,3.064256924604663,6.392701534415052,6.51918123996878,adjacent_mapped_fixation_centroid_angle,2.022332506203474,4.883374689826303,4.511606480209776,1.4610139486147802
P30,5,14,DEVICE3-5 ,Y,1304904,1383222,78318.0,,,,,,P30,P30,Novice,False,CON,5,DEVICE3-5,1304904,1383222,78318,1,14,P30_T14_DEVICE3-5_437,2,No prior experience,No previous experience,Recording 2,SIMETRIC Recording 2.tsv,3908,38,57,0.727802037845706,38,0.6666666666666666,5.53943452309441,5.134827930819378,3.0507319059099522,6.613063555265252,13.202933664359504,adjacent_mapped_fixation_centroid_angle,2.022332506203474,5.883374689826303,4.360777461634708,1.7118924239059194
P30,5,15,DEVICE2-5 ,Y,1533095,1606718,73623.0,,,,,,P30,P30,Novice,False,ATG,5,DEVICE2-5,1533095,1606718,73623,1,15,P30_T15_DEVICE2-5_438,2,No prior experience,No previous experience,Recording 2,SIMETRIC Recording 2.tsv,3675,20,29,0.3938986458036211,16,0.5517241379310345,3.8106183899590182,3.072586451829429,1.934219569345068,4.499815631184867,9.283901540893323,adjacent_mapped_fixation_centroid_angle,2.022332506203474,6.883374689826303,4.2989574769168755,1.3377914830440991
P4,1,1,DEVICE2-1,Y,185605,349246,163641.0,,,,,,P4,P4,Intermediate,False,ATG,1,DEVICE2-1,185605,349246,163641,1,1,P4_T1_DEVICE2-1_46,1,Some prior experience,Any previous experience,Recording 18,SIMETRIC Recording 18.tsv,8167,35,51,0.3116578363613031,30,0.5882352941176471,2.901880784157242,2.1759989206252675,1.077538572366641,3.738885905196051,16.074367088497368,adjacent_mapped_fixation_centroid_angle,-1.9776674937965262,-7.116625310173697,5.097675004017837,1.0653590730383045
P4,1,2,DEVICE3-1,Y,358925,465910,106985.0,,,,,,P4,P4,Intermediate,False,CON,1,DEVICE3-1,358925,465910,106985,1,2,P4_T2_DEVICE3-1_47,1,Some prior experience,Any previous experience,Recording 18,SIMETRIC Recording 18.tsv,5340,15,20,0.18694209468617096,9,0.45,3.90394228591314,2.6848426640136656,2.652245642872137,3.3105908598744276,8.86857419126817,adjacent_mapped_fixation_centroid_angle,-1.9776674937965262,-6.116625310173697,4.672688637718914,1.3619868851201424
P4,1,3,DEVICE1-1,Y,473691,742064,268373.0,492280,532965,553676,565621/641793,703687,P4,P4,Intermediate,False,MST,1,DEVICE1-1,473691,742064,268373,1,3,P4_T3_DEVICE1-1_48,1,Some prior experience,Any previous experience,Recording 18,SIMETRIC Recording 18.tsv,13388,59,70,0.26083100759018235,52,0.7428571428571429,3.8865562495658446,2.6829186065517954,2.177849946299787,5.202039104423989,10.370434077235846,adjacent_mapped_fixation_centroid_angle,-1.9776674937965262,-5.116625310173697,5.5923778039122105,1.3575234826480747
P4,2,4,DEVICE1-2,Y,749161,902435,153274.0,773362,821092,839915,854033,878234,P4,P4,Intermediate,False,MST,2,DEVICE1-2,749161,902435,153274,1,4,P4_T4_DEVICE1-2_49,1,Some prior experience,Any previous experience,Recording 18,SIMETRIC Recording 18.tsv,7649,23,32,0.20877643957879352,14,0.4375,3.808034498837339,2.8125834180331006,1.3217256672752669,5.520226553900931,9.263934473944298,adjacent_mapped_fixation_centroid_angle,-0.9776674937965262,-4.116625310173697,5.032227169406298,1.3371131764567101
P4,2,5,DEVICE2-2,Y,142342,268251,125909.0,,,,,,P4,P4,Intermediate,False,ATG,2,DEVICE2-2,142342,268251,125909,1,5,P4_T5_DEVICE2-2_50,2,Some prior experience,Any previous experience,Recording 19,SIMETRIC Recording 19.tsv,6284,9,12,0.09530692801944261,7,0.5833333333333334,2.58243871867803,2.5906734006781877,1.1218450135013969,3.6015667253187984,5.403640240686876,adjacent_mapped_fixation_centroid_angle,-0.9776674937965262,-3.1166253101736974,4.835559423801147,0.9487341922733923
P4,2,6,DEVICE3-2,Y,279331,345680,66349.0,,,,,,P4,P4,Intermediate,False,CON,2,DEVICE3-2,279331,345680,66349,1,6,P4_T6_DEVICE3-2_51,2,Some prior experience,Any previous experience,Recording 19,SIMETRIC Recording 19.tsv,3312,24,30,0.4521545162700267,24,0.8,4.533110402065578,2.423911360502257,0.8143243281942053,6.251354491990013,18.132994288740345,adjacent_mapped_fixation_centroid_angle,-0.9776674937965262,-2.1166253101736974,4.194928689074586,1.5114083268497707
P4,3,7,DEVICE3-3,Y,354144,433933,79789.0,,,,,,P4,P4,Intermediate,False,CON,3,DEVICE3-3,354144,433933,79789,1,7,P4_T7_DEVICE3-3_52,2,Some prior experience,Any previous experience,Recording 19,SIMETRIC Recording 19.tsv,3983,25,40,0.5013222374011456,26,0.65,4.286500626061662,3.1149292859635898,1.7787707612512387,5.695831123436943,12.295089328044558,adjacent_mapped_fixation_centroid_angle,0.022332506203473823,-1.1166253101736974,4.379385650342793,1.4554706951909409
P4,3,8,DEVICE2-3,Y,442948,516966,74018.0,,,,,,P4,P4,Intermediate,False,ATG,3,DEVICE2-3,442948,516966,74018,1,8,P4_T8_DEVICE2-3_53,2,Some prior experience,Any previous experience,Recording 19,SIMETRIC Recording 19.tsv,3695,17,21,0.2837147720824664,12,0.5714285714285714,3.566760128983281,3.4379964869978377,2.440922060357415,4.14058345202584,8.052863414373105,adjacent_mapped_fixation_centroid_angle,0.022332506203473823,-0.11662531017369737,4.304308306868572,1.2716576568442577
P4,3,9,DEVICE1-3,Y,523058,638814,115756.0,542761,566159,576011,594482,622806,P4,P4,Intermediate,False,MST,3,DEVICE1-3,523058,638814,115756,1,9,P4_T9_DEVICE1-3_54,2,Some prior experience,Any previous experience,Recording 19,SIMETRIC Recording 19.tsv,5777,16,24,0.20733266526141195,8,0.3333333333333333,4.030535105854222,3.8930971141952804,3.170001375816207,4.8961959143982865,6.116672468036762,adjacent_mapped_fixation_centroid_angle,0.022332506203473823,0.8833746898263026,4.751484527476044,1.393899147753015
P4,4,10,DEVICE3-4,Y,649444,712133,62689.0,,,,,,P4,P4,Intermediate,False,CON,4,DEVICE3-4,649444,712133,62689,1,10,P4_T10_DEVICE3-4_55,2,Some prior experience,Any previous experience,Recording 19,SIMETRIC Recording 19.tsv,3128,22,37,0.5902151892676546,24,0.6486486486486487,6.742285859700583,2.4706517456017236,2.0453161136228344,12.295853365857116,21.646613129733982,adjacent_mapped_fixation_centroid_angle,1.0223325062034738,1.8833746898263026,4.138185993651233,1.9083990157499513
P4,4,11,DEVICE1-4,Y,720090,850624,130534.0,742256,768117,793977,802597,824763,P4,P4,Intermediate,False,MST,4,DEVICE1-4,720090,850624,130534,1,11,P4_T11_DEVICE1-4_56,2,Some prior experience,Any previous experience,Recording 19,SIMETRIC Recording 19.tsv,6515,22,31,0.23748601896823818,20,0.6451612903225806,2.335285315838216,2.4070025963848414,0.945184931792714,2.9569342045197278,5.413357323667061,adjacent_mapped_fixation_centroid_angle,1.0223325062034738,2.8833746898263026,4.871633729227502,0.8481340745932936
P4,4,12,DEVICE2-4,Y,854774,956668,101894.0,,,,,,P4,P4,Intermediate,False,ATG,4,DEVICE2-4,854774,956668,101894,1,12,P4_T12_DEVICE2-4_57,2,Some prior experience,Any previous experience,Recording 19,SIMETRIC Recording 19.tsv,5086,21,29,0.2846094961430506,14,0.4827586206896552,3.7078819921967523,2.8252745407741777,2.104300911640477,4.609037691436412,9.936200628451088,adjacent_mapped_fixation_centroid_angle,1.0223325062034738,3.8833746898263026,4.623933057238976,1.3104608220075198
P4,5,13,DEVICE1-5 ,Y,970074,1083368,113294.0,1003323,1026721,1037804,1048887,1068590,P4,P4,Intermediate,False,MST,5,DEVICE1-5,970074,1083368,113294,1,13,P4_T13_DEVICE1-5_58,2,Some prior experience,Any previous experience,Recording 19,SIMETRIC Recording 19.tsv,5655,10,11,0.09709252034529631,7,0.6363636363636364,3.4439077979755837,2.578331018266231,2.330346857543048,3.8591352458736257,7.372308916020707,adjacent_mapped_fixation_centroid_angle,2.022332506203474,4.883374689826303,4.7299862098797165,1.2366068144230207
P4,5,14,DEVICE3-5 ,Y,1180664,1254106,73442.0,,,,,,P4,P4,Intermediate,False,CON,5,DEVICE3-5,1180664,1254106,73442,1,14,P4_T14_DEVICE3-5_59,2,Some prior experience,Any previous experience,Recording 19,SIMETRIC Recording 19.tsv,3665,5,7,0.09531330846109856,2,0.2857142857142857,4.2667543049111964,4.2667543049111964,2.710371744838432,5.823136864983962,7.379519425056726,adjacent_mapped_fixation_centroid_angle,2.022332506203474,5.883374689826303,4.296495979056889,1.4508534222600762
P4,5,15,DEVICE2-5 ,Y,1326164,1418854,92690.0,,,,,,P4,P4,Intermediate,False,ATG,5,DEVICE2-5,1326164,1418854,92690,1,15,P4_T15_DEVICE2-5_60,2,Some prior experience,Any previous experience,Recording 19,SIMETRIC Recording 19.tsv,4627,18,24,0.2589276081562197,14,0.5833333333333334,6.296517042891497,2.3550555319092252,1.4786354723290887,4.649497841549038,28.464559950153284,adjacent_mapped_fixation_centroid_angle,2.022332506203474,6.883374689826303,4.529260591887741,1.8399966301847093
P5,1,1,DEVICE2-1,N,0,194968,194968.0,,,,,,P5,P5,Intermediate,False,ATG,1,DEVICE2-1,0,194968,194968,0,1,P5_T1_DEVICE2-1_61,1,Some prior experience,Any previous experience,Recording 21,SIMETRIC Recording 21.tsv,9730,36,41,0.21029091953551354,25,0.6097560975609756,3.2423616544416545,1.9746568955350814,1.014871278780487,4.718911452192097,10.874598994721257,adjacent_mapped_fixation_centroid_angle,-1.9776674937965262,-7.116625310173697,5.272835442533345,1.1763019699733723
P5,1,2,DEVICE1-1,N,213075,643125,430050.0,254863,324627,475651,488073,,P5,P5,Intermediate,False,MST,1,DEVICE1-1,213075,643125,430050,0,2,P5_T2_DEVICE1-1_62,1,Some prior experience,Any previous experience,Recording 21,SIMETRIC Recording 21.tsv,21463,59,73,0.1697477037553773,49,0.6712328767123288,3.149174927612942,2.917819239624728,1.3341695408690661,3.9736814134711698,9.85814647762823,adjacent_mapped_fixation_centroid_angle,-1.9776674937965262,-6.116625310173697,6.0639014809974885,1.1471404907865563
P5,1,3,DEVICE3-1,N,670282,785521,115239.0,,,,,,P5,P5,Intermediate,False,CON,1,DEVICE3-1,670282,785521,115239,0,3,P5_T3_DEVICE3-1_63,1,Some prior experience,Any previous experience,Recording 21,SIMETRIC Recording 21.tsv,5751,18,25,0.21694044550889888,17,0.68,4.206489740399239,3.26454249715237,2.475912596424102,6.463558388474028,10.461403292537605,adjacent_mapped_fixation_centroid_angle,-1.9776674937965262,-5.116625310173697,4.747008232636158,1.4366285090182944
P5,2,4,DEVICE3-2,N,795725,884764,89039.0,,,,,,P5,P5,Intermediate,False,CON,2,DEVICE3-2,795725,884764,89039,0,4,P5_T4_DEVICE3-2_64,1,Some prior experience,Any previous experience,Recording 21,SIMETRIC Recording 21.tsv,4444,10,18,0.20215860465638652,14,0.7777777777777778,4.2529222848827075,4.21947730028425,3.541518731937043,5.358530057787245,7.541833444970163,adjacent_mapped_fixation_centroid_angle,-0.9776674937965262,-4.116625310173697,4.489074475996765,1.447606343093188
P5,2,5,DEVICE2-2,N,905856,1016562,110706.0,,,,,,P5,P5,Intermediate,False,ATG,2,DEVICE2-2,905856,1016562,110706,0,5,P5_T5_DEVICE2-2_65,1,Some prior experience,Any previous experience,Recording 21,SIMETRIC Recording 21.tsv,5525,112,135,1.2194461004823587,119,0.8814814814814815,3.655021878225309,3.4263210651608986,1.718043902612525,5.519486398712783,10.931896349575567,adjacent_mapped_fixation_centroid_angle,-0.9776674937965262,-3.1166253101736974,4.7068780387878,1.2961020790183846
P5,2,6,DEVICE1-2,N,1040582,1613017,572435.0,1119749/1212620/1300998,1414201,1198718/1278082/1539321,1548258,1582568,P5,P5,Intermediate,False,MST,2,DEVICE1-2,1040582,1613017,572435,0,6,P5_T6_DEVICE1-2_66,1,Some prior experience,Any previous experience,Recording 21,SIMETRIC Recording 21.tsv,28570,475,805,1.4062732013241679,667,0.8285714285714286,5.294307560954365,4.181331323841634,2.09098619416105,6.869718048797273,22.46499627930599,adjacent_mapped_fixation_centroid_angle,-0.9776674937965262,-2.1166253101736974,6.349899191864664,1.6666321982553551
P5,3,7,DEVICE3-3,N,1615115,1753825,138710.0,,,,,,P5,P5,Intermediate,False,CON,3,DEVICE3-3,1615115,1753825,138710,0,7,P5_T7_DEVICE3-3_67,1,Some prior experience,Any previous experience,Recording 21,SIMETRIC Recording 21.tsv,6923,124,282,2.0330185278638884,193,0.6843971631205674,7.190852570881133,5.498297582915178,2.9823456518327913,11.327176225751504,21.980444799843376,adjacent_mapped_fixation_centroid_angle,0.022332506203473823,-1.1166253101736974,4.932385422775199,1.9728097420163138
P5,3,8,DEVICE2-3,N,1768888,1897111,128223.0,,,,,,P5,P5,Intermediate,False,ATG,3,DEVICE2-3,1768888,1897111,128223,0,8,P5_T8_DEVICE2-3_68,1,Some prior experience,Any previous experience,Recording 21,SIMETRIC Recording 21.tsv,6400,54,109,0.8500814986390897,66,0.6055045871559633,12.446447513664733,10.81364008482188,5.935798020404609,11.78258929491787,53.70696113030646,adjacent_mapped_fixation_centroid_angle,0.022332506203473823,-0.11662531017369737,4.853770935571314,2.521435241925544
P5,3,9,DEVICE1-3,N,1923500,2271055,347555.0,1936409,2064508,2177711,2196579,2246229,P5,P5,Intermediate,False,MST,3,DEVICE1-3,1923500,2271055,347555,0,9,P5_T9_DEVICE1-3_69,1,Some prior experience,Any previous experience,Recording 21,SIMETRIC Recording 21.tsv,17346,150,173,0.4977629439944757,138,0.7976878612716763,7.842531421148802,6.08065258807459,3.480147272384468,11.071084750468394,26.78464642473609,adjacent_mapped_fixation_centroid_angle,0.022332506203473823,0.8833746898263026,5.850922925862232,2.059561667596672
P5,4,10,DEVICE3-4,N,2282135,2365435,83300.0,,,,,,P5,P5,Intermediate,False,CON,4,DEVICE3-4,2282135,2365435,83300,0,10,P5_T10_DEVICE3-4_70,1,Some prior experience,Any previous experience,Recording 21,SIMETRIC Recording 21.tsv,4158,22,32,0.38415366146458585,17,0.53125,3.707568788670978,3.7107353547412476,1.931412959780549,4.596500520346002,7.418452567245175,adjacent_mapped_fixation_centroid_angle,1.0223325062034738,1.8833746898263026,4.422448549172797,1.3103763487812208
P5,4,11,DEVICE1-4,Y,2396211,2773556,377345.0,2412099,2573960,2662339,2678227,2750717,P5,P5,Intermediate,False,MST,4,DEVICE1-4,2396211,2773556,377345,1,11,P5_T11_DEVICE1-4_71,1,Some prior experience,Any previous experience,Recording 21,SIMETRIC Recording 21.tsv,18833,44,44,0.1166041685990274,22,0.5,4.6198884677953975,4.553537782757683,3.673899716119148,5.038236337034688,8.152641968153905,adjacent_mapped_fixation_centroid_angle,1.0223325062034738,2.8833746898263026,5.93315988834496,1.5303705636324174
P5,4,12,DEVICE2-4,N,2787695,2882663,94968.0,,,,,,P5,P5,Intermediate,False,ATG,4,DEVICE2-4,2787695,2882663,94968,0,12,P5_T12_DEVICE2-4_72,1,Some prior experience,Any previous experience,Recording 21,SIMETRIC Recording 21.tsv,4740,14,9,0.09476876421531463,6,0.6666666666666666,1.7885280827057919,1.4545935699023709,0.4687844294476843,2.6026998973001354,4.316702812366456,adjacent_mapped_fixation_centroid_angle,1.0223325062034738,3.8833746898263026,4.553539992751233,0.5813929814140667
P5,5,13,DEVICE3-5 ,Y,2931326,2977490,46164.0,,,,,,P5,P5,Intermediate,False,CON,5,DEVICE3-5,2931326,2977490,46164,1,13,P5_T13_DEVICE3-5_73,1,Some prior experience,Any previous experience,Recording 21,SIMETRIC Recording 21.tsv,2304,6,11,0.2382809115327961,10,0.9090909090909091,2.210947904002818,1.7718555784952117,1.5694677079362578,3.3260466910852275,3.60446047097298,adjacent_mapped_fixation_centroid_angle,2.022332506203474,4.883374689826303,3.8322002735581586,0.7934213394099363
P5,5,14,DEVICE2-5 ,Y,3061250,3161056,99806.0,,,,,,P5,P5,Intermediate,False,ATG,5,DEVICE2-5,3061250,3161056,99806,1,14,P5_T14_DEVICE2-5_74,1,Some prior experience,Any previous experience,Recording 21,SIMETRIC Recording 21.tsv,4981,92,167,1.6732460974290124,140,0.8383233532934131,5.075675657329559,3.9343862144927892,2.5380055200880913,6.73326478397702,16.327423308309047,adjacent_mapped_fixation_centroid_angle,2.022332506203474,5.883374689826303,4.60322830175075,1.624459650515421
P5,5,15,DEVICE1-5 ,Y,3209580,3520393,310813.0,3225183,3321790,3425064,3454854,3498547,P5,P5,Intermediate,False,MST,5,DEVICE1-5,3209580,3520393,310813,1,15,P5_T15_DEVICE1-5_75,1,Some prior experience,Any previous experience,Recording 21,SIMETRIC Recording 21.tsv,15512,89,124,0.3989537117173349,88,0.7096774193548387,4.9678252565193874,4.280011333839346,2.4873044832793356,7.643730232034104,16.350021534602956,adjacent_mapped_fixation_centroid_angle,2.022332506203474,6.883374689826303,5.739191445160572,1.6029821702040679
P6,1,1,DEVICE3-1,Y,93207,264782,171575.0,,,,,,P6,P6,Intermediate,False,CON,1,DEVICE3-1,93207,264782,171575,1,1,P6_T1_DEVICE3-1_76,1,Some prior experience,Any previous experience,Recording 22,SIMETRIC Recording 22.tsv,8564,38,53,0.30890281218126187,23,0.4339622641509434,5.467667534860748,4.809041664581973,3.053016899257615,6.233801820087934,14.87721222087784,adjacent_mapped_fixation_centroid_angle,-1.9776674937965262,-7.116625310173697,5.145020488794699,1.6988521150491704
P6,1,2,DEVICE2-1,N,324683,860597,535914.0,,,,,,P6,P6,Intermediate,False,ATG,1,DEVICE2-1,324683,860597,535914,0,2,P6_T2_DEVICE2-1_77,1,Some prior experience,Any previous experience,Recording 22,SIMETRIC Recording 22.tsv,26748,102,155,0.2892255100631818,67,0.432258064516129,5.400740589694068,4.117319274242628,2.3620350660989455,7.826410580680227,17.988325089595467,adjacent_mapped_fixation_centroid_angle,-1.9776674937965262,-6.116625310173697,6.283973700436489,1.686536090406185
P6,1,3,DEVICE1-1,Y,27128,333862,306734.0,120316,175298,200494,222331,254442,P6,P6,Intermediate,False,MST,1,DEVICE1-1,27128,333862,306734,1,3,P6_T3_DEVICE1-1_78,2,Some prior experience,Any previous experience,Recording 23,SIMETRIC Recording 23.tsv,15309,19,28,0.09128430496782229,14,0.5,6.5223480842820845,6.6120339578911995,3.145217662451408,8.903073975258065,14.213231703444174,adjacent_mapped_fixation_centroid_angle,-1.9776674937965262,-5.116625310173697,5.725980922491453,1.8752344467313788
P6,2,4,DEVICE1-2,Y,353147,789826,436679.0,392846/580139,475550/630671/681405,559366/706369,736970,561097/761129,P6,P6,Intermediate,False,MST,2,DEVICE1-2,353147,789826,436679,1,4,P6_T4_DEVICE1-2_79,2,Some prior experience,Any previous experience,Recording 23,SIMETRIC Recording 23.tsv,21795,76,122,0.27938142205143823,60,0.4918032786885246,4.884408761802701,3.8768481094595963,2.569464799785043,5.299420431701982,21.136169296922045,adjacent_mapped_fixation_centroid_angle,-0.9776674937965262,-4.116625310173697,6.079198371403034,1.5860482468091026
P6,2,5,DEVICE3-2,Y,810416,884898,74482.0,,,,,,P6,P6,Intermediate,False,CON,2,DEVICE3-2,810416,884898,74482,1,5,P6_T5_DEVICE3-2_80,2,Some prior experience,Any previous experience,Recording 23,SIMETRIC Recording 23.tsv,3718,13,18,0.24166912811149002,8,0.4444444444444444,6.181343515801597,5.934829327007168,4.494550868877654,7.484434285217734,12.86648284661678,adjacent_mapped_fixation_centroid_angle,-0.9776674937965262,-3.1166253101736974,4.310557485454682,1.8215356452211127
P6,2,6,DEVICE2-2,Y,894871,1168696,273825.0,,,,,,P6,P6,Intermediate,False,ATG,2,DEVICE2-2,894871,1168696,273825,1,6,P6_T6_DEVICE2-2_81,2,Some prior experience,Any previous experience,Recording 23,SIMETRIC Recording 23.tsv,13666,60,89,0.32502510727654527,42,0.47191011235955055,5.695335905651735,3.4745425403345944,2.562128690061702,8.597873832576232,17.075337535090107,adjacent_mapped_fixation_centroid_angle,-0.9776674937965262,-2.1166253101736974,5.61248921620981,1.7396475777149203
P6,3,7,DEVICE3-3,Y,1185576,1268913,83337.0,,,,,,P6,P6,Intermediate,False,CON,3,DEVICE3-3,1185576,1268913,83337,1,7,P6_T7_DEVICE3-3_82,2,Some prior experience,Any previous experience,Recording 23,SIMETRIC Recording 23.tsv,4160,8,13,0.1559931363020027,2,0.15384615384615385,10.591729524565869,10.591729524565869,7.195109986047427,13.98834906308431,17.38496860160275,adjacent_mapped_fixation_centroid_angle,0.022332506203473823,-1.1166253101736974,4.422892628226165,2.360073463045899
P6,3,8,DEVICE2-3,Y,1272560,1438779,166219.0,,,,,,P6,P6,Intermediate,False,ATG,3,DEVICE2-3,1272560,1438779,166219,1,8,P6_T8_DEVICE2-3_83,2,Some prior experience,Any previous experience,Recording 23,SIMETRIC Recording 23.tsv,8296,21,33,0.1985332603372659,10,0.30303030303030304,7.563973717013378,3.45336978635798,2.648619321099275,13.781381286578222,16.915317580080757,adjacent_mapped_fixation_centroid_angle,0.022332506203473823,-0.11662531017369737,5.113306195983573,2.0233966760431326
P6,3,9,DEVICE1-3,Y,1444650,1823580,378930.0,1459354/1642444,1524593/1676116/1720310,1540727/1752578,1560369/1763101,1601056/1696459/1793967,P6,P6,Intermediate,False,MST,3,DEVICE1-3,1444650,1823580,378930,1,9,P6_T9_DEVICE1-3_84,2,Some prior experience,Any previous experience,Recording 23,SIMETRIC Recording 23.tsv,18912,27,44,0.11611643311429551,11,0.25,6.262635102297523,6.126090095636324,3.5768243245445244,8.958045231155943,9.965077502556232,adjacent_mapped_fixation_centroid_angle,0.022332506203473823,0.8833746898263026,5.9373514914539935,1.8346010393994459
P6,4,10,DEVICE3-4,Y,1829135,1950019,120884.0,,,,,,P6,P6,Intermediate,False,CON,4,DEVICE3-4,1829135,1950019,120884,1,10,P6_T10_DEVICE3-4_85,2,Some prior experience,Any previous experience,Recording 23,SIMETRIC Recording 23.tsv,6034,71,101,0.835511730253797,75,0.7425742574257426,3.5483284611588357,2.7826124439716025,1.6331331390430635,4.156389431071727,21.403038869923908,adjacent_mapped_fixation_centroid_angle,1.0223325062034738,1.8833746898263026,4.7948314080854315,1.2664766365882276
P6,4,11,DEVICE1-4,Y,1960221,2099686,139465.0,1981835,2030940,2042865,2058999,2084955,P6,P6,Intermediate,False,MST,4,DEVICE1-4,1960221,2099686,139465,1,11,P6_T11_DEVICE1-4_86,2,Some prior experience,Any previous experience,Recording 23,SIMETRIC Recording 23.tsv,6960,31,36,0.2581292797476069,24,0.6666666666666666,4.635233837691669,3.9546364151605906,1.764852843653944,7.863159566842779,13.713511051844382,adjacent_mapped_fixation_centroid_angle,1.0223325062034738,2.8833746898263026,4.937813673724391,1.5336866481641536
P6,4,12,DEVICE2-4,N,2104337,2380547,276210.0,,,,,,P6,P6,Intermediate,False,ATG,4,DEVICE2-4,2104337,2380547,276210,0,12,P6_T12_DEVICE2-4_87,2,Some prior experience,Any previous experience,Recording 23,SIMETRIC Recording 23.tsv,13786,112,145,0.5249628905542885,115,0.7931034482758621,4.069823900732713,3.1010766366883824,1.9671484188192503,5.106959005790562,20.274293534653836,adjacent_mapped_fixation_centroid_angle,1.0223325062034738,3.8833746898263026,5.621161445967864,1.4035997308851924
P6,5,13,DEVICE3-5 ,Y,2414643,2495696,81053.0,,,,,,P6,P6,Intermediate,False,CON,5,DEVICE3-5,2414643,2495696,81053,1,13,P6_T13_DEVICE3-5_88,2,Some prior experience,Any previous experience,Recording 23,SIMETRIC Recording 23.tsv,4045,15,23,0.28376494392557955,10,0.43478260869565216,4.045323276942522,2.2750519486538634,1.4693939640425535,6.831494975842725,9.743356080584476,adjacent_mapped_fixation_centroid_angle,2.022332506203474,4.883374689826303,4.395103261685449,1.397561467451133
P6,5,14,DEVICE1-5 ,N,2675310,3542177,866867.0,2702439/2943355/3219318,2747248/3011566/3057002/3085043/3325804,2773349/3438774,2803223/3484646,2840841/3027545/3515492,P6,P6,Intermediate,False,MST,5,DEVICE1-5,2675310,3542177,866867,0,14,P6_T14_DEVICE1-5_89,2,Some prior experience,Any previous experience,Recording 23,SIMETRIC Recording 23.tsv,43265,280,372,0.4291315738169754,265,0.7123655913978495,3.8063403588095848,3.0509418750207815,1.8070625891087486,4.911838459462164,25.629757870668577,adjacent_mapped_fixation_centroid_angle,2.022332506203474,5.883374689826303,6.764885562475683,1.3366681917830157
P6,5,15,DEVICE2-5 ,Y,3557821,3854556,296735.0,,,,,,P6,P6,Intermediate,False,ATG,5,DEVICE2-5,3557821,3854556,296735,1,15,P6_T15_DEVICE2-5_90,2,Some prior experience,Any previous experience,Recording 23,SIMETRIC Recording 23.tsv,14810,46,80,0.2696008222825079,28,0.35,6.699622953574449,5.509733149389909,3.3309203473452014,8.208157167279966,19.042179315692085,adjacent_mapped_fixation_centroid_angle,2.022332506203474,6.883374689826303,5.6928394846132155,1.902051249227487
P9,1,1,DEVICE2-1,Y,12698,121623,108925.0,,,,,,P9,P9,Expert,False,ATG,1,DEVICE2-1,12698,121623,108925,1,1,P9_T1_DEVICE2-1_106,1,Higher prior experience,Any previous experience,Recording 30,SIMETRIC Recording 30.tsv,5437,65,90,0.8262565985770025,82,0.9111111111111111,4.096698014760501,2.9909755427165265,1.6518218672331424,5.442727896873128,14.62043391625512,adjacent_mapped_fixation_centroid_angle,-1.9776674937965262,-7.116625310173697,4.690659572003506,1.4101812869783192
P9,1,2,DEVICE3-1,Y,131295,215313,84018.0,,,,,,P9,P9,Expert,False,CON,1,DEVICE3-1,131295,215313,84018,1,2,P9_T2_DEVICE3-1_107,1,Higher prior experience,Any previous experience,Recording 30,SIMETRIC Recording 30.tsv,4194,58,77,0.9164702801780571,72,0.935064935064935,3.611214442508091,2.916717603547376,1.778369079240679,4.120916293597095,12.926158784581627,adjacent_mapped_fixation_centroid_angle,-1.9776674937965262,-6.116625310173697,4.431031061601695,1.2840441264384699
P9,1,3,DEVICE1-1,Y,229571,395200,165629.0,266640,291397,302509,320574,372527,P9,P9,Expert,False,MST,1,DEVICE1-1,229571,395200,165629,1,3,P9_T3_DEVICE1-1_108,1,Higher prior experience,Any previous experience,Recording 30,SIMETRIC Recording 30.tsv,8267,59,79,0.4769696128093511,72,0.9113924050632911,3.864620245382104,3.0763551219763436,1.7233406071860924,5.101993964317709,12.853532646886372,adjacent_mapped_fixation_centroid_angle,-1.9776674937965262,-5.116625310173697,5.109750347392254,1.3518634224597046
P9,2,4,DEVICE1-2,Y,427144,537042,109898.0,440675,466142,476669,495345,509607,P9,P9,Expert,False,MST,2,DEVICE1-2,427144,537042,109898,1,4,P9_T4_DEVICE1-2_109,1,Higher prior experience,Any previous experience,Recording 30,SIMETRIC Recording 30.tsv,5485,89,132,1.2011137600320299,124,0.9393939393939394,4.844838411816903,4.2634633423433606,2.2370653378702547,6.668996429954216,18.313972245868637,adjacent_mapped_fixation_centroid_angle,-0.9776674937965262,-4.116625310173697,4.699552662881836,1.5779138932523757
P9,2,5,DEVICE2-2,Y,556329,649422,93093.0,,,,,,P9,P9,Expert,False,ATG,2,DEVICE2-2,556329,649422,93093,1,5,P9_T5_DEVICE2-2_110,1,Higher prior experience,Any previous experience,Recording 30,SIMETRIC Recording 30.tsv,4647,78,124,1.332001332001332,112,0.9032258064516129,4.550639914423932,3.8283957736613745,2.2806647289304736,6.449379324894844,14.504214737077769,adjacent_mapped_fixation_centroid_angle,-0.9776674937965262,-3.1166253101736974,4.53359899348634,1.5152678636066388
P9,2,6,DEVICE3-2,Y,685785,764907,79122.0,,,,,,P9,P9,Expert,False,CON,2,DEVICE3-2,685785,764907,79122,1,6,P9_T6_DEVICE3-2_111,1,Higher prior experience,Any previous experience,Recording 30,SIMETRIC Recording 30.tsv,3949,71,140,1.7694193776699274,126,0.9,4.5576128850602995,4.344315809084099,2.608876949689732,5.348133090664539,13.951066501739156,adjacent_mapped_fixation_centroid_angle,-0.9776674937965262,-2.1166253101736974,4.370990965053617,1.516798996339149
P9,3,7,DEVICE3-3,Y,778330,839221,60891.0,,,,,,P9,P9,Expert,False,CON,3,DEVICE3-3,778330,839221,60891,1,7,P9_T7_DEVICE3-3_112,1,Higher prior experience,Any previous experience,Recording 30,SIMETRIC Recording 30.tsv,3040,74,140,2.299190356538733,115,0.8214285714285714,4.347270471439269,3.7426436894360036,1.932999654767562,5.842145006937043,12.674836255639605,adjacent_mapped_fixation_centroid_angle,0.022332506203473823,-1.1166253101736974,4.109085380543599,1.4695481703239353
P9,3,8,DEVICE2-3,Y,856301,912050,55749.0,,,,,,P9,P9,Expert,False,ATG,3,DEVICE2-3,856301,912050,55749,1,8,P9_T8_DEVICE2-3_113,1,Higher prior experience,Any previous experience,Recording 30,SIMETRIC Recording 30.tsv,2782,66,107,1.91931693842042,95,0.8878504672897196,4.944510889195211,3.996285411834319,1.8279259698540387,5.765188468562166,15.48715697749609,adjacent_mapped_fixation_centroid_angle,0.022332506203473823,-0.11662531017369737,4.020859472959623,1.5982780500098825
P9,3,9,DEVICE1-3,Y,932678,1110952,178274.0,943884,966296,977841,991424,1079033,P9,P9,Expert,False,MST,3,DEVICE1-3,932678,1110952,178274,1,9,P9_T9_DEVICE1-3_114,1,Higher prior experience,Any previous experience,Recording 30,SIMETRIC Recording 30.tsv,8897,68,134,0.7516519514904024,98,0.7313432835820896,8.031055978429537,8.596588311132997,3.413741917030915,11.520505495242773,26.06513140258676,adjacent_mapped_fixation_centroid_angle,0.022332506203473823,0.8833746898263026,5.183321692587178,2.0833160234758363
P9,4,10,DEVICE3-4,Y,1151905,1213945,62040.0,,,,,,P9,P9,Expert,False,CON,4,DEVICE3-4,1151905,1213945,62040,1,10,P9_T10_DEVICE3-4_115,1,Higher prior experience,Any previous experience,Recording 30,SIMETRIC Recording 30.tsv,3097,18,24,0.3868471953578337,21,0.875,3.1746405993762243,3.822962353970885,1.279947039688256,4.650544256178033,6.47667476564355,adjacent_mapped_fixation_centroid_angle,1.0223325062034738,1.8833746898263026,4.127779338308338,1.1551944288905271
P9,4,11,DEVICE1-4,Y,1244043,1344216,100173.0,1258305,1271548,1283433,1289885,1320446,P9,P9,Expert,False,MST,4,DEVICE1-4,1244043,1344216,100173,1,11,P9_T11_DEVICE1-4_116,1,Higher prior experience,Any previous experience,Recording 30,SIMETRIC Recording 30.tsv,5000,56,82,0.8185838499396044,74,0.9024390243902439,3.567177247137694,2.948838508732206,1.911354877210821,4.8867821886499465,10.963379745731409,adjacent_mapped_fixation_centroid_angle,1.0223325062034738,2.8833746898263026,4.606898691261761,1.2717745959573719
P9,4,12,DEVICE2-4,Y,1359879,1412110,52231.0,,,,,,P9,P9,Expert,False,ATG,4,DEVICE2-4,1359879,1412110,52231,1,12,P9_T12_DEVICE2-4_117,1,Higher prior experience,Any previous experience,Recording 30,SIMETRIC Recording 30.tsv,2607,63,88,1.6848231892937144,81,0.9204545454545454,3.216357233805279,3.1212406338122927,1.9781682645036285,3.999168754778743,15.138729243573842,adjacent_mapped_fixation_centroid_angle,1.0223325062034738,3.8833746898263026,3.9556761883495493,1.1682494253111084
P9,5,13,DEVICE3-5 ,Y,1434964,1520047,85083.0,,,,,,P9,P9,Expert,False,CON,5,DEVICE3-5,1434964,1520047,85083,1,13,P9_T13_DEVICE3-5_118,1,Higher prior experience,Any previous experience,Recording 30,SIMETRIC Recording 30.tsv,4246,59,89,1.0460373987753135,77,0.8651685393258427,4.31060990673127,3.2917605469450244,1.6123099846191897,5.677041126575988,21.135162835859422,adjacent_mapped_fixation_centroid_angle,2.022332506203474,4.883374689826303,4.443627250641273,1.4610794037865351
P9,5,14,DEVICE1-5 ,Y,1614053,1766180,152127.0,1643256,1661253,1684344,1702341,1729167,P9,P9,Expert,False,MST,5,DEVICE1-5,1614053,1766180,152127,1,14,P9_T14_DEVICE1-5_119,1,Higher prior experience,Any previous experience,Recording 30,SIMETRIC Recording 30.tsv,7593,33,63,0.4141276696444418,39,0.6190476190476191,3.8353944878482955,3.532115355837459,2.3198092119159863,4.534209288618865,8.711529197830112,adjacent_mapped_fixation_centroid_angle,2.022332506203474,5.883374689826303,5.02471569830426,1.344272294678453
P9,5,15,DEVICE2-5 ,Y,1828399,1907952,79553.0,,,,,,P9,P9,Expert,False,ATG,5,DEVICE2-5,1828399,1907952,79553,1,15,P9_T15_DEVICE2-5_120,1,Higher prior experience,Any previous experience,Recording 30,SIMETRIC Recording 30.tsv,3970,13,12,0.1508428343368572,7,0.5833333333333334,2.2629349745832825,1.9272226832825374,1.5244934909226875,2.8772331889422524,4.004041536582368,adjacent_mapped_fixation_centroid_angle,2.022332506203474,6.883374689826303,4.3764234662034465,0.8166626320729818
